Train_No,Start_Time,End_Time,Total_Distance,Journey_Duration_Hours,Route_Category
107,1900-01-01 00:00:00,1900-01-01 00:00:00,78,0.0,Short
108,1900-01-01 00:00:00,1900-01-01 00:00:00,83,0.0,Short
128,1900-01-01 19:40:00,1900-01-01 17:45:00,978,22.083333333333332,Long
290,1900-01-01 18:30:00,1900-01-01 02:30:00,2694,8.0,Long
401,1900-01-01 21:30:00,1900-01-01 10:00:00,1618,12.5,Long
421,1900-01-01 23:00:00,1900-01-01 08:00:00,1276,9.0,Long
422,1900-01-01 11:45:00,1900-01-01 14:30:00,1277,2.75,Long
477,1900-01-01 12:10:00,1900-01-01 15:20:00,2616,3.1666666666666665,Long
502,1900-01-01 10:30:00,1900-01-01 09:30:00,1206,23.0,Long
504,1900-01-01 09:00:00,1900-01-01 10:00:00,1313,1.0,Long
506,1900-01-01 14:15:00,1900-01-01 15:45:00,1161,1.5,Long
557,1900-01-01 23:30:00,1900-01-01 11:00:00,1301,11.5,Long
604,1900-01-01 12:30:00,1900-01-01 16:00:00,1429,3.5,Long
1011,1900-01-01 00:20:00,1900-01-01 14:20:00,841,14.0,Long
1037,1900-01-01 01:10:00,1900-01-01 10:30:00,513,9.333333333333334,Medium
1038,1900-01-01 14:05:00,1900-01-01 00:20:00,503,10.25,Medium
1045,1900-01-01 01:10:00,1900-01-01 11:00:00,563,9.833333333333334,Medium
1119,1900-01-01 19:50:00,1900-01-01 20:30:00,1329,0.6666666666666666,Long
1120,1900-01-01 21:30:00,1900-01-01 22:00:00,1319,0.5,Long
1122,1900-01-01 22:30:00,1900-01-01 10:30:00,569,12.0,Medium
1196,1900-01-01 19:50:00,1900-01-01 21:30:00,1332,1.6666666666666667,Long
1301,1900-01-01 18:50:00,1900-01-01 12:30:00,976,17.666666666666668,Long
1302,1900-01-01 15:45:00,1900-01-01 13:10:00,973,21.416666666666668,Long
1442,1900-01-01 11:15:00,1900-01-01 02:15:00,1581,15.0,Long
1655,1900-01-01 10:45:00,1900-01-01 06:15:00,1050,19.5,Long
1656,1900-01-01 19:30:00,1900-01-01 14:05:00,1050,18.583333333333332,Long
1705,1900-01-01 00:15:00,1900-01-01 21:40:00,1261,21.416666666666668,Long
1706,1900-01-01 14:20:00,1900-01-01 11:15:00,1262,20.916666666666668,Long
1707,1900-01-01 09:15:00,1900-01-01 11:45:00,1360,2.5,Long
1708,1900-01-01 14:45:00,1900-01-01 17:20:00,1362,2.5833333333333335,Long
2025,1900-01-01 05:00:00,1900-01-01 13:20:00,579,8.333333333333334,Medium
2026,1900-01-01 14:30:00,1900-01-01 23:00:00,569,8.5,Medium
2191,1900-01-01 20:10:00,1900-01-01 16:00:00,1123,19.833333333333332,Long
2192,1900-01-01 20:40:00,1900-01-01 15:50:00,1123,19.166666666666668,Long
2195,1900-01-01 13:20:00,1900-01-01 23:00:00,551,9.666666666666666,Medium
2196,1900-01-01 23:45:00,1900-01-01 09:45:00,549,10.0,Medium
2515,1900-01-01 00:05:00,1900-01-01 05:00:00,3939,4.916666666666667,Long
2651,1900-01-01 07:45:00,1900-01-01 09:10:00,62,1.4166666666666667,Short
2652,1900-01-01 16:45:00,1900-01-01 18:10:00,62,1.4166666666666667,Short
2731,1900-01-01 16:25:00,1900-01-01 06:25:00,1854,14.0,Long
2732,1900-01-01 14:35:00,1900-01-01 02:00:00,1853,11.416666666666666,Long
2821,1900-01-01 10:30:00,1900-01-01 18:15:00,2066,7.75,Long
2822,1900-01-01 18:30:00,1900-01-01 02:45:00,2073,8.25,Long
2833,1900-01-01 22:20:00,1900-01-01 16:35:00,2332,18.25,Long
2834,1900-01-01 21:05:00,1900-01-01 13:45:00,2351,16.666666666666668,Long
2841,1900-01-01 12:40:00,1900-01-01 15:20:00,1656,2.6666666666666665,Long
2842,1900-01-01 18:20:00,1900-01-01 23:30:00,1656,5.166666666666667,Long
2845,1900-01-01 10:45:00,1900-01-01 18:20:00,1770,7.583333333333333,Long
2846,1900-01-01 21:00:00,1900-01-01 02:45:00,1791,5.75,Long
3101,1900-01-01 23:55:00,1900-01-01 11:50:00,523,11.916666666666666,Medium
3102,1900-01-01 22:45:00,1900-01-01 10:25:00,522,11.666666666666666,Medium
3301,1900-01-01 10:10:00,1900-01-01 11:35:00,58,1.4166666666666667,Short
3302,1900-01-01 11:45:00,1900-01-01 13:10:00,58,1.4166666666666667,Short
3305,1900-01-01 11:30:00,1900-01-01 11:50:00,3,0.3333333333333333,Short
3306,1900-01-01 12:05:00,1900-01-01 12:25:00,3,0.3333333333333333,Short
3307,1900-01-01 14:40:00,1900-01-01 15:15:00,4,0.5833333333333334,Short
3308,1900-01-01 13:15:00,1900-01-01 13:45:00,4,0.5,Short
3501,1900-01-01 18:30:00,1900-01-01 14:10:00,1193,19.666666666666668,Long
3502,1900-01-01 19:50:00,1900-01-01 17:30:00,1193,21.666666666666668,Long
4401,1900-01-01 22:20:00,1900-01-01 13:00:00,710,14.666666666666666,Medium
4402,1900-01-01 23:50:00,1900-01-01 14:05:00,710,14.25,Medium
4409,1900-01-01 21:10:00,1900-01-01 11:30:00,653,14.333333333333334,Medium
4410,1900-01-01 13:30:00,1900-01-01 03:15:00,653,13.75,Medium
4419,1900-01-01 10:40:00,1900-01-01 16:55:00,1916,6.25,Long
4420,1900-01-01 15:35:00,1900-01-01 19:40:00,1924,4.083333333333333,Long
4735,1900-01-01 19:45:00,1900-01-01 10:25:00,691,14.666666666666666,Medium
4736,1900-01-01 19:50:00,1900-01-01 09:25:00,691,13.583333333333334,Medium
4767,1900-01-01 14:25:00,1900-01-01 16:05:00,67,1.6666666666666667,Short
4768,1900-01-01 11:10:00,1900-01-01 13:00:00,67,1.8333333333333333,Short
4769,1900-01-01 17:45:00,1900-01-01 19:30:00,67,1.75,Short
4770,1900-01-01 15:30:00,1900-01-01 17:05:00,67,1.5833333333333333,Short
4771,1900-01-01 02:35:00,1900-01-01 08:45:00,232,6.166666666666667,Short
4772,1900-01-01 18:45:00,1900-01-01 01:00:00,232,6.25,Short
4773,1900-01-01 19:35:00,1900-01-01 22:40:00,125,3.0833333333333335,Short
4774,1900-01-01 01:20:00,1900-01-01 03:55:00,125,2.5833333333333335,Short
4801,1900-01-01 06:30:00,1900-01-01 07:30:00,21,1.0,Short
4802,1900-01-01 19:20:00,1900-01-01 20:20:00,21,1.0,Short
4831,1900-01-01 00:00:00,1900-01-01 00:00:00,882,0.0,Long
4832,1900-01-01 16:45:00,1900-01-01 11:45:00,881,19.0,Long
4851,1900-01-01 06:50:00,1900-01-01 11:30:00,197,4.666666666666667,Short
4852,1900-01-01 16:55:00,1900-01-01 22:00:00,197,5.083333333333333,Short
4853,1900-01-01 11:55:00,1900-01-01 13:10:00,42,1.25,Short
4854,1900-01-01 15:45:00,1900-01-01 16:45:00,42,1.0,Short
4921,1900-01-01 04:45:00,1900-01-01 06:30:00,81,1.75,Short
4922,1900-01-01 20:45:00,1900-01-01 22:40:00,81,1.9166666666666667,Short
4991,1900-01-01 14:40:00,1900-01-01 17:10:00,99,2.5,Short
4992,1900-01-01 09:50:00,1900-01-01 12:10:00,99,2.3333333333333335,Short
5061,1900-01-01 06:45:00,1900-01-01 09:50:00,112,3.0833333333333335,Short
5062,1900-01-01 17:20:00,1900-01-01 20:05:00,112,2.75,Short
5065,1900-01-01 19:30:00,1900-01-01 08:15:00,503,12.75,Medium
5066,1900-01-01 20:25:00,1900-01-01 08:25:00,505,12.0,Medium
5105,1900-01-01 11:45:00,1900-01-01 13:35:00,64,1.8333333333333333,Short
5106,1900-01-01 14:10:00,1900-01-01 15:40:00,64,1.5,Short
5305,1900-01-01 14:55:00,1900-01-01 18:25:00,136,3.5,Short
5306,1900-01-01 11:35:00,1900-01-01 14:30:00,136,2.9166666666666665,Short
5309,1900-01-01 20:55:00,1900-01-01 22:45:00,81,1.8333333333333333,Short
5310,1900-01-01 17:30:00,1900-01-01 19:25:00,81,1.9166666666666667,Short
5521,1900-01-01 20:40:00,1900-01-01 00:25:00,81,3.75,Short
5522,1900-01-01 05:10:00,1900-01-01 08:00:00,81,2.8333333333333335,Short
5613,1900-01-01 06:00:00,1900-01-01 08:05:00,85,2.0833333333333335,Short
5614,1900-01-01 19:10:00,1900-01-01 21:25:00,85,2.25,Short
5619,1900-01-01 13:20:00,1900-01-01 17:30:00,153,4.166666666666667,Short
5620,1900-01-01 08:45:00,1900-01-01 12:50:00,153,4.083333333333333,Short
5631,1900-01-01 17:30:00,1900-01-01 05:55:00,380,12.416666666666666,Medium
5632,1900-01-01 19:20:00,1900-01-01 07:45:00,379,12.416666666666666,Medium
5715,1900-01-01 00:00:00,1900-01-01 00:00:00,87,0.0,Short
5716,1900-01-01 00:00:00,1900-01-01 00:00:00,87,0.0,Short
5719,1900-01-01 00:00:00,1900-01-01 00:00:00,204,0.0,Short
5720,1900-01-01 00:00:00,1900-01-01 00:00:00,205,0.0,Short
5863,1900-01-01 18:20:00,1900-01-01 21:25:00,89,3.0833333333333335,Short
5864,1900-01-01 05:00:00,1900-01-01 07:45:00,88,2.75,Short
5865,1900-01-01 08:15:00,1900-01-01 20:20:00,426,12.083333333333334,Medium
5866,1900-01-01 06:00:00,1900-01-01 17:45:00,425,11.75,Medium
6001,1900-01-01 21:50:00,1900-01-01 10:30:00,649,12.666666666666666,Medium
6002,1900-01-01 15:00:00,1900-01-01 03:30:00,649,12.5,Medium
6006,1900-01-01 19:25:00,1900-01-01 10:30:00,699,15.083333333333334,Medium
6009,1900-01-01 14:10:00,1900-01-01 20:15:00,1844,6.083333333333333,Long
6010,1900-01-01 19:15:00,1900-01-01 04:30:00,1843,9.25,Long
6041,1900-01-01 18:20:00,1900-01-01 11:00:00,849,16.666666666666668,Long
6042,1900-01-01 16:15:00,1900-01-01 08:30:00,851,16.25,Long
6043,1900-01-01 22:30:00,1900-01-01 14:30:00,849,16.0,Long
6044,1900-01-01 15:15:00,1900-01-01 07:20:00,852,16.083333333333332,Long
6046,1900-01-01 14:45:00,1900-01-01 08:45:00,852,18.0,Long
6047,1900-01-01 18:20:00,1900-01-01 10:30:00,849,16.166666666666668,Long
6048,1900-01-01 13:30:00,1900-01-01 06:30:00,852,17.0,Long
6049,1900-01-01 14:45:00,1900-01-01 05:50:00,855,15.083333333333334,Long
6050,1900-01-01 13:00:00,1900-01-01 05:30:00,857,16.5,Long
6053,1900-01-01 18:35:00,1900-01-01 05:10:00,626,10.583333333333334,Medium
6054,1900-01-01 15:40:00,1900-01-01 05:00:00,627,13.333333333333334,Medium
6057,1900-01-01 23:50:00,1900-01-01 05:30:00,1656,5.666666666666668,Long
6058,1900-01-01 15:15:00,1900-01-01 19:00:00,1655,3.75,Long
6065,1900-01-01 17:20:00,1900-01-01 06:45:00,500,13.416666666666666,Medium
6066,1900-01-01 15:55:00,1900-01-01 02:30:00,501,10.583333333333334,Medium
6067,1900-01-01 19:45:00,1900-01-01 05:40:00,522,9.916666666666666,Medium
6068,1900-01-01 17:30:00,1900-01-01 05:25:00,522,11.916666666666666,Medium
6081,1900-01-01 00:00:00,1900-01-01 00:00:00,45,0.0,Short
6082,1900-01-01 00:00:00,1900-01-01 00:00:00,45,0.0,Short
6412,1900-01-01 00:00:00,1900-01-01 00:00:00,2462,0.0,Long
6512,1900-01-01 00:00:00,1900-01-01 00:00:00,77,0.0,Short
6513,1900-01-01 00:00:00,1900-01-01 00:00:00,17,0.0,Short
6541,1900-01-01 18:00:00,1900-01-01 11:35:00,881,17.583333333333332,Long
6542,1900-01-01 13:35:00,1900-01-01 06:20:00,878,16.75,Long
6547,1900-01-01 00:00:00,1900-01-01 00:00:00,632,0.0,Medium
6548,1900-01-01 14:45:00,1900-01-01 04:30:00,634,13.75,Medium
6579,1900-01-01 18:35:00,1900-01-01 14:35:00,1089,20.0,Long
6580,1900-01-01 13:45:00,1900-01-01 09:05:00,1086,19.333333333333332,Long
6581,1900-01-01 20:15:00,1900-01-01 09:31:00,607,13.266666666666667,Medium
6582,1900-01-01 19:10:00,1900-01-01 08:26:00,604,13.266666666666667,Medium
6591,1900-01-01 00:00:00,1900-01-01 00:00:00,62,0.0,Short
6592,1900-01-01 00:00:00,1900-01-01 00:00:00,61,0.0,Short
6593,1900-01-01 00:00:00,1900-01-01 00:00:00,10,0.0,Short
6594,1900-01-01 00:00:00,1900-01-01 00:00:00,10,0.0,Short
6595,1900-01-01 00:00:00,1900-01-01 00:00:00,33,0.0,Short
6596,1900-01-01 00:00:00,1900-01-01 00:00:00,33,0.0,Short
6647,1900-01-01 05:30:00,1900-01-01 07:40:00,89,2.1666666666666665,Short
6648,1900-01-01 16:00:00,1900-01-01 18:30:00,89,2.5,Short
6769,1900-01-01 04:50:00,1900-01-01 07:30:00,116,2.6666666666666665,Short
6770,1900-01-01 19:25:00,1900-01-01 22:30:00,116,3.0833333333333335,Short
6851,1900-01-01 00:00:00,1900-01-01 00:00:00,10,0.0,Short
6852,1900-01-01 00:00:00,1900-01-01 00:00:00,10,0.0,Short
6853,1900-01-01 00:00:00,1900-01-01 00:00:00,10,0.0,Short
6854,1900-01-01 00:00:00,1900-01-01 00:00:00,10,0.0,Short
6919,1900-01-01 06:25:00,1900-01-01 13:21:00,247,6.933333333333334,Short
6920,1900-01-01 13:30:00,1900-01-01 20:21:00,248,6.85,Short
7005,1900-01-01 21:30:00,1900-01-01 17:30:00,2276,20.0,Long
7006,1900-01-01 01:30:00,1900-01-01 23:15:00,2297,21.75,Long
7007,1900-01-01 22:00:00,1900-01-01 13:45:00,2023,15.75,Long
7008,1900-01-01 05:00:00,1900-01-01 22:10:00,2033,17.166666666666668,Long
7016,1900-01-01 18:45:00,1900-01-01 07:50:00,670,13.083333333333334,Medium
7044,1900-01-01 16:45:00,1900-01-01 07:50:00,735,15.083333333333334,Medium
7061,1900-01-01 09:00:00,1900-01-01 13:30:00,217,4.5,Short
7062,1900-01-01 00:00:00,1900-01-01 00:00:00,437,0.0,Medium
7075,1900-01-01 19:20:00,1900-01-01 05:30:00,554,10.166666666666666,Medium
7076,1900-01-01 18:10:00,1900-01-01 06:00:00,553,11.833333333333334,Medium
7109,1900-01-01 15:55:00,1900-01-01 23:10:00,1589,7.25,Long
7110,1900-01-01 02:15:00,1900-01-01 10:30:00,1593,8.25,Long
7113,1900-01-01 16:00:00,1900-01-01 23:10:00,1543,7.166666666666667,Long
7133,1900-01-01 15:30:00,1900-01-01 23:10:00,1508,7.666666666666667,Long
7134,1900-01-01 02:15:00,1900-01-01 10:30:00,1511,8.25,Long
7141,1900-01-01 16:15:00,1900-01-01 23:10:00,1560,6.916666666666667,Long
7142,1900-01-01 02:15:00,1900-01-01 08:30:00,1563,6.25,Long
7146,1900-01-01 17:00:00,1900-01-01 06:30:00,763,13.5,Medium
7149,1900-01-01 07:30:00,1900-01-01 08:45:00,2563,1.25,Long
7211,1900-01-01 23:50:00,1900-01-01 06:30:00,1433,6.666666666666668,Long
7212,1900-01-01 09:30:00,1900-01-01 13:30:00,1436,4.0,Long
7213,1900-01-01 04:00:00,1900-01-01 06:30:00,1221,2.5,Long
7214,1900-01-01 09:30:00,1900-01-01 09:35:00,1226,0.08333333333333333,Long
7217,1900-01-01 23:50:00,1900-01-01 06:30:00,1360,6.666666666666668,Long
7218,1900-01-01 09:30:00,1900-01-01 13:45:00,1363,4.25,Long
7410,1900-01-01 09:15:00,1900-01-01 09:30:00,1147,0.25,Long
7417,1900-01-01 07:30:00,1900-01-01 11:55:00,1330,4.416666666666667,Long
7418,1900-01-01 22:00:00,1900-01-01 04:00:00,1331,6.0,Long
7425,1900-01-01 18:45:00,1900-01-01 06:00:00,537,11.25,Medium
7426,1900-01-01 17:50:00,1900-01-01 05:10:00,537,11.333333333333334,Medium
7429,1900-01-01 18:30:00,1900-01-01 07:00:00,742,12.5,Medium
7430,1900-01-01 14:15:00,1900-01-01 04:00:00,744,13.75,Medium
7431,1900-01-01 20:10:00,1900-01-01 07:10:00,597,11.0,Medium
7432,1900-01-01 17:00:00,1900-01-01 04:00:00,597,11.0,Medium
7435,1900-01-01 18:00:00,1900-01-01 06:00:00,555,12.0,Medium
7436,1900-01-01 19:15:00,1900-01-01 07:20:00,554,12.083333333333334,Medium
7438,1900-01-01 13:00:00,1900-01-01 19:45:00,1533,6.75,Long
7439,1900-01-01 22:50:00,1900-01-01 05:00:00,1533,6.166666666666668,Long
7487,1900-01-01 22:30:00,1900-01-01 10:45:00,735,12.25,Medium
7505,1900-01-01 11:00:00,1900-01-01 03:45:00,1973,16.75,Long
7509,1900-01-01 13:25:00,1900-01-01 03:45:00,1886,14.333333333333334,Long
7517,1900-01-01 22:30:00,1900-01-01 07:45:00,350,9.25,Medium
7525,1900-01-01 12:00:00,1900-01-01 21:15:00,322,9.25,Medium
7526,1900-01-01 05:00:00,1900-01-01 15:00:00,322,10.0,Medium
7603,1900-01-01 18:00:00,1900-01-01 06:00:00,624,12.0,Medium
7604,1900-01-01 15:25:00,1900-01-01 06:55:00,624,15.5,Medium
7607,1900-01-01 18:45:00,1900-01-01 14:00:00,1014,19.25,Long
7608,1900-01-01 15:45:00,1900-01-01 11:30:00,1016,19.75,Long
7613,1900-01-01 12:10:00,1900-01-01 23:10:00,1636,11.0,Long
7614,1900-01-01 02:15:00,1900-01-01 13:15:00,1641,11.0,Long
7644,1900-01-01 20:10:00,1900-01-01 07:45:00,597,11.583333333333334,Medium
7645,1900-01-01 23:00:00,1900-01-01 08:15:00,587,9.25,Medium
7757,1900-01-01 05:30:00,1900-01-01 10:45:00,314,5.25,Medium
7758,1900-01-01 17:30:00,1900-01-01 22:50:00,314,5.333333333333333,Medium
7941,1900-01-01 19:00:00,1900-01-01 06:00:00,587,11.0,Medium
7942,1900-01-01 19:00:00,1900-01-01 05:30:00,597,10.5,Medium
8001,1900-01-01 10:10:00,1900-01-01 10:45:00,39,0.5833333333333334,Short
8002,1900-01-01 18:25:00,1900-01-01 19:10:00,39,0.75,Short
8014,1900-01-01 08:25:00,1900-01-01 09:05:00,12,0.6666666666666666,Short
8017,1900-01-01 05:10:00,1900-01-01 06:00:00,39,0.8333333333333334,Short
8018,1900-01-01 21:40:00,1900-01-01 22:35:00,39,0.9166666666666666,Short
8035,1900-01-01 12:15:00,1900-01-01 15:10:00,120,2.9166666666666665,Short
8036,1900-01-01 15:20:00,1900-01-01 18:20:00,120,3.0,Short
8051,1900-01-01 06:05:00,1900-01-01 06:34:00,39,0.48333333333333334,Short
8052,1900-01-01 18:35:00,1900-01-01 19:20:00,39,0.75,Short
8061,1900-01-01 20:20:00,1900-01-01 06:35:00,1847,10.25,Long
8062,1900-01-01 12:45:00,1900-01-01 23:20:00,1838,10.583333333333334,Long
8063,1900-01-01 19:00:00,1900-01-01 22:00:00,115,3.0,Short
8064,1900-01-01 00:00:00,1900-01-01 00:00:00,2039,0.0,Long
8065,1900-01-01 15:10:00,1900-01-01 17:50:00,115,2.6666666666666665,Short
8082,1900-01-01 22:20:00,1900-01-01 22:50:00,30,0.5,Short
8087,1900-01-01 06:55:00,1900-01-01 07:23:00,30,0.4666666666666667,Short
8101,1900-01-01 21:15:00,1900-01-01 22:35:00,40,1.3333333333333333,Short
8102,1900-01-01 20:00:00,1900-01-01 20:55:00,40,0.9166666666666666,Short
8301,1900-01-01 09:30:00,1900-01-01 16:40:00,1567,7.166666666666667,Long
8302,1900-01-01 00:30:00,1900-01-01 06:35:00,1567,6.083333333333333,Long
8403,1900-01-01 21:25:00,1900-01-01 06:45:00,495,9.333333333333334,Medium
8404,1900-01-01 19:10:00,1900-01-01 04:00:00,497,8.833333333333334,Medium
8501,1900-01-01 23:00:00,1900-01-01 12:00:00,700,13.0,Medium
8502,1900-01-01 16:30:00,1900-01-01 04:50:00,698,12.333333333333334,Medium
8511,1900-01-01 15:00:00,1900-01-01 03:00:00,471,12.0,Medium
8512,1900-01-01 22:15:00,1900-01-01 10:00:00,471,11.75,Medium
8567,1900-01-01 23:00:00,1900-01-01 03:45:00,1571,4.75,Long
8568,1900-01-01 05:45:00,1900-01-01 12:30:00,1578,6.75,Long
8573,1900-01-01 22:55:00,1900-01-01 13:25:00,760,14.5,Medium
8574,1900-01-01 15:30:00,1900-01-01 06:50:00,759,15.333333333333334,Medium
8581,1900-01-01 23:30:00,1900-01-01 23:50:00,11,0.3333333333333333,Short
8582,1900-01-01 04:45:00,1900-01-01 05:00:00,11,0.25,Short
8617,1900-01-01 14:05:00,1900-01-01 13:55:00,1365,23.833333333333332,Long
8618,1900-01-01 22:50:00,1900-01-01 22:30:00,1356,23.666666666666668,Long
8627,1900-01-01 12:50:00,1900-01-01 22:10:00,484,9.333333333333334,Medium
8628,1900-01-01 05:45:00,1900-01-01 15:15:00,481,9.5,Medium
8872,1900-01-01 21:30:00,1900-01-01 00:15:00,133,2.75,Short
9003,1900-01-01 16:05:00,1900-01-01 06:00:00,1355,13.916666666666666,Long
9004,1900-01-01 16:15:00,1900-01-01 06:10:00,1358,13.916666666666666,Long
9005,1900-01-01 16:00:00,1900-01-01 07:55:00,1373,15.916666666666666,Long
9006,1900-01-01 14:50:00,1900-01-01 06:55:00,1376,16.083333333333332,Long
9011,1900-01-01 11:15:00,1900-01-01 09:25:00,1209,22.166666666666668,Long
9012,1900-01-01 14:50:00,1900-01-01 12:45:00,1211,21.916666666666668,Long
9433,1900-01-01 00:25:00,1900-01-01 13:50:00,780,13.416666666666666,Medium
9434,1900-01-01 16:35:00,1900-01-01 06:15:00,780,13.666666666666666,Medium
9621,1900-01-01 06:30:00,1900-01-01 04:45:00,1281,22.25,Long
9622,1900-01-01 06:15:00,1900-01-01 03:25:00,1281,21.166666666666668,Long
9721,1900-01-01 06:15:00,1900-01-01 13:30:00,429,7.25,Medium
9722,1900-01-01 15:05:00,1900-01-01 22:05:00,429,7.0,Medium
9761,1900-01-01 04:20:00,1900-01-01 07:05:00,125,2.75,Short
9809,1900-01-01 21:10:00,1900-01-01 04:20:00,447,7.166666666666668,Medium
9810,1900-01-01 05:15:00,1900-01-01 13:15:00,450,8.0,Medium
10103,1900-01-01 07:10:00,1900-01-01 18:45:00,590,11.583333333333334,Medium
10104,1900-01-01 09:15:00,1900-01-01 21:40:00,594,12.416666666666666,Medium
10111,1900-01-01 23:05:00,1900-01-01 10:45:00,590,11.666666666666666,Medium
10112,1900-01-01 18:00:00,1900-01-01 05:50:00,594,11.833333333333334,Medium
10215,1900-01-01 21:30:00,1900-01-01 10:55:00,726,13.416666666666666,Medium
10216,1900-01-01 13:50:00,1900-01-01 03:15:00,727,13.416666666666666,Medium
11001,1900-01-01 05:00:00,1900-01-01 12:15:00,348,7.25,Medium
11002,1900-01-01 13:00:00,1900-01-01 20:25:00,348,7.416666666666667,Medium
11003,1900-01-01 00:05:00,1900-01-01 10:40:00,502,10.583333333333334,Medium
11004,1900-01-01 18:50:00,1900-01-01 06:45:00,504,11.916666666666666,Medium
11005,1900-01-01 21:30:00,1900-01-01 07:15:00,1636,9.75,Long
11006,1900-01-01 20:50:00,1900-01-01 05:40:00,1639,8.833333333333334,Long
11007,1900-01-01 07:00:00,1900-01-01 11:05:00,191,4.083333333333333,Short
11008,1900-01-01 15:15:00,1900-01-01 19:17:00,191,4.033333333333333,Short
11009,1900-01-01 14:30:00,1900-01-01 18:40:00,191,4.166666666666667,Short
11010,1900-01-01 06:05:00,1900-01-01 09:55:00,191,3.8333333333333335,Short
11011,1900-01-01 12:05:00,1900-01-01 04:45:00,723,16.666666666666668,Medium
11012,1900-01-01 06:30:00,1900-01-01 23:45:00,723,17.25,Medium
11013,1900-01-01 22:35:00,1900-01-01 07:15:00,1515,8.666666666666666,Long
11014,1900-01-01 00:00:00,1900-01-01 00:00:00,1515,0.0,Long
11015,1900-01-01 22:45:00,1900-01-01 07:05:00,1678,8.333333333333334,Long
11016,1900-01-01 19:00:00,1900-01-01 04:20:00,1677,9.333333333333334,Long
11017,1900-01-01 12:05:00,1900-01-01 18:35:00,1631,6.5,Long
11018,1900-01-01 14:00:00,1900-01-01 23:45:00,1634,9.75,Long
11019,1900-01-01 15:10:00,1900-01-01 04:15:00,1941,13.083333333333334,Long
11020,1900-01-01 15:25:00,1900-01-01 03:55:00,1941,12.5,Long
11021,1900-01-01 21:30:00,1900-01-01 11:45:00,1843,14.25,Long
11022,1900-01-01 00:00:00,1900-01-01 00:00:00,1845,0.0,Long
11023,1900-01-01 17:50:00,1900-01-01 06:05:00,517,12.25,Medium
11024,1900-01-01 22:50:00,1900-01-01 11:50:00,517,13.0,Medium
11025,1900-01-01 00:25:00,1900-01-01 12:05:00,545,11.666666666666666,Medium
11026,1900-01-01 11:45:00,1900-01-01 21:50:00,545,10.083333333333334,Medium
11027,1900-01-01 23:45:00,1900-01-01 03:30:00,1281,3.75,Long
11028,1900-01-01 23:55:00,1900-01-01 03:45:00,1283,3.833333333333332,Long
11029,1900-01-01 08:40:00,1900-01-01 20:25:00,517,11.75,Medium
11030,1900-01-01 07:55:00,1900-01-01 20:05:00,517,12.166666666666666,Medium
11031,1900-01-01 10:10:00,1900-01-01 12:20:00,108,2.1666666666666665,Short
11032,1900-01-01 14:50:00,1900-01-01 17:40:00,108,2.8333333333333335,Short
11033,1900-01-01 00:00:00,1900-01-01 00:00:00,1955,0.0,Long
11034,1900-01-01 16:45:00,1900-01-01 08:05:00,1953,15.333333333333334,Long
11035,1900-01-01 21:30:00,1900-01-01 21:40:00,1210,0.16666666666666666,Long
11036,1900-01-01 06:15:00,1900-01-01 05:40:00,1213,23.416666666666668,Long
11037,1900-01-01 16:15:00,1900-01-01 01:05:00,1777,8.833333333333334,Long
11038,1900-01-01 00:00:00,1900-01-01 00:00:00,1777,0.0,Long
11039,1900-01-01 00:00:00,1900-01-01 00:00:00,1352,0.0,Long
11040,1900-01-01 08:20:00,1900-01-01 12:45:00,1353,4.416666666666667,Long
11041,1900-01-01 14:00:00,1900-01-01 16:30:00,1281,2.5,Long
11042,1900-01-01 12:20:00,1900-01-01 13:35:00,1283,1.25,Long
11043,1900-01-01 00:15:00,1900-01-01 10:10:00,1696,9.916666666666666,Long
11044,1900-01-01 18:00:00,1900-01-01 05:45:00,1700,11.75,Long
11045,1900-01-01 00:00:00,1900-01-01 00:00:00,2894,0.0,Long
11046,1900-01-01 13:50:00,1900-01-01 03:35:00,2892,13.75,Long
11047,1900-01-01 00:10:00,1900-01-01 06:25:00,278,6.25,Short
11048,1900-01-01 23:30:00,1900-01-01 05:15:00,279,5.75,Short
11049,1900-01-01 00:00:00,1900-01-01 00:00:00,949,0.0,Long
11050,1900-01-01 12:50:00,1900-01-01 07:45:00,949,18.916666666666668,Long
11051,1900-01-01 23:35:00,1900-01-01 06:20:00,314,6.75,Medium
11052,1900-01-01 23:55:00,1900-01-01 07:30:00,314,7.583333333333332,Medium
11053,1900-01-01 00:00:00,1900-01-01 00:00:00,1552,0.0,Long
11054,1900-01-01 05:20:00,1900-01-01 12:15:00,1551,6.916666666666667,Long
11055,1900-01-01 00:00:00,1900-01-01 00:00:00,1732,0.0,Long
11056,1900-01-01 06:20:00,1900-01-01 16:15:00,1732,9.916666666666666,Long
11057,1900-01-01 23:30:00,1900-01-01 16:30:00,2026,17.0,Long
11058,1900-01-01 08:30:00,1900-01-01 04:05:00,2029,19.583333333333332,Long
11059,1900-01-01 00:00:00,1900-01-01 00:00:00,1772,0.0,Long
11060,1900-01-01 05:15:00,1900-01-01 16:15:00,1770,11.0,Long
11061,1900-01-01 12:15:00,1900-01-01 01:10:00,1885,12.916666666666666,Long
11062,1900-01-01 13:05:00,1900-01-01 03:40:00,1883,14.583333333333334,Long
11063,1900-01-01 23:00:00,1900-01-01 05:20:00,352,6.333333333333332,Medium
11064,1900-01-01 21:20:00,1900-01-01 03:45:00,352,6.416666666666668,Medium
11067,1900-01-01 00:00:00,1900-01-01 00:00:00,1510,0.0,Long
11068,1900-01-01 15:35:00,1900-01-01 21:30:00,1509,5.916666666666667,Long
11071,1900-01-01 12:40:00,1900-01-01 19:25:00,1645,6.75,Long
11072,1900-01-01 15:50:00,1900-01-01 22:50:00,1647,7.0,Long
11073,1900-01-01 13:20:00,1900-01-01 12:55:00,1265,23.583333333333332,Long
11074,1900-01-01 15:15:00,1900-01-01 16:00:00,1267,0.75,Long
11075,1900-01-01 12:05:00,1900-01-01 01:30:00,651,13.416666666666666,Medium
11076,1900-01-01 08:20:00,1900-01-01 23:55:00,651,15.583333333333334,Medium
11077,1900-01-01 17:20:00,1900-01-01 10:05:00,2155,16.75,Long
11078,1900-01-01 21:45:00,1900-01-01 15:10:00,2157,17.416666666666668,Long
11079,1900-01-01 15:50:00,1900-01-01 01:30:00,1745,9.666666666666666,Long
11080,1900-01-01 00:00:00,1900-01-01 00:00:00,1745,0.0,Long
11081,1900-01-01 00:00:00,1900-01-01 00:00:00,1731,0.0,Long
11082,1900-01-01 00:00:00,1900-01-01 00:00:00,1731,0.0,Long
11083,1900-01-01 11:30:00,1900-01-01 15:00:00,1153,3.5,Long
11084,1900-01-01 17:45:00,1900-01-01 23:15:00,1153,5.5,Long
11085,1900-01-01 05:33:00,1900-01-01 17:30:00,574,11.95,Medium
11086,1900-01-01 06:00:00,1900-01-01 17:10:00,578,11.166666666666666,Medium
11087,1900-01-01 08:25:00,1900-01-01 04:40:00,1053,20.25,Long
11088,1900-01-01 19:50:00,1900-01-01 16:45:00,1053,20.916666666666668,Long
11089,1900-01-01 05:30:00,1900-01-01 04:40:00,1074,23.166666666666668,Long
11090,1900-01-01 19:50:00,1900-01-01 17:10:00,1072,21.333333333333332,Long
11091,1900-01-01 08:55:00,1900-01-01 04:40:00,981,19.75,Long
11092,1900-01-01 19:50:00,1900-01-01 15:20:00,981,19.5,Long
11093,1900-01-01 00:10:00,1900-01-01 04:40:00,1516,4.5,Long
11094,1900-01-01 11:20:00,1900-01-01 14:15:00,1515,2.9166666666666665,Long
11095,1900-01-01 00:00:00,1900-01-01 00:00:00,623,0.0,Medium
11096,1900-01-01 19:50:00,1900-01-01 07:45:00,622,11.916666666666666,Medium
11097,1900-01-01 23:30:00,1900-01-01 08:10:00,1278,8.666666666666666,Long
11098,1900-01-01 23:30:00,1900-01-01 05:05:00,1279,5.583333333333332,Long
11101,1900-01-01 00:25:00,1900-01-01 03:10:00,1373,2.75,Long
11102,1900-01-01 15:00:00,1900-01-01 20:05:00,1373,5.083333333333333,Long
11103,1900-01-01 16:50:00,1900-01-01 16:45:00,1321,23.916666666666668,Long
11104,1900-01-01 05:10:00,1900-01-01 06:40:00,1321,1.5,Long
11107,1900-01-01 20:40:00,1900-01-01 10:50:00,629,14.166666666666666,Medium
11108,1900-01-01 17:45:00,1900-01-01 09:05:00,629,15.333333333333334,Medium
11109,1900-01-01 06:10:00,1900-01-01 12:05:00,291,5.916666666666667,Short
11110,1900-01-01 16:40:00,1900-01-01 22:35:00,291,5.916666666666667,Short
11111,1900-01-01 13:05:00,1900-01-01 09:00:00,939,19.916666666666668,Long
11112,1900-01-01 11:55:00,1900-01-01 06:10:00,941,18.25,Long
11123,1900-01-01 18:45:00,1900-01-01 20:55:00,1051,2.1666666666666665,Long
11124,1900-01-01 11:50:00,1900-01-01 13:00:00,1054,1.1666666666666667,Long
11125,1900-01-01 00:00:00,1900-01-01 00:00:00,561,0.0,Medium
11126,1900-01-01 00:00:00,1900-01-01 00:00:00,561,0.0,Medium
11201,1900-01-01 16:40:00,1900-01-01 14:15:00,1015,21.583333333333332,Long
11202,1900-01-01 16:15:00,1900-01-01 13:45:00,1015,21.5,Long
11203,1900-01-01 11:55:00,1900-01-01 14:05:00,1340,2.1666666666666665,Long
11204,1900-01-01 16:30:00,1900-01-01 19:15:00,1340,2.75,Long
11205,1900-01-01 16:40:00,1900-01-01 09:15:00,699,16.583333333333332,Medium
11206,1900-01-01 23:15:00,1900-01-01 13:45:00,699,14.5,Medium
11265,1900-01-01 14:00:00,1900-01-01 23:00:00,432,9.0,Medium
11266,1900-01-01 06:15:00,1900-01-01 14:55:00,434,8.666666666666666,Medium
11272,1900-01-01 18:15:00,1900-01-01 12:10:00,737,17.916666666666668,Medium
11301,1900-01-01 08:10:00,1900-01-01 08:50:00,1154,0.6666666666666666,Long
11302,1900-01-01 00:00:00,1900-01-01 00:00:00,1154,0.0,Long
11303,1900-01-01 23:10:00,1900-01-01 22:40:00,989,23.5,Long
11304,1900-01-01 07:35:00,1900-01-01 06:45:00,987,23.166666666666668,Long
11307,1900-01-01 10:15:00,1900-01-01 14:50:00,221,4.583333333333333,Short
11308,1900-01-01 16:00:00,1900-01-01 21:00:00,223,5.0,Short
11309,1900-01-01 06:00:00,1900-01-01 12:05:00,267,6.083333333333333,Short
11310,1900-01-01 15:25:00,1900-01-01 20:55:00,267,5.5,Short
11401,1900-01-01 16:35:00,1900-01-01 16:15:00,1053,23.666666666666668,Long
11402,1900-01-01 06:00:00,1900-01-01 05:35:00,1052,23.583333333333332,Long
11403,1900-01-01 15:00:00,1900-01-01 14:00:00,1026,23.0,Long
11404,1900-01-01 12:50:00,1900-01-01 12:35:00,1026,23.75,Long
11405,1900-01-01 22:00:00,1900-01-01 15:00:00,811,17.0,Long
11406,1900-01-01 18:30:00,1900-01-01 13:15:00,812,18.75,Long
11407,1900-01-01 22:00:00,1900-01-01 02:30:00,1478,4.5,Long
11408,1900-01-01 06:30:00,1900-01-01 11:05:00,1478,4.583333333333333,Long
11423,1900-01-01 06:25:00,1900-01-01 14:30:00,357,8.083333333333334,Medium
11424,1900-01-01 15:00:00,1900-01-01 23:15:00,356,8.25,Medium
11447,1900-01-01 23:50:00,1900-01-01 04:15:00,1156,4.416666666666668,Long
11448,1900-01-01 13:10:00,1900-01-01 14:25:00,1155,1.25,Long
11449,1900-01-01 06:30:00,1900-01-01 15:20:00,1561,8.833333333333334,Long
11450,1900-01-01 21:55:00,1900-01-01 07:25:00,1564,9.5,Long
11463,1900-01-01 09:30:00,1900-01-01 15:10:00,1416,5.666666666666667,Long
11464,1900-01-01 12:00:00,1900-01-01 17:45:00,1417,5.75,Long
11465,1900-01-01 09:30:00,1900-01-01 18:00:00,1572,8.5,Long
11466,1900-01-01 10:00:00,1900-01-01 17:45:00,1575,7.75,Long
11651,1900-01-01 00:00:00,1900-01-01 00:00:00,344,0.0,Medium
11652,1900-01-01 04:55:00,1900-01-01 11:55:00,345,7.0,Medium
11701,1900-01-01 05:40:00,1900-01-01 20:30:00,751,14.833333333333334,Medium
11702,1900-01-01 04:10:00,1900-01-01 19:35:00,751,15.416666666666666,Medium
11703,1900-01-01 23:10:00,1900-01-01 16:05:00,823,16.916666666666668,Long
11704,1900-01-01 20:10:00,1900-01-01 12:15:00,821,16.083333333333332,Long
11801,1900-01-01 17:25:00,1900-01-01 22:30:00,215,5.083333333333333,Short
11802,1900-01-01 05:10:00,1900-01-01 10:05:00,215,4.916666666666667,Short
11901,1900-01-01 05:30:00,1900-01-01 12:40:00,292,7.166666666666667,Short
11902,1900-01-01 14:55:00,1900-01-01 21:35:00,294,6.666666666666667,Short
12001,1900-01-01 15:00:00,1900-01-01 23:30:00,688,8.5,Medium
12002,1900-01-01 06:00:00,1900-01-01 14:25:00,690,8.416666666666666,Medium
12003,1900-01-01 15:35:00,1900-01-01 22:15:00,504,6.666666666666667,Medium
12004,1900-01-01 06:10:00,1900-01-01 12:40:00,504,6.5,Medium
12005,1900-01-01 17:15:00,1900-01-01 21:20:00,268,4.083333333333333,Short
12006,1900-01-01 06:15:00,1900-01-01 10:20:00,268,4.083333333333333,Short
12007,1900-01-01 06:00:00,1900-01-01 13:00:00,498,7.0,Medium
12008,1900-01-01 14:15:00,1900-01-01 21:25:00,499,7.166666666666667,Medium
12009,1900-01-01 06:25:00,1900-01-01 12:45:00,490,6.333333333333333,Medium
12010,1900-01-01 14:40:00,1900-01-01 21:20:00,490,6.666666666666667,Medium
12011,1900-01-01 07:40:00,1900-01-01 11:45:00,268,4.083333333333333,Short
12012,1900-01-01 17:45:00,1900-01-01 21:55:00,268,4.166666666666667,Short
12013,1900-01-01 16:30:00,1900-01-01 22:30:00,447,6.0,Medium
12014,1900-01-01 05:00:00,1900-01-01 11:00:00,447,6.0,Medium
12015,1900-01-01 06:05:00,1900-01-01 12:45:00,442,6.666666666666667,Medium
12016,1900-01-01 15:45:00,1900-01-01 22:40:00,442,6.916666666666667,Medium
12017,1900-01-01 06:45:00,1900-01-01 12:40:00,314,5.916666666666667,Medium
12018,1900-01-01 17:00:00,1900-01-01 22:45:00,314,5.75,Medium
12019,1900-01-01 06:05:00,1900-01-01 13:15:00,436,7.166666666666667,Medium
12020,1900-01-01 13:45:00,1900-01-01 21:30:00,434,7.75,Medium
12021,1900-01-01 06:20:00,1900-01-01 13:05:00,402,6.75,Medium
12022,1900-01-01 13:45:00,1900-01-01 20:50:00,401,7.083333333333333,Medium
12023,1900-01-01 14:05:00,1900-01-01 22:45:00,530,8.666666666666666,Medium
12024,1900-01-01 05:35:00,1900-01-01 13:25:00,531,7.833333333333333,Medium
12025,1900-01-01 05:50:00,1900-01-01 14:20:00,598,8.5,Medium
12026,1900-01-01 14:45:00,1900-01-01 23:10:00,598,8.416666666666666,Medium
12027,1900-01-01 17:30:00,1900-01-01 22:30:00,360,5.0,Medium
12028,1900-01-01 06:00:00,1900-01-01 11:00:00,361,5.0,Medium
12029,1900-01-01 07:20:00,1900-01-01 13:45:00,447,6.416666666666667,Medium
12030,1900-01-01 16:50:00,1900-01-01 23:05:00,447,6.25,Medium
12031,1900-01-01 07:20:00,1900-01-01 13:45:00,447,6.416666666666667,Medium
12032,1900-01-01 16:50:00,1900-01-01 23:05:00,447,6.25,Medium
12033,1900-01-01 06:00:00,1900-01-01 11:20:00,430,5.333333333333333,Medium
12034,1900-01-01 15:50:00,1900-01-01 20:45:00,430,4.916666666666667,Medium
12035,1900-01-01 07:05:00,1900-01-01 10:35:00,240,3.5,Short
12036,1900-01-01 17:40:00,1900-01-01 21:20:00,240,3.6666666666666665,Short
12037,1900-01-01 07:00:00,1900-01-01 12:25:00,328,5.416666666666667,Medium
12038,1900-01-01 16:40:00,1900-01-01 22:10:00,328,5.5,Medium
12039,1900-01-01 15:35:00,1900-01-01 21:05:00,283,5.5,Short
12040,1900-01-01 06:00:00,1900-01-01 11:40:00,283,5.666666666666667,Short
12041,1900-01-01 14:15:00,1900-01-01 22:30:00,560,8.25,Medium
12042,1900-01-01 05:30:00,1900-01-01 13:35:00,560,8.083333333333334,Medium
12043,1900-01-01 07:00:00,1900-01-01 14:05:00,397,7.083333333333333,Medium
12044,1900-01-01 15:00:00,1900-01-01 22:10:00,397,7.166666666666667,Medium
12045,1900-01-01 19:15:00,1900-01-01 22:45:00,243,3.5,Short
12046,1900-01-01 12:00:00,1900-01-01 15:25:00,243,3.4166666666666665,Short
12047,1900-01-01 16:20:00,1900-01-01 22:50:00,385,6.5,Medium
12048,1900-01-01 04:00:00,1900-01-01 11:20:00,385,7.333333333333333,Medium
12049,1900-01-01 17:50:00,1900-01-01 19:30:00,181,1.6666666666666667,Short
12050,1900-01-01 08:10:00,1900-01-01 09:50:00,183,1.6666666666666667,Short
12051,1900-01-01 05:25:00,1900-01-01 14:05:00,581,8.666666666666666,Medium
12052,1900-01-01 14:30:00,1900-01-01 23:05:00,585,8.583333333333334,Medium
12053,1900-01-01 14:45:00,1900-01-01 22:05:00,406,7.333333333333333,Medium
12054,1900-01-01 06:50:00,1900-01-01 14:10:00,406,7.333333333333333,Medium
12055,1900-01-01 15:20:00,1900-01-01 21:10:00,304,5.833333333333333,Medium
12056,1900-01-01 05:05:00,1900-01-01 11:15:00,304,6.166666666666667,Medium
12057,1900-01-01 14:35:00,1900-01-01 22:10:00,386,7.583333333333333,Medium
12058,1900-01-01 05:00:00,1900-01-01 12:00:00,386,7.0,Medium
12059,1900-01-01 05:55:00,1900-01-01 12:30:00,447,6.583333333333333,Medium
12060,1900-01-01 13:15:00,1900-01-01 20:00:00,450,6.75,Medium
12061,1900-01-01 17:40:00,1900-01-01 22:55:00,330,5.25,Medium
12062,1900-01-01 05:30:00,1900-01-01 11:00:00,330,5.5,Medium
12065,1900-01-01 05:45:00,1900-01-01 12:35:00,389,6.833333333333333,Medium
12066,1900-01-01 15:30:00,1900-01-01 22:25:00,389,6.916666666666667,Medium
12067,1900-01-01 06:30:00,1900-01-01 13:20:00,376,6.833333333333333,Medium
12068,1900-01-01 14:30:00,1900-01-01 21:20:00,375,6.833333333333333,Medium
12069,1900-01-01 06:25:00,1900-01-01 13:25:00,419,7.0,Medium
12070,1900-01-01 15:00:00,1900-01-01 22:00:00,411,7.0,Medium
12071,1900-01-01 14:00:00,1900-01-01 21:30:00,422,7.5,Medium
12072,1900-01-01 04:45:00,1900-01-01 12:30:00,422,7.75,Medium
12073,1900-01-01 13:25:00,1900-01-01 20:20:00,442,6.916666666666667,Medium
12074,1900-01-01 06:00:00,1900-01-01 12:40:00,441,6.666666666666667,Medium
12075,1900-01-01 13:40:00,1900-01-01 21:05:00,399,7.416666666666667,Medium
12076,1900-01-01 06:00:00,1900-01-01 13:00:00,398,7.0,Medium
12077,1900-01-01 07:35:00,1900-01-01 14:45:00,453,7.166666666666667,Medium
12078,1900-01-01 15:20:00,1900-01-01 22:35:00,453,7.25,Medium
12079,1900-01-01 06:00:00,1900-01-01 13:25:00,470,7.416666666666667,Medium
12080,1900-01-01 14:00:00,1900-01-01 21:25:00,468,7.416666666666667,Medium
12081,1900-01-01 04:50:00,1900-01-01 14:00:00,500,9.166666666666666,Medium
12082,1900-01-01 14:40:00,1900-01-01 23:50:00,499,9.166666666666666,Medium
12083,1900-01-01 14:50:00,1900-01-01 21:15:00,361,6.416666666666667,Medium
12084,1900-01-01 07:10:00,1900-01-01 13:40:00,361,6.5,Medium
12085,1900-01-01 12:10:00,1900-01-01 21:15:00,506,9.083333333333334,Medium
12086,1900-01-01 05:00:00,1900-01-01 13:55:00,505,8.916666666666666,Medium
12087,1900-01-01 05:00:00,1900-01-01 11:00:00,332,6.0,Medium
12088,1900-01-01 15:20:00,1900-01-01 21:40:00,332,6.333333333333333,Medium
12101,1900-01-01 20:35:00,1900-01-01 03:35:00,1956,7.0,Long
12102,1900-01-01 22:50:00,1900-01-01 05:50:00,1963,7.0,Long
12103,1900-01-01 16:15:00,1900-01-01 17:10:00,1478,0.9166666666666666,Long
12104,1900-01-01 06:30:00,1900-01-01 08:05:00,1478,1.5833333333333333,Long
12105,1900-01-01 19:05:00,1900-01-01 11:15:00,971,16.166666666666668,Long
12106,1900-01-01 14:50:00,1900-01-01 07:00:00,972,16.166666666666668,Long
12107,1900-01-01 16:25:00,1900-01-01 15:10:00,1408,22.75,Long
12108,1900-01-01 22:45:00,1900-01-01 23:00:00,1408,0.25,Long
12109,1900-01-01 18:15:00,1900-01-01 22:50:00,260,4.583333333333333,Short
12110,1900-01-01 06:02:00,1900-01-01 10:45:00,260,4.716666666666667,Short
12111,1900-01-01 19:55:00,1900-01-01 08:05:00,676,12.166666666666666,Medium
12112,1900-01-01 19:05:00,1900-01-01 06:25:00,676,11.333333333333334,Medium
12113,1900-01-01 17:40:00,1900-01-01 09:25:00,895,15.75,Long
12114,1900-01-01 18:35:00,1900-01-01 09:45:00,895,15.166666666666666,Long
12115,1900-01-01 22:45:00,1900-01-01 06:50:00,456,8.083333333333334,Medium
12116,1900-01-01 22:45:00,1900-01-01 06:50:00,457,8.083333333333334,Medium
12117,1900-01-01 15:00:00,1900-01-01 19:25:00,244,4.416666666666667,Short
12118,1900-01-01 08:35:00,1900-01-01 13:00:00,244,4.416666666666667,Short
12119,1900-01-01 05:30:00,1900-01-01 08:15:00,180,2.75,Short
12120,1900-01-01 18:30:00,1900-01-01 21:40:00,180,3.1666666666666665,Short
12121,1900-01-01 19:10:00,1900-01-01 09:05:00,883,13.916666666666666,Long
12122,1900-01-01 17:25:00,1900-01-01 07:45:00,886,14.333333333333334,Long
12123,1900-01-01 17:10:00,1900-01-01 20:25:00,191,3.25,Short
12124,1900-01-01 07:15:00,1900-01-01 10:25:00,191,3.1666666666666665,Short
12125,1900-01-01 16:25:00,1900-01-01 19:50:00,190,3.4166666666666665,Short
12126,1900-01-01 07:50:00,1900-01-01 11:15:00,190,3.4166666666666665,Short
12127,1900-01-01 06:40:00,1900-01-01 09:57:00,191,3.283333333333333,Short
12128,1900-01-01 17:55:00,1900-01-01 21:05:00,191,3.1666666666666665,Short
12129,1900-01-01 18:25:00,1900-01-01 04:10:00,2026,9.75,Long
12130,1900-01-01 21:50:00,1900-01-01 06:50:00,2033,9.0,Long
12131,1900-01-01 21:45:00,1900-01-01 03:45:00,330,6.0,Medium
12132,1900-01-01 22:25:00,1900-01-01 04:30:00,330,6.083333333333332,Medium
12133,1900-01-01 22:02:00,1900-01-01 12:40:00,903,14.633333333333333,Long
12134,1900-01-01 13:55:00,1900-01-01 04:25:00,909,14.5,Long
12135,1900-01-01 17:40:00,1900-01-01 09:25:00,895,15.75,Long
12136,1900-01-01 18:35:00,1900-01-01 09:45:00,895,15.166666666666666,Long
12137,1900-01-01 19:35:00,1900-01-01 05:50:00,1910,10.25,Long
12138,1900-01-01 21:40:00,1900-01-01 07:35:00,1913,9.916666666666666,Long
12139,1900-01-01 15:00:00,1900-01-01 06:10:00,841,15.166666666666666,Long
12140,1900-01-01 21:00:00,1900-01-01 12:00:00,841,15.0,Long
12141,1900-01-01 00:00:00,1900-01-01 00:00:00,1693,0.0,Long
12142,1900-01-01 11:05:00,1900-01-01 15:15:00,1692,4.166666666666667,Long
12143,1900-01-01 16:40:00,1900-01-01 20:00:00,1540,3.3333333333333335,Long
12144,1900-01-01 23:55:00,1900-01-01 04:10:00,1541,4.25,Long
12145,1900-01-01 20:35:00,1900-01-01 07:30:00,1888,10.916666666666666,Long
12146,1900-01-01 21:25:00,1900-01-01 07:30:00,1895,10.083333333333334,Long
12147,1900-01-01 09:05:00,1900-01-01 17:10:00,1897,8.083333333333334,Long
12148,1900-01-01 05:50:00,1900-01-01 16:20:00,1900,10.5,Long
12149,1900-01-01 20:55:00,1900-01-01 03:30:00,1757,6.583333333333332,Long
12150,1900-01-01 22:55:00,1900-01-01 05:30:00,1756,6.583333333333332,Long
12151,1900-01-01 20:35:00,1900-01-01 08:25:00,2089,11.833333333333334,Long
12152,1900-01-01 21:15:00,1900-01-01 07:30:00,2095,10.25,Long
12153,1900-01-01 16:25:00,1900-01-01 05:20:00,820,12.916666666666666,Long
12154,1900-01-01 18:20:00,1900-01-01 07:30:00,820,13.166666666666666,Long
12155,1900-01-01 21:05:00,1900-01-01 08:00:00,681,10.916666666666666,Medium
12156,1900-01-01 20:55:00,1900-01-01 07:05:00,683,10.166666666666666,Medium
12157,1900-01-01 18:00:00,1900-01-01 22:00:00,265,4.0,Short
12158,1900-01-01 06:30:00,1900-01-01 10:30:00,265,4.0,Short
12159,1900-01-01 17:45:00,1900-01-01 06:55:00,725,13.166666666666666,Medium
12160,1900-01-01 20:50:00,1900-01-01 09:50:00,725,13.0,Medium
12161,1900-01-01 16:25:00,1900-01-01 13:00:00,1320,20.583333333333332,Long
12162,1900-01-01 23:35:00,1900-01-01 23:00:00,1320,23.416666666666668,Long
12163,1900-01-01 20:30:00,1900-01-01 19:45:00,1278,23.25,Long
12164,1900-01-01 06:50:00,1900-01-01 06:00:00,1281,23.166666666666668,Long
12165,1900-01-01 05:23:00,1900-01-01 07:05:00,1488,1.7,Long
12166,1900-01-01 00:00:00,1900-01-01 00:00:00,1487,0.0,Long
12167,1900-01-01 00:35:00,1900-01-01 03:45:00,1500,3.1666666666666665,Long
12168,1900-01-01 10:25:00,1900-01-01 12:25:00,1500,2.0,Long
12169,1900-01-01 09:30:00,1900-01-01 13:30:00,265,4.0,Short
12170,1900-01-01 14:00:00,1900-01-01 18:05:00,265,4.083333333333333,Short
12171,1900-01-01 07:55:00,1900-01-01 13:15:00,1756,5.333333333333333,Long
12172,1900-01-01 00:00:00,1900-01-01 00:00:00,1759,0.0,Long
12173,1900-01-01 16:25:00,1900-01-01 19:05:00,1581,2.6666666666666665,Long
12174,1900-01-01 01:50:00,1900-01-01 06:00:00,1581,4.166666666666667,Long
12175,1900-01-01 17:45:00,1900-01-01 17:15:00,1291,23.5,Long
12176,1900-01-01 07:15:00,1900-01-01 06:45:00,1292,23.5,Long
12177,1900-01-01 17:45:00,1900-01-01 20:20:00,1451,2.5833333333333335,Long
12178,1900-01-01 04:25:00,1900-01-01 06:45:00,1453,2.3333333333333335,Long
12179,1900-01-01 15:55:00,1900-01-01 21:55:00,323,6.0,Medium
12180,1900-01-01 05:50:00,1900-01-01 11:45:00,323,5.916666666666667,Medium
12181,1900-01-01 20:25:00,1900-01-01 14:20:00,1024,17.916666666666668,Long
12182,1900-01-01 15:30:00,1900-01-01 08:45:00,1024,17.25,Long
12183,1900-01-01 19:20:00,1900-01-01 09:00:00,754,13.666666666666666,Medium
12184,1900-01-01 19:10:00,1900-01-01 08:50:00,754,13.666666666666666,Medium
12185,1900-01-01 22:00:00,1900-01-01 08:00:00,555,10.0,Medium
12186,1900-01-01 20:05:00,1900-01-01 06:05:00,557,10.0,Medium
12187,1900-01-01 19:30:00,1900-01-01 12:15:00,996,16.75,Long
12188,1900-01-01 13:30:00,1900-01-01 06:00:00,996,16.5,Long
12189,1900-01-01 18:10:00,1900-01-01 11:40:00,937,17.5,Long
12190,1900-01-01 16:05:00,1900-01-01 09:35:00,938,17.5,Long
12191,1900-01-01 14:05:00,1900-01-01 07:15:00,1021,17.166666666666668,Long
12192,1900-01-01 17:30:00,1900-01-01 11:50:00,1019,18.333333333333332,Long
12193,1900-01-01 15:50:00,1900-01-01 22:15:00,1747,6.416666666666667,Long
12194,1900-01-01 06:45:00,1900-01-01 13:30:00,1734,6.75,Long
12195,1900-01-01 05:05:00,1900-01-01 11:50:00,375,6.75,Medium
12196,1900-01-01 15:00:00,1900-01-01 21:40:00,375,6.666666666666667,Medium
12197,1900-01-01 15:30:00,1900-01-01 00:15:00,484,8.75,Medium
12198,1900-01-01 06:20:00,1900-01-01 15:00:00,484,8.666666666666666,Medium
12201,1900-01-01 16:55:00,1900-01-01 20:25:00,1513,3.5,Long
12202,1900-01-01 08:45:00,1900-01-01 11:45:00,1517,3.0,Long
12203,1900-01-01 14:55:00,1900-01-01 21:05:00,1711,6.166666666666667,Long
12204,1900-01-01 04:10:00,1900-01-01 10:10:00,1714,6.0,Long
12205,1900-01-01 23:50:00,1900-01-01 05:40:00,304,5.833333333333332,Medium
12206,1900-01-01 23:35:00,1900-01-01 05:20:00,304,5.75,Medium
12207,1900-01-01 18:30:00,1900-01-01 09:45:00,768,15.25,Medium
12208,1900-01-01 23:15:00,1900-01-01 14:40:00,768,15.416666666666666,Medium
12209,1900-01-01 06:15:00,1900-01-01 14:50:00,415,8.583333333333334,Medium
12210,1900-01-01 19:10:00,1900-01-01 04:35:00,415,9.416666666666666,Medium
12211,1900-01-01 15:15:00,1900-01-01 12:35:00,1057,21.333333333333332,Long
12212,1900-01-01 20:55:00,1900-01-01 18:05:00,1059,21.166666666666668,Long
12213,1900-01-01 23:40:00,1900-01-01 07:00:00,2350,7.333333333333332,Long
12214,1900-01-01 23:00:00,1900-01-01 07:55:00,2351,8.916666666666666,Long
12215,1900-01-01 09:20:00,1900-01-01 08:10:00,1431,22.833333333333332,Long
12216,1900-01-01 12:45:00,1900-01-01 12:15:00,1429,23.5,Long
12217,1900-01-01 09:20:00,1900-01-01 15:45:00,3086,6.416666666666667,Long
12218,1900-01-01 09:30:00,1900-01-01 14:45:00,3084,5.25,Long
12219,1900-01-01 00:00:00,1900-01-01 00:00:00,774,0.0,Medium
12220,1900-01-01 23:05:00,1900-01-01 11:05:00,774,12.0,Medium
12221,1900-01-01 15:15:00,1900-01-01 19:40:00,2026,4.416666666666667,Long
12222,1900-01-01 08:20:00,1900-01-01 11:45:00,2033,3.4166666666666665,Long
12223,1900-01-01 20:50:00,1900-01-01 17:50:00,1301,21.0,Long
12224,1900-01-01 21:30:00,1900-01-01 18:15:00,1306,20.75,Long
12225,1900-01-01 16:25:00,1900-01-01 07:05:00,795,14.666666666666666,Medium
12226,1900-01-01 19:15:00,1900-01-01 09:30:00,796,14.25,Medium
12227,1900-01-01 23:15:00,1900-01-01 11:05:00,831,11.833333333333334,Long
12228,1900-01-01 23:00:00,1900-01-01 11:40:00,831,12.666666666666666,Long
12229,1900-01-01 22:15:00,1900-01-01 07:10:00,492,8.916666666666666,Medium
12230,1900-01-01 22:05:00,1900-01-01 06:45:00,492,8.666666666666666,Medium
12231,1900-01-01 22:30:00,1900-01-01 10:10:00,644,11.666666666666666,Medium
12232,1900-01-01 21:10:00,1900-01-01 08:50:00,644,11.666666666666666,Medium
12235,1900-01-01 18:15:00,1900-01-01 13:55:00,2446,19.666666666666668,Long
12236,1900-01-01 09:25:00,1900-01-01 06:15:00,2448,20.833333333333332,Long
12237,1900-01-01 12:50:00,1900-01-01 11:25:00,1253,22.583333333333332,Long
12238,1900-01-01 14:00:00,1900-01-01 12:40:00,1253,22.666666666666668,Long
12239,1900-01-01 23:15:00,1900-01-01 14:35:00,1157,15.333333333333334,Long
12240,1900-01-01 19:10:00,1900-01-01 11:40:00,1158,16.5,Long
12241,1900-01-01 17:10:00,1900-01-01 21:25:00,247,4.25,Short
12242,1900-01-01 05:15:00,1900-01-01 09:15:00,247,4.0,Short
12243,1900-01-01 07:15:00,1900-01-01 14:15:00,491,7.0,Medium
12244,1900-01-01 15:25:00,1900-01-01 22:15:00,493,6.833333333333333,Medium
12245,1900-01-01 10:55:00,1900-01-01 16:00:00,1957,5.083333333333333,Long
12246,1900-01-01 11:00:00,1900-01-01 16:15:00,1959,5.25,Long
12247,1900-01-01 16:35:00,1900-01-01 09:40:00,1355,17.083333333333332,Long
12248,1900-01-01 15:35:00,1900-01-01 09:20:00,1358,17.75,Long
12249,1900-01-01 18:40:00,1900-01-01 11:20:00,1425,16.666666666666668,Long
12250,1900-01-01 19:50:00,1900-01-01 12:40:00,1426,16.833333333333332,Long
12251,1900-01-01 23:40:00,1900-01-01 04:30:00,1611,4.833333333333332,Long
12252,1900-01-01 08:00:00,1900-01-01 13:30:00,1605,5.5,Long
12253,1900-01-01 13:30:00,1900-01-01 08:30:00,2478,19.0,Long
12254,1900-01-01 13:30:00,1900-01-01 09:05:00,2477,19.583333333333332,Long
12257,1900-01-01 21:00:00,1900-01-01 13:00:00,798,16.0,Medium
12258,1900-01-01 17:00:00,1900-01-01 09:30:00,797,16.5,Medium
12259,1900-01-01 18:30:00,1900-01-01 11:30:00,1448,17.0,Long
12260,1900-01-01 19:40:00,1900-01-01 12:35:00,1449,16.916666666666668,Long
12261,1900-01-01 17:15:00,1900-01-01 19:40:00,1972,2.4166666666666665,Long
12262,1900-01-01 08:20:00,1900-01-01 10:30:00,1979,2.1666666666666665,Long
12263,1900-01-01 11:10:00,1900-01-01 06:55:00,1498,19.75,Long
12264,1900-01-01 10:55:00,1900-01-01 07:10:00,1501,20.25,Long
12265,1900-01-01 22:15:00,1900-01-01 07:25:00,577,9.166666666666666,Medium
12266,1900-01-01 19:20:00,1900-01-01 04:20:00,577,9.0,Medium
12267,1900-01-01 23:25:00,1900-01-01 05:55:00,490,6.5,Medium
12268,1900-01-01 23:40:00,1900-01-01 06:00:00,490,6.333333333333332,Medium
12269,1900-01-01 06:40:00,1900-01-01 10:35:00,2156,3.9166666666666665,Long
12270,1900-01-01 15:45:00,1900-01-01 20:10:00,2155,4.416666666666667,Long
12273,1900-01-01 08:35:00,1900-01-01 06:25:00,1516,21.833333333333332,Long
12274,1900-01-01 12:55:00,1900-01-01 10:40:00,1517,21.75,Long
12275,1900-01-01 22:40:00,1900-01-01 06:25:00,629,7.75,Medium
12276,1900-01-01 22:15:00,1900-01-01 05:50:00,629,7.583333333333332,Medium
12277,1900-01-01 14:25:00,1900-01-01 21:55:00,504,7.5,Medium
12278,1900-01-01 05:45:00,1900-01-01 13:40:00,503,7.916666666666667,Medium
12279,1900-01-01 15:20:00,1900-01-01 22:05:00,385,6.75,Medium
12280,1900-01-01 07:00:00,1900-01-01 14:10:00,388,7.166666666666667,Medium
12281,1900-01-01 08:00:00,1900-01-01 06:25:00,1714,22.416666666666668,Long
12282,1900-01-01 12:55:00,1900-01-01 10:45:00,1717,21.833333333333332,Long
12283,1900-01-01 00:00:00,1900-01-01 00:00:00,2636,0.0,Long
12284,1900-01-01 21:35:00,1900-01-01 15:40:00,2634,18.083333333333332,Long
12285,1900-01-01 13:10:00,1900-01-01 10:35:00,1651,21.416666666666668,Long
12286,1900-01-01 15:45:00,1900-01-01 14:00:00,1652,22.25,Long
12289,1900-01-01 20:15:00,1900-01-01 07:20:00,841,11.083333333333334,Long
12290,1900-01-01 20:40:00,1900-01-01 08:05:00,841,11.416666666666666,Long
12291,1900-01-01 22:45:00,1900-01-01 05:15:00,364,6.5,Medium
12292,1900-01-01 23:30:00,1900-01-01 06:00:00,363,6.5,Medium
12293,1900-01-01 17:25:00,1900-01-01 12:35:00,1353,19.166666666666668,Long
12294,1900-01-01 19:30:00,1900-01-01 14:55:00,1352,19.416666666666668,Long
12295,1900-01-01 00:00:00,1900-01-01 00:00:00,2703,0.0,Long
12296,1900-01-01 20:10:00,1900-01-01 20:20:00,2697,0.16666666666666666,Long
12297,1900-01-01 22:30:00,1900-01-01 07:10:00,623,8.666666666666666,Medium
12298,1900-01-01 21:35:00,1900-01-01 06:20:00,622,8.75,Medium
12301,1900-01-01 16:55:00,1900-01-01 10:00:00,1438,17.083333333333332,Long
12302,1900-01-01 16:55:00,1900-01-01 09:50:00,1439,16.916666666666668,Long
12303,1900-01-01 08:05:00,1900-01-01 06:05:00,1516,22.0,Long
12304,1900-01-01 17:35:00,1900-01-01 16:55:00,1517,23.333333333333332,Long
12305,1900-01-01 14:05:00,1900-01-01 10:00:00,1516,19.916666666666668,Long
12306,1900-01-01 16:55:00,1900-01-01 12:15:00,1517,19.333333333333332,Long
12307,1900-01-01 23:40:00,1900-01-01 06:50:00,1803,7.166666666666668,Long
12308,1900-01-01 20:30:00,1900-01-01 04:00:00,1805,7.5,Long
12309,1900-01-01 19:00:00,1900-01-01 07:40:00,987,12.666666666666666,Long
12310,1900-01-01 00:00:00,1900-01-01 00:00:00,987,0.0,Long
12311,1900-01-01 19:40:00,1900-01-01 04:30:00,1699,8.833333333333334,Long
12312,1900-01-01 23:55:00,1900-01-01 07:55:00,1700,8.0,Long
12313,1900-01-01 16:50:00,1900-01-01 10:25:00,1448,17.583333333333332,Long
12314,1900-01-01 16:25:00,1900-01-01 10:10:00,1449,17.75,Long
12315,1900-01-01 13:10:00,1900-01-01 02:45:00,2119,13.583333333333334,Long
12316,1900-01-01 00:20:00,1900-01-01 15:10:00,2120,14.833333333333334,Long
12317,1900-01-01 07:40:00,1900-01-01 17:20:00,1884,9.666666666666666,Long
12318,1900-01-01 05:55:00,1900-01-01 15:15:00,1885,9.333333333333334,Long
12319,1900-01-01 13:10:00,1900-01-01 12:00:00,1416,22.833333333333332,Long
12320,1900-01-01 17:00:00,1900-01-01 17:20:00,1417,0.3333333333333333,Long
12321,1900-01-01 22:00:00,1900-01-01 11:25:00,2165,13.416666666666666,Long
12322,1900-01-01 00:00:00,1900-01-01 00:00:00,2167,0.0,Long
12323,1900-01-01 18:50:00,1900-01-01 17:05:00,1425,22.25,Long
12324,1900-01-01 07:05:00,1900-01-01 06:00:00,1426,22.916666666666668,Long
12325,1900-01-01 07:40:00,1900-01-01 16:00:00,1792,8.333333333333334,Long
12326,1900-01-01 06:55:00,1900-01-01 15:15:00,1793,8.333333333333334,Long
12327,1900-01-01 13:00:00,1900-01-01 18:10:00,1577,5.166666666666667,Long
12328,1900-01-01 22:10:00,1900-01-01 03:15:00,1577,5.083333333333332,Long
12329,1900-01-01 13:10:00,1900-01-01 11:50:00,1435,22.666666666666668,Long
12330,1900-01-01 19:10:00,1900-01-01 17:25:00,1436,22.25,Long
12331,1900-01-01 23:55:00,1900-01-01 12:35:00,2010,12.666666666666666,Long
12332,1900-01-01 22:45:00,1900-01-01 11:30:00,2011,12.75,Long
12333,1900-01-01 20:00:00,1900-01-01 12:00:00,878,16.0,Long
12334,1900-01-01 15:40:00,1900-01-01 07:30:00,879,15.833333333333334,Long
12335,1900-01-01 09:00:00,1900-01-01 20:00:00,1917,11.0,Long
12336,1900-01-01 08:05:00,1900-01-01 18:30:00,1918,10.416666666666666,Long
12337,1900-01-01 10:10:00,1900-01-01 12:25:00,146,2.25,Short
12338,1900-01-01 13:10:00,1900-01-01 15:40:00,146,2.5,Short
12339,1900-01-01 17:20:00,1900-01-01 21:40:00,258,4.333333333333333,Short
12340,1900-01-01 05:55:00,1900-01-01 10:25:00,259,4.5,Short
12341,1900-01-01 18:20:00,1900-01-01 21:35:00,199,3.25,Short
12342,1900-01-01 05:30:00,1900-01-01 08:45:00,200,3.25,Short
12343,1900-01-01 00:00:00,1900-01-01 00:00:00,571,0.0,Medium
12344,1900-01-01 20:00:00,1900-01-01 06:00:00,571,10.0,Medium
12345,1900-01-01 15:50:00,1900-01-01 09:50:00,1023,18.0,Long
12346,1900-01-01 12:30:00,1900-01-01 05:10:00,1023,16.666666666666668,Long
12347,1900-01-01 11:55:00,1900-01-01 15:35:00,206,3.6666666666666665,Short
12348,1900-01-01 16:35:00,1900-01-01 20:15:00,206,3.6666666666666665,Short
12349,1900-01-01 17:30:00,1900-01-01 13:00:00,1206,19.5,Long
12350,1900-01-01 23:45:00,1900-01-01 20:00:00,1206,20.25,Long
12351,1900-01-01 20:35:00,1900-01-01 06:15:00,528,9.666666666666666,Medium
12352,1900-01-01 21:10:00,1900-01-01 06:35:00,529,9.416666666666666,Medium
12353,1900-01-01 08:15:00,1900-01-01 07:20:00,1299,23.083333333333332,Long
12354,1900-01-01 19:20:00,1900-01-01 18:55:00,1300,23.583333333333332,Long
12355,1900-01-01 07:00:00,1900-01-01 10:30:00,1506,3.5,Long
12356,1900-01-01 20:10:00,1900-01-01 23:05:00,1506,2.9166666666666665,Long
12357,1900-01-01 12:10:00,1900-01-01 17:20:00,1807,5.166666666666667,Long
12358,1900-01-01 05:55:00,1900-01-01 11:35:00,1807,5.666666666666667,Long
12359,1900-01-01 20:05:00,1900-01-01 05:30:00,534,9.416666666666666,Medium
12360,1900-01-01 20:05:00,1900-01-01 05:15:00,534,9.166666666666666,Medium
12361,1900-01-01 19:45:00,1900-01-01 06:15:00,2043,10.5,Long
12362,1900-01-01 11:05:00,1900-01-01 23:15:00,2044,12.166666666666666,Long
12363,1900-01-01 09:05:00,1900-01-01 20:20:00,621,11.25,Medium
12364,1900-01-01 08:30:00,1900-01-01 19:40:00,620,11.166666666666666,Medium
12365,1900-01-01 06:00:00,1900-01-01 13:55:00,410,7.916666666666667,Medium
12366,1900-01-01 14:25:00,1900-01-01 22:15:00,407,7.833333333333333,Medium
12367,1900-01-01 11:15:00,1900-01-01 08:00:00,1193,20.75,Long
12368,1900-01-01 14:40:00,1900-01-01 12:25:00,1193,21.75,Long
12369,1900-01-01 13:00:00,1900-01-01 16:40:00,1525,3.6666666666666665,Long
12370,1900-01-01 23:50:00,1900-01-01 03:15:00,1526,3.416666666666668,Long
12371,1900-01-01 08:15:00,1900-01-01 23:45:00,2245,15.5,Long
12372,1900-01-01 01:10:00,1900-01-01 16:30:00,2246,15.333333333333334,Long
12373,1900-01-01 09:05:00,1900-01-01 12:45:00,217,3.6666666666666665,Short
12374,1900-01-01 11:00:00,1900-01-01 14:40:00,216,3.6666666666666665,Short
12375,1900-01-01 00:00:00,1900-01-01 00:00:00,1729,0.0,Long
12376,1900-01-01 16:00:00,1900-01-01 22:45:00,1727,6.75,Long
12377,1900-01-01 23:15:00,1900-01-01 12:10:00,718,12.916666666666666,Medium
12378,1900-01-01 17:45:00,1900-01-01 06:45:00,718,13.0,Medium
12379,1900-01-01 13:10:00,1900-01-01 19:45:00,1889,6.583333333333333,Long
12380,1900-01-01 10:55:00,1900-01-01 17:25:00,1890,6.5,Long
12381,1900-01-01 08:15:00,1900-01-01 06:05:00,1438,21.833333333333332,Long
12382,1900-01-01 17:35:00,1900-01-01 16:55:00,1439,23.333333333333332,Long
12383,1900-01-01 17:00:00,1900-01-01 20:55:00,221,3.9166666666666665,Short
12384,1900-01-01 06:45:00,1900-01-01 10:40:00,222,3.9166666666666665,Short
12389,1900-01-01 05:45:00,1900-01-01 20:45:00,2348,15.0,Long
12390,1900-01-01 07:00:00,1900-01-01 21:40:00,2353,14.666666666666666,Long
12391,1900-01-01 08:00:00,1900-01-01 05:10:00,1092,21.166666666666668,Long
12392,1900-01-01 13:10:00,1900-01-01 10:10:00,1092,21.0,Long
12393,1900-01-01 17:35:00,1900-01-01 07:50:00,987,14.25,Long
12394,1900-01-01 17:25:00,1900-01-01 07:35:00,987,14.166666666666666,Long
12395,1900-01-01 18:45:00,1900-01-01 15:10:00,1287,20.416666666666668,Long
12396,1900-01-01 23:55:00,1900-01-01 23:05:00,1287,23.166666666666668,Long
12397,1900-01-01 14:20:00,1900-01-01 04:35:00,981,14.25,Long
12398,1900-01-01 12:10:00,1900-01-01 03:15:00,981,15.083333333333334,Long
12401,1900-01-01 16:10:00,1900-01-01 11:50:00,1049,19.666666666666668,Long
12402,1900-01-01 20:00:00,1900-01-01 14:45:00,1049,18.75,Long
12405,1900-01-01 05:40:00,1900-01-01 07:30:00,1461,1.8333333333333333,Long
12406,1900-01-01 15:20:00,1900-01-01 15:50:00,1464,0.5,Long
12407,1900-01-01 08:15:00,1900-01-01 17:35:00,1821,9.333333333333334,Long
12408,1900-01-01 09:30:00,1900-01-01 18:35:00,1824,9.083333333333334,Long
12409,1900-01-01 03:30:00,1900-01-01 07:30:00,1613,4.0,Long
12410,1900-01-01 15:20:00,1900-01-01 19:05:00,1608,3.75,Long
12411,1900-01-01 07:00:00,1900-01-01 11:30:00,247,4.5,Short
12412,1900-01-01 17:30:00,1900-01-01 21:55:00,247,4.416666666666667,Short
12413,1900-01-01 14:05:00,1900-01-01 08:20:00,1016,18.25,Long
12414,1900-01-01 18:10:00,1900-01-01 12:20:00,1017,18.166666666666668,Long
12415,1900-01-01 16:35:00,1900-01-01 06:50:00,815,14.25,Long
12416,1900-01-01 21:10:00,1900-01-01 11:40:00,817,14.5,Long
12417,1900-01-01 21:30:00,1900-01-01 07:00:00,624,9.5,Medium
12418,1900-01-01 21:20:00,1900-01-01 06:50:00,624,9.5,Medium
12419,1900-01-01 06:00:00,1900-01-01 15:05:00,504,9.083333333333334,Medium
12420,1900-01-01 12:25:00,1900-01-01 21:25:00,504,9.0,Medium
12421,1900-01-01 00:00:00,1900-01-01 00:00:00,1927,0.0,Long
12422,1900-01-01 14:30:00,1900-01-01 23:45:00,1929,9.25,Long
12423,1900-01-01 19:20:00,1900-01-01 10:20:00,2422,15.0,Long
12424,1900-01-01 16:10:00,1900-01-01 08:00:00,2423,15.833333333333334,Long
12425,1900-01-01 20:40:00,1900-01-01 05:45:00,576,9.083333333333334,Medium
12426,1900-01-01 19:40:00,1900-01-01 05:00:00,576,9.333333333333334,Medium
12427,1900-01-01 16:00:00,1900-01-01 06:35:00,844,14.583333333333334,Long
12428,1900-01-01 21:15:00,1900-01-01 11:00:00,844,13.75,Long
12431,1900-01-01 19:15:00,1900-01-01 12:40:00,2841,17.416666666666668,Long
12432,1900-01-01 10:55:00,1900-01-01 04:55:00,2840,18.0,Long
12433,1900-01-01 06:10:00,1900-01-01 10:25:00,2156,4.25,Long
12434,1900-01-01 15:55:00,1900-01-01 20:15:00,2155,4.333333333333333,Long
12435,1900-01-01 18:10:00,1900-01-01 13:55:00,2452,19.75,Long
12436,1900-01-01 09:25:00,1900-01-01 07:25:00,2454,22.0,Long
12437,1900-01-01 12:45:00,1900-01-01 10:25:00,1651,21.666666666666668,Long
12438,1900-01-01 15:55:00,1900-01-01 14:00:00,1652,22.083333333333332,Long
12439,1900-01-01 17:55:00,1900-01-01 10:50:00,1297,16.916666666666668,Long
12440,1900-01-01 16:00:00,1900-01-01 09:00:00,1300,17.0,Long
12441,1900-01-01 14:00:00,1900-01-01 10:55:00,1487,20.916666666666668,Long
12442,1900-01-01 15:45:00,1900-01-01 12:00:00,1483,20.25,Long
12443,1900-01-01 08:30:00,1900-01-01 11:50:00,1572,3.3333333333333335,Long
12444,1900-01-01 19:10:00,1900-01-01 20:30:00,1572,1.3333333333333333,Long
12445,1900-01-01 20:50:00,1900-01-01 08:40:00,654,11.833333333333334,Medium
12446,1900-01-01 19:00:00,1900-01-01 06:45:00,654,11.75,Medium
12447,1900-01-01 17:05:00,1900-01-01 05:25:00,676,12.333333333333334,Medium
12448,1900-01-01 20:10:00,1900-01-01 08:35:00,679,12.416666666666666,Medium
12449,1900-01-01 00:00:00,1900-01-01 00:00:00,2159,0.0,Long
12450,1900-01-01 02:05:00,1900-01-01 14:45:00,2157,12.666666666666666,Long
12451,1900-01-01 23:45:00,1900-01-01 06:35:00,430,6.833333333333332,Medium
12452,1900-01-01 23:55:00,1900-01-01 06:30:00,430,6.583333333333332,Medium
12453,1900-01-01 17:10:00,1900-01-01 10:50:00,1333,17.666666666666668,Long
12454,1900-01-01 16:00:00,1900-01-01 10:30:00,1336,18.5,Long
12455,1900-01-01 00:00:00,1900-01-01 00:00:00,790,0.0,Medium
12456,1900-01-01 16:45:00,1900-01-01 07:20:00,790,14.583333333333334,Medium
12457,1900-01-01 23:35:00,1900-01-01 07:20:00,455,7.75,Medium
12458,1900-01-01 22:30:00,1900-01-01 06:10:00,455,7.666666666666668,Medium
12459,1900-01-01 13:40:00,1900-01-01 21:45:00,447,8.083333333333334,Medium
12460,1900-01-01 06:15:00,1900-01-01 14:15:00,447,8.0,Medium
12461,1900-01-01 21:15:00,1900-01-01 08:00:00,618,10.75,Medium
12462,1900-01-01 19:45:00,1900-01-01 06:40:00,619,10.916666666666666,Medium
12463,1900-01-01 22:25:00,1900-01-01 08:35:00,614,10.166666666666666,Medium
12464,1900-01-01 19:00:00,1900-01-01 05:40:00,615,10.666666666666666,Medium
12465,1900-01-01 06:00:00,1900-01-01 22:15:00,905,16.25,Long
12466,1900-01-01 05:55:00,1900-01-01 22:30:00,906,16.583333333333332,Long
12467,1900-01-01 23:55:00,1900-01-01 12:35:00,700,12.666666666666666,Medium
12468,1900-01-01 16:15:00,1900-01-01 04:50:00,699,12.583333333333334,Medium
12469,1900-01-01 17:20:00,1900-01-01 11:50:00,1025,18.5,Long
12470,1900-01-01 20:10:00,1900-01-01 14:50:00,1025,18.666666666666668,Long
12471,1900-01-01 00:00:00,1900-01-01 00:00:00,2017,0.0,Long
12472,1900-01-01 09:10:00,1900-01-01 18:05:00,2019,8.916666666666666,Long
12473,1900-01-01 11:30:00,1900-01-01 17:10:00,1736,5.666666666666667,Long
12474,1900-01-01 09:10:00,1900-01-01 14:15:00,1739,5.083333333333333,Long
12475,1900-01-01 05:30:00,1900-01-01 17:10:00,2055,11.666666666666666,Long
12476,1900-01-01 09:10:00,1900-01-01 20:50:00,2058,11.666666666666666,Long
12477,1900-01-01 05:15:00,1900-01-01 17:10:00,2064,11.916666666666666,Long
12478,1900-01-01 09:10:00,1900-01-01 21:00:00,2066,11.833333333333334,Long
12479,1900-01-01 18:45:00,1900-01-01 11:35:00,934,16.833333333333332,Long
12480,1900-01-01 13:30:00,1900-01-01 06:30:00,932,17.0,Long
12481,1900-01-01 13:10:00,1900-01-01 20:40:00,409,7.5,Medium
12482,1900-01-01 05:55:00,1900-01-01 13:35:00,409,7.666666666666667,Medium
12483,1900-01-01 09:20:00,1900-01-01 19:45:00,3290,10.416666666666666,Long
12484,1900-01-01 05:55:00,1900-01-01 15:15:00,3288,9.333333333333334,Long
12485,1900-01-01 11:00:00,1900-01-01 22:30:00,1937,11.5,Long
12486,1900-01-01 14:45:00,1900-01-01 23:45:00,1940,9.0,Long
12487,1900-01-01 20:00:00,1900-01-01 21:00:00,1364,1.0,Long
12488,1900-01-01 07:30:00,1900-01-01 08:25:00,1364,0.9166666666666666,Long
12489,1900-01-01 00:00:00,1900-01-01 00:00:00,1244,0.0,Long
12490,1900-01-01 14:35:00,1900-01-01 13:10:00,1244,22.583333333333332,Long
12491,1900-01-01 05:00:00,1900-01-01 11:50:00,1609,6.833333333333333,Long
12492,1900-01-01 20:10:00,1900-01-01 02:10:00,1612,6.0,Long
12493,1900-01-01 05:15:00,1900-01-01 05:35:00,1498,0.3333333333333333,Long
12494,1900-01-01 21:35:00,1900-01-01 21:25:00,1501,23.833333333333332,Long
12495,1900-01-01 05:20:00,1900-01-01 13:15:00,1878,7.916666666666667,Long
12496,1900-01-01 22:45:00,1900-01-01 05:45:00,1876,7.0,Long
12497,1900-01-01 06:40:00,1900-01-01 14:20:00,447,7.666666666666667,Medium
12498,1900-01-01 15:10:00,1900-01-01 22:50:00,447,7.666666666666667,Medium
12501,1900-01-01 06:15:00,1900-01-01 13:00:00,1914,6.75,Long
12502,1900-01-01 23:45:00,1900-01-01 08:45:00,1914,9.0,Long
12503,1900-01-01 10:15:00,1900-01-01 13:30:00,3032,3.25,Long
12504,1900-01-01 20:10:00,1900-01-01 21:15:00,3032,1.0833333333333333,Long
12505,1900-01-01 00:00:00,1900-01-01 00:00:00,1850,0.0,Long
12506,1900-01-01 06:45:00,1900-01-01 16:50:00,1850,10.083333333333334,Long
12507,1900-01-01 16:55:00,1900-01-01 19:00:00,3932,2.0833333333333335,Long
12508,1900-01-01 19:55:00,1900-01-01 22:40:00,3930,2.75,Long
12509,1900-01-01 23:40:00,1900-01-01 06:00:00,2992,6.333333333333332,Long
12510,1900-01-01 06:20:00,1900-01-01 11:40:00,2993,5.333333333333333,Long
12511,1900-01-01 06:35:00,1900-01-01 17:15:00,3239,10.666666666666666,Long
12512,1900-01-01 06:15:00,1900-01-01 15:20:00,3245,9.083333333333334,Long
12513,1900-01-01 07:30:00,1900-01-01 06:00:00,2564,22.5,Long
12514,1900-01-01 06:20:00,1900-01-01 04:00:00,2567,21.666666666666668,Long
12515,1900-01-01 12:40:00,1900-01-01 17:15:00,3932,4.583333333333333,Long
12516,1900-01-01 19:55:00,1900-01-01 22:40:00,3930,2.75,Long
12517,1900-01-01 21:40:00,1900-01-01 15:55:00,1027,18.25,Long
12518,1900-01-01 00:00:00,1900-01-01 00:00:00,1027,0.0,Long
12519,1900-01-01 00:00:00,1900-01-01 00:00:00,2568,0.0,Long
12520,1900-01-01 21:00:00,1900-01-01 17:30:00,2567,20.5,Long
12521,1900-01-01 23:00:00,1900-01-01 13:00:00,3427,14.0,Long
12522,1900-01-01 10:15:00,1900-01-01 22:50:00,3435,12.583333333333334,Long
12523,1900-01-01 08:15:00,1900-01-01 12:10:00,1496,3.9166666666666665,Long
12524,1900-01-01 15:05:00,1900-01-01 18:35:00,1499,3.5,Long
12525,1900-01-01 21:40:00,1900-01-01 02:25:00,1584,4.75,Long
12526,1900-01-01 00:00:00,1900-01-01 00:00:00,1583,0.0,Long
12527,1900-01-01 00:00:00,1900-01-01 00:00:00,395,0.0,Medium
12529,1900-01-01 15:50:00,1900-01-01 02:35:00,518,10.75,Medium
12530,1900-01-01 05:00:00,1900-01-01 14:50:00,522,9.833333333333334,Medium
12531,1900-01-01 06:00:00,1900-01-01 11:00:00,277,5.0,Short
12532,1900-01-01 16:35:00,1900-01-01 21:35:00,278,5.0,Short
12533,1900-01-01 19:45:00,1900-01-01 19:50:00,1424,0.08333333333333333,Long
12534,1900-01-01 08:25:00,1900-01-01 08:40:00,1423,0.25,Long
12535,1900-01-01 14:10:00,1900-01-01 07:15:00,903,17.083333333333332,Long
12536,1900-01-01 12:20:00,1900-01-01 05:05:00,905,16.75,Long
12537,1900-01-01 00:00:00,1900-01-01 00:00:00,543,0.0,Medium
12538,1900-01-01 07:30:00,1900-01-01 17:45:00,543,10.25,Medium
12539,1900-01-01 00:00:00,1900-01-01 00:00:00,2548,0.0,Long
12540,1900-01-01 20:00:00,1900-01-01 16:40:00,2541,20.666666666666668,Long
12541,1900-01-01 21:50:00,1900-01-01 04:00:00,1685,6.166666666666668,Long
12542,1900-01-01 11:10:00,1900-01-01 17:00:00,1686,5.833333333333333,Long
12545,1900-01-01 16:45:00,1900-01-01 06:00:00,2045,13.25,Long
12546,1900-01-01 11:20:00,1900-01-01 00:45:00,2045,13.416666666666666,Long
12547,1900-01-01 22:15:00,1900-01-01 13:40:00,866,15.416666666666666,Long
12548,1900-01-01 16:55:00,1900-01-01 08:20:00,864,15.416666666666666,Long
12549,1900-01-01 12:00:00,1900-01-01 21:10:00,1847,9.166666666666666,Long
12550,1900-01-01 05:00:00,1900-01-01 14:20:00,1858,9.333333333333334,Long
12551,1900-01-01 08:30:00,1900-01-01 14:00:00,3024,5.5,Long
12552,1900-01-01 14:00:00,1900-01-01 18:25:00,3024,4.416666666666667,Long
12553,1900-01-01 09:30:00,1900-01-01 06:45:00,1167,21.25,Long
12554,1900-01-01 19:50:00,1900-01-01 17:15:00,1170,21.416666666666668,Long
12555,1900-01-01 16:35:00,1900-01-01 10:00:00,952,17.416666666666668,Long
12556,1900-01-01 16:20:00,1900-01-01 09:45:00,953,17.416666666666668,Long
12557,1900-01-01 12:35:00,1900-01-01 07:50:00,1057,19.25,Long
12558,1900-01-01 14:50:00,1900-01-01 10:25:00,1059,19.583333333333332,Long
12559,1900-01-01 19:40:00,1900-01-01 08:10:00,745,12.5,Medium
12560,1900-01-01 18:55:00,1900-01-01 07:00:00,745,12.083333333333334,Medium
12561,1900-01-01 00:00:00,1900-01-01 00:00:00,1223,0.0,Long
12562,1900-01-01 00:00:00,1900-01-01 00:00:00,1224,0.0,Long
12565,1900-01-01 08:35:00,1900-01-01 05:30:00,1153,20.916666666666668,Long
12566,1900-01-01 14:15:00,1900-01-01 11:15:00,1156,21.0,Long
12567,1900-01-01 07:00:00,1900-01-01 11:00:00,219,4.0,Short
12568,1900-01-01 12:45:00,1900-01-01 16:45:00,219,4.0,Short
12569,1900-01-01 12:00:00,1900-01-01 08:20:00,1238,20.333333333333332,Long
12570,1900-01-01 16:55:00,1900-01-01 13:35:00,1238,20.666666666666668,Long
12572,1900-01-01 20:00:00,1900-01-01 09:20:00,829,13.333333333333334,Long
12577,1900-01-01 16:00:00,1900-01-01 23:30:00,3045,7.5,Long
12578,1900-01-01 07:20:00,1900-01-01 14:25:00,3051,7.083333333333333,Long
12581,1900-01-01 22:30:00,1900-01-01 12:20:00,745,13.833333333333334,Medium
12582,1900-01-01 22:35:00,1900-01-01 11:10:00,745,12.583333333333334,Medium
12587,1900-01-01 14:20:00,1900-01-01 12:35:00,1246,22.25,Long
12588,1900-01-01 22:45:00,1900-01-01 20:30:00,1247,21.75,Long
12589,1900-01-01 06:35:00,1900-01-01 15:10:00,1833,8.583333333333334,Long
12590,1900-01-01 07:20:00,1900-01-01 15:20:00,1836,8.0,Long
12591,1900-01-01 00:00:00,1900-01-01 00:00:00,2513,0.0,Long
12592,1900-01-01 17:20:00,1900-01-01 15:05:00,2504,21.75,Long
12593,1900-01-01 22:45:00,1900-01-01 09:35:00,581,10.833333333333334,Medium
12594,1900-01-01 22:45:00,1900-01-01 09:45:00,581,11.0,Medium
12595,1900-01-01 20:00:00,1900-01-01 08:50:00,760,12.833333333333334,Medium
12596,1900-01-01 00:00:00,1900-01-01 00:00:00,761,0.0,Medium
12597,1900-01-01 08:30:00,1900-01-01 12:15:00,1693,3.75,Long
12598,1900-01-01 14:20:00,1900-01-01 18:35:00,1694,4.25,Long
12601,1900-01-01 20:20:00,1900-01-01 12:25:00,883,16.083333333333332,Long
12602,1900-01-01 13:25:00,1900-01-01 05:40:00,885,16.25,Long
12603,1900-01-01 16:45:00,1900-01-01 05:45:00,715,13.0,Medium
12604,1900-01-01 16:50:00,1900-01-01 05:55:00,716,13.083333333333334,Medium
12605,1900-01-01 15:45:00,1900-01-01 23:00:00,425,7.25,Medium
12606,1900-01-01 05:05:00,1900-01-01 12:10:00,425,7.083333333333333,Medium
12607,1900-01-01 15:35:00,1900-01-01 21:35:00,360,6.0,Medium
12608,1900-01-01 06:30:00,1900-01-01 12:15:00,361,5.75,Medium
12609,1900-01-01 13:35:00,1900-01-01 20:05:00,360,6.5,Medium
12610,1900-01-01 08:00:00,1900-01-01 14:30:00,361,6.5,Medium
12611,1900-01-01 06:10:00,1900-01-01 10:25:00,2156,4.25,Long
12612,1900-01-01 15:55:00,1900-01-01 20:15:00,2155,4.333333333333333,Long
12613,1900-01-01 11:30:00,1900-01-01 14:00:00,138,2.5,Short
12614,1900-01-01 15:00:00,1900-01-01 17:30:00,138,2.5,Short
12615,1900-01-01 19:15:00,1900-01-01 07:10:00,2169,11.916666666666666,Long
12616,1900-01-01 17:50:00,1900-01-01 06:20:00,2168,12.5,Long
12617,1900-01-01 13:15:00,1900-01-01 13:15:00,2751,0.0,Long
12618,1900-01-01 09:15:00,1900-01-01 10:15:00,2748,1.0,Long
12619,1900-01-01 15:20:00,1900-01-01 07:30:00,893,16.166666666666668,Long
12620,1900-01-01 14:35:00,1900-01-01 06:35:00,899,16.0,Long
12621,1900-01-01 22:00:00,1900-01-01 07:05:00,2163,9.083333333333334,Long
12622,1900-01-01 00:00:00,1900-01-01 00:00:00,2163,0.0,Long
12623,1900-01-01 19:45:00,1900-01-01 11:45:00,913,16.0,Long
12624,1900-01-01 14:50:00,1900-01-01 07:30:00,916,16.666666666666668,Long
12625,1900-01-01 11:15:00,1900-01-01 13:45:00,3013,2.5,Long
12626,1900-01-01 11:25:00,1900-01-01 14:45:00,3010,3.3333333333333335,Long
12627,1900-01-01 00:00:00,1900-01-01 00:00:00,2386,0.0,Long
12628,1900-01-01 21:15:00,1900-01-01 13:40:00,2389,16.416666666666668,Long
12629,1900-01-01 13:45:00,1900-01-01 13:00:00,2595,23.25,Long
12630,1900-01-01 08:45:00,1900-01-01 06:20:00,2595,21.583333333333332,Long
12631,1900-01-01 20:10:00,1900-01-01 07:10:00,649,11.0,Medium
12632,1900-01-01 19:45:00,1900-01-01 06:55:00,649,11.166666666666666,Medium
12633,1900-01-01 00:00:00,1900-01-01 00:00:00,738,0.0,Medium
12634,1900-01-01 00:00:00,1900-01-01 00:00:00,737,0.0,Medium
12635,1900-01-01 13:40:00,1900-01-01 21:20:00,492,7.666666666666667,Medium
12636,1900-01-01 07:00:00,1900-01-01 14:35:00,492,7.583333333333333,Medium
12637,1900-01-01 21:40:00,1900-01-01 05:55:00,492,8.25,Medium
12638,1900-01-01 20:35:00,1900-01-01 04:55:00,492,8.333333333333334,Medium
12639,1900-01-01 07:50:00,1900-01-01 14:00:00,360,6.166666666666667,Medium
12640,1900-01-01 15:00:00,1900-01-01 21:05:00,361,6.083333333333333,Medium
12641,1900-01-01 19:15:00,1900-01-01 18:00:00,2899,22.75,Long
12642,1900-01-01 07:10:00,1900-01-01 08:45:00,2898,1.5833333333333333,Long
12643,1900-01-01 14:15:00,1900-01-01 17:10:00,2991,2.9166666666666665,Long
12644,1900-01-01 05:50:00,1900-01-01 11:05:00,2988,5.25,Long
12645,1900-01-01 19:00:00,1900-01-01 17:10:00,2786,22.166666666666668,Long
12646,1900-01-01 05:50:00,1900-01-01 05:55:00,2782,0.08333333333333333,Long
12647,1900-01-01 00:00:00,1900-01-01 00:00:00,2650,0.0,Long
12648,1900-01-01 08:35:00,1900-01-01 09:15:00,2651,0.6666666666666666,Long
12649,1900-01-01 22:00:00,1900-01-01 09:15:00,2257,11.25,Long
12650,1900-01-01 06:25:00,1900-01-01 19:35:00,2258,13.166666666666666,Long
12651,1900-01-01 00:30:00,1900-01-01 18:00:00,2653,17.5,Long
12652,1900-01-01 07:10:00,1900-01-01 03:25:00,2652,20.25,Long
12653,1900-01-01 23:30:00,1900-01-01 05:15:00,336,5.75,Medium
12654,1900-01-01 22:40:00,1900-01-01 04:40:00,335,6.0,Medium
12655,1900-01-01 07:35:00,1900-01-01 16:05:00,1893,8.5,Long
12656,1900-01-01 09:35:00,1900-01-01 18:25:00,1895,8.833333333333334,Long
12657,1900-01-01 23:15:00,1900-01-01 05:10:00,360,5.916666666666668,Medium
12658,1900-01-01 22:40:00,1900-01-01 04:35:00,361,5.916666666666668,Medium
12659,1900-01-01 14:45:00,1900-01-01 13:50:00,2579,23.083333333333332,Long
12660,1900-01-01 23:05:00,1900-01-01 21:50:00,2579,22.75,Long
12661,1900-01-01 21:05:00,1900-01-01 08:50:00,665,11.75,Medium
12662,1900-01-01 18:15:00,1900-01-01 05:55:00,665,11.666666666666666,Medium
12663,1900-01-01 16:10:00,1900-01-01 03:30:00,2005,11.333333333333334,Long
12664,1900-01-01 16:20:00,1900-01-01 03:10:00,2004,10.833333333333334,Long
12665,1900-01-01 16:10:00,1900-01-01 10:25:00,2407,18.25,Long
12666,1900-01-01 07:50:00,1900-01-01 03:10:00,2406,19.333333333333332,Long
12667,1900-01-01 18:55:00,1900-01-01 08:10:00,722,13.25,Medium
12668,1900-01-01 17:05:00,1900-01-01 05:30:00,722,12.416666666666666,Medium
12669,1900-01-01 17:40:00,1900-01-01 11:45:00,2348,18.083333333333332,Long
12670,1900-01-01 21:00:00,1900-01-01 14:25:00,2343,17.416666666666668,Long
12671,1900-01-01 21:05:00,1900-01-01 06:15:00,526,9.166666666666666,Medium
12672,1900-01-01 19:45:00,1900-01-01 05:05:00,529,9.333333333333334,Medium
12673,1900-01-01 22:10:00,1900-01-01 06:15:00,491,8.083333333333334,Medium
12674,1900-01-01 22:40:00,1900-01-01 06:45:00,493,8.083333333333334,Medium
12675,1900-01-01 06:10:00,1900-01-01 13:45:00,491,7.583333333333333,Medium
12676,1900-01-01 14:55:00,1900-01-01 22:30:00,493,7.583333333333333,Medium
12677,1900-01-01 06:15:00,1900-01-01 16:55:00,581,10.666666666666666,Medium
12678,1900-01-01 09:10:00,1900-01-01 19:50:00,582,10.666666666666666,Medium
12679,1900-01-01 14:30:00,1900-01-01 22:15:00,491,7.75,Medium
12680,1900-01-01 06:15:00,1900-01-01 13:50:00,493,7.583333333333333,Medium
12681,1900-01-01 22:30:00,1900-01-01 06:40:00,491,8.166666666666666,Medium
12682,1900-01-01 23:30:00,1900-01-01 07:20:00,493,7.833333333333332,Medium
12683,1900-01-01 00:00:00,1900-01-01 00:00:00,617,0.0,Medium
12684,1900-01-01 18:50:00,1900-01-01 06:00:00,616,11.166666666666666,Medium
12685,1900-01-01 17:00:00,1900-01-01 09:05:00,883,16.083333333333332,Long
12686,1900-01-01 16:20:00,1900-01-01 08:00:00,885,15.666666666666666,Long
12687,1900-01-01 23:35:00,1900-01-01 04:45:00,3067,5.166666666666668,Long
12688,1900-01-01 06:45:00,1900-01-01 12:45:00,3064,6.0,Long
12689,1900-01-01 18:20:00,1900-01-01 11:05:00,918,16.75,Long
12690,1900-01-01 19:40:00,1900-01-01 12:25:00,920,16.75,Long
12691,1900-01-01 23:30:00,1900-01-01 09:40:00,528,10.166666666666666,Medium
12692,1900-01-01 18:25:00,1900-01-01 05:15:00,528,10.833333333333334,Medium
12693,1900-01-01 19:30:00,1900-01-01 06:35:00,652,11.083333333333334,Medium
12694,1900-01-01 20:00:00,1900-01-01 07:40:00,651,11.666666666666666,Medium
12695,1900-01-01 15:25:00,1900-01-01 07:35:00,914,16.166666666666668,Long
12696,1900-01-01 17:15:00,1900-01-01 10:00:00,916,16.75,Long
12697,1900-01-01 15:15:00,1900-01-01 06:35:00,901,15.333333333333334,Long
12698,1900-01-01 20:20:00,1900-01-01 12:25:00,903,16.083333333333332,Long
12701,1900-01-01 21:50:00,1900-01-01 12:10:00,791,14.333333333333334,Medium
12702,1900-01-01 14:45:00,1900-01-01 04:55:00,793,14.166666666666666,Medium
12703,1900-01-01 00:00:00,1900-01-01 00:00:00,1549,0.0,Long
12704,1900-01-01 15:55:00,1900-01-01 17:45:00,1548,1.8333333333333333,Long
12705,1900-01-01 15:00:00,1900-01-01 21:50:00,391,6.833333333333333,Medium
12706,1900-01-01 07:40:00,1900-01-01 14:25:00,390,6.75,Medium
12707,1900-01-01 05:40:00,1900-01-01 18:00:00,2292,12.333333333333334,Long
12708,1900-01-01 07:10:00,1900-01-01 21:35:00,2294,14.416666666666666,Long
12709,1900-01-01 18:50:00,1900-01-01 05:40:00,651,10.833333333333334,Medium
12710,1900-01-01 22:55:00,1900-01-01 09:15:00,650,10.333333333333334,Medium
12711,1900-01-01 06:00:00,1900-01-01 13:00:00,430,7.0,Medium
12712,1900-01-01 14:05:00,1900-01-01 21:10:00,429,7.083333333333333,Medium
12713,1900-01-01 06:25:00,1900-01-01 11:55:00,358,5.5,Medium
12714,1900-01-01 16:15:00,1900-01-01 22:10:00,358,5.916666666666667,Medium
12715,1900-01-01 09:30:00,1900-01-01 20:20:00,2056,10.833333333333334,Long
12716,1900-01-01 05:35:00,1900-01-01 16:00:00,2059,10.416666666666666,Long
12717,1900-01-01 12:40:00,1900-01-01 19:00:00,350,6.333333333333333,Medium
12718,1900-01-01 06:05:00,1900-01-01 12:10:00,350,6.083333333333333,Medium
12719,1900-01-01 00:00:00,1900-01-01 00:00:00,1718,0.0,Long
12720,1900-01-01 20:30:00,1900-01-01 03:05:00,1720,6.583333333333332,Long
12721,1900-01-01 22:30:00,1900-01-01 04:05:00,1662,5.583333333333332,Long
12722,1900-01-01 23:00:00,1900-01-01 05:00:00,1662,6.0,Long
12723,1900-01-01 06:25:00,1900-01-01 09:05:00,1669,2.6666666666666665,Long
12724,1900-01-01 17:25:00,1900-01-01 19:35:00,1669,2.1666666666666665,Long
12725,1900-01-01 13:00:00,1900-01-01 21:50:00,491,8.833333333333334,Medium
12726,1900-01-01 05:15:00,1900-01-01 14:05:00,488,8.833333333333334,Medium
12727,1900-01-01 17:25:00,1900-01-01 06:15:00,718,12.833333333333334,Medium
12728,1900-01-01 17:15:00,1900-01-01 05:50:00,719,12.583333333333334,Medium
12729,1900-01-01 22:00:00,1900-01-01 10:00:00,658,12.0,Medium
12730,1900-01-01 21:20:00,1900-01-01 09:20:00,658,12.0,Medium
12731,1900-01-01 16:40:00,1900-01-01 07:05:00,790,14.416666666666666,Medium
12732,1900-01-01 20:05:00,1900-01-01 10:35:00,790,14.5,Medium
12733,1900-01-01 00:00:00,1900-01-01 00:00:00,661,0.0,Medium
12734,1900-01-01 18:05:00,1900-01-01 06:05:00,661,12.0,Medium
12735,1900-01-01 20:30:00,1900-01-01 08:20:00,686,11.833333333333334,Medium
12736,1900-01-01 16:45:00,1900-01-01 05:00:00,686,12.25,Medium
12737,1900-01-01 20:20:00,1900-01-01 06:35:00,575,10.25,Medium
12738,1900-01-01 21:15:00,1900-01-01 07:30:00,575,10.25,Medium
12739,1900-01-01 20:30:00,1900-01-01 08:10:00,708,11.666666666666666,Medium
12740,1900-01-01 20:30:00,1900-01-01 07:40:00,708,11.166666666666666,Medium
12741,1900-01-01 19:05:00,1900-01-01 12:10:00,2243,17.083333333333332,Long
12742,1900-01-01 14:00:00,1900-01-01 08:55:00,2238,18.916666666666668,Long
12747,1900-01-01 05:45:00,1900-01-01 12:10:00,353,6.416666666666667,Medium
12748,1900-01-01 13:45:00,1900-01-01 20:00:00,353,6.25,Medium
12749,1900-01-01 20:40:00,1900-01-01 04:35:00,441,7.916666666666668,Medium
12750,1900-01-01 22:30:00,1900-01-01 06:25:00,438,7.916666666666668,Medium
12757,1900-01-01 08:20:00,1900-01-01 13:40:00,305,5.333333333333333,Medium
12758,1900-01-01 15:05:00,1900-01-01 20:25:00,305,5.333333333333333,Medium
12759,1900-01-01 18:10:00,1900-01-01 08:00:00,797,13.833333333333334,Medium
12760,1900-01-01 18:30:00,1900-01-01 08:15:00,798,13.75,Medium
12761,1900-01-01 22:40:00,1900-01-01 10:55:00,712,12.25,Medium
12762,1900-01-01 19:15:00,1900-01-01 08:10:00,710,12.916666666666666,Medium
12763,1900-01-01 17:00:00,1900-01-01 05:50:00,744,12.833333333333334,Medium
12764,1900-01-01 18:30:00,1900-01-01 07:00:00,743,12.5,Medium
12765,1900-01-01 15:10:00,1900-01-01 14:50:00,1305,23.666666666666668,Long
12766,1900-01-01 06:45:00,1900-01-01 06:35:00,1305,23.833333333333332,Long
12767,1900-01-01 15:15:00,1900-01-01 19:15:00,1572,4.0,Long
12768,1900-01-01 14:50:00,1900-01-01 18:55:00,1578,4.083333333333333,Long
12769,1900-01-01 15:10:00,1900-01-01 04:05:00,711,12.916666666666666,Medium
12770,1900-01-01 17:40:00,1900-01-01 06:35:00,711,12.916666666666666,Medium
12771,1900-01-01 22:00:00,1900-01-01 08:15:00,587,10.25,Medium
12772,1900-01-01 22:00:00,1900-01-01 08:25:00,586,10.416666666666666,Medium
12773,1900-01-01 16:05:00,1900-01-01 18:30:00,1590,2.4166666666666665,Long
12774,1900-01-01 05:40:00,1900-01-01 09:05:00,1589,3.4166666666666665,Long
12775,1900-01-01 00:00:00,1900-01-01 00:00:00,598,0.0,Medium
12776,1900-01-01 20:45:00,1900-01-01 07:25:00,598,10.666666666666666,Medium
12777,1900-01-01 06:45:00,1900-01-01 06:30:00,1295,23.75,Long
12778,1900-01-01 12:50:00,1900-01-01 12:40:00,1297,23.833333333333332,Long
12779,1900-01-01 15:10:00,1900-01-01 06:20:00,2148,15.166666666666666,Long
12780,1900-01-01 15:00:00,1900-01-01 06:30:00,2151,15.5,Long
12781,1900-01-01 20:10:00,1900-01-01 17:10:00,2602,21.0,Long
12782,1900-01-01 05:50:00,1900-01-01 04:55:00,2602,23.083333333333332,Long
12783,1900-01-01 18:55:00,1900-01-01 07:40:00,710,12.75,Medium
12784,1900-01-01 17:55:00,1900-01-01 06:50:00,708,12.916666666666666,Medium
12785,1900-01-01 19:05:00,1900-01-01 06:25:00,623,11.333333333333334,Medium
12786,1900-01-01 00:00:00,1900-01-01 00:00:00,623,0.0,Medium
12791,1900-01-01 00:00:00,1900-01-01 00:00:00,1843,0.0,Long
12792,1900-01-01 12:15:00,1900-01-01 21:30:00,1840,9.25,Long
12795,1900-01-01 17:30:00,1900-01-01 22:50:00,314,5.333333333333333,Medium
12796,1900-01-01 05:30:00,1900-01-01 10:45:00,314,5.25,Medium
12797,1900-01-01 20:05:00,1900-01-01 08:55:00,707,12.833333333333334,Medium
12798,1900-01-01 17:30:00,1900-01-01 06:20:00,707,12.833333333333334,Medium
12801,1900-01-01 21:45:00,1900-01-01 04:25:00,1860,6.666666666666668,Long
12802,1900-01-01 22:25:00,1900-01-01 05:20:00,1860,6.916666666666668,Long
12803,1900-01-01 08:20:00,1900-01-01 17:10:00,2076,8.833333333333334,Long
12804,1900-01-01 00:00:00,1900-01-01 00:00:00,2076,0.0,Long
12805,1900-01-01 06:15:00,1900-01-01 18:45:00,688,12.5,Medium
12806,1900-01-01 07:10:00,1900-01-01 19:40:00,689,12.5,Medium
12807,1900-01-01 06:25:00,1900-01-01 16:45:00,1900,10.333333333333334,Long
12808,1900-01-01 08:35:00,1900-01-01 18:10:00,1895,9.583333333333334,Long
12809,1900-01-01 20:35:00,1900-01-01 05:50:00,1972,9.25,Long
12810,1900-01-01 20:15:00,1900-01-01 05:20:00,1979,9.083333333333334,Long
12811,1900-01-01 00:15:00,1900-01-01 03:45:00,1701,3.5,Long
12812,1900-01-01 09:40:00,1900-01-01 13:35:00,1709,3.9166666666666665,Long
12813,1900-01-01 17:30:00,1900-01-01 21:30:00,254,4.0,Short
12814,1900-01-01 06:15:00,1900-01-01 10:20:00,253,4.083333333333333,Short
12815,1900-01-01 10:55:00,1900-01-01 17:05:00,1794,6.166666666666667,Long
12816,1900-01-01 06:25:00,1900-01-01 12:05:00,1788,5.666666666666667,Long
12817,1900-01-01 14:40:00,1900-01-01 13:55:00,1291,23.25,Long
12818,1900-01-01 19:45:00,1900-01-01 16:45:00,1294,21.0,Long
12819,1900-01-01 15:50:00,1900-01-01 20:50:00,1774,5.0,Long
12820,1900-01-01 07:05:00,1900-01-01 12:20:00,1774,5.25,Long
12821,1900-01-01 06:00:00,1900-01-01 14:20:00,504,8.333333333333334,Medium
12822,1900-01-01 11:45:00,1900-01-01 20:15:00,503,8.5,Medium
12823,1900-01-01 12:00:00,1900-01-01 09:05:00,1255,21.083333333333332,Long
12824,1900-01-01 17:25:00,1900-01-01 15:10:00,1266,21.75,Long
12825,1900-01-01 23:45:00,1900-01-01 20:55:00,1297,21.166666666666668,Long
12826,1900-01-01 06:55:00,1900-01-01 04:55:00,1300,22.0,Long
12827,1900-01-01 16:50:00,1900-01-01 22:20:00,323,5.5,Medium
12828,1900-01-01 05:30:00,1900-01-01 11:20:00,323,5.833333333333333,Medium
12829,1900-01-01 21:10:00,1900-01-01 17:20:00,1222,20.166666666666668,Long
12830,1900-01-01 12:00:00,1900-01-01 08:55:00,1222,20.916666666666668,Long
12831,1900-01-01 17:40:00,1900-01-01 08:00:00,725,14.333333333333334,Medium
12832,1900-01-01 20:15:00,1900-01-01 09:30:00,722,13.25,Medium
12833,1900-01-01 00:15:00,1900-01-01 13:30:00,2097,13.25,Long
12834,1900-01-01 23:55:00,1900-01-01 13:25:00,2098,13.5,Long
12835,1900-01-01 18:25:00,1900-01-01 05:00:00,1891,10.583333333333334,Long
12836,1900-01-01 08:30:00,1900-01-01 19:05:00,1891,10.583333333333334,Long
12837,1900-01-01 22:35:00,1900-01-01 07:00:00,504,8.416666666666666,Medium
12838,1900-01-01 20:20:00,1900-01-01 04:50:00,503,8.5,Medium
12839,1900-01-01 23:45:00,1900-01-01 03:50:00,1664,4.083333333333332,Long
12840,1900-01-01 23:45:00,1900-01-01 04:00:00,1663,4.25,Long
12841,1900-01-01 14:50:00,1900-01-01 17:00:00,1664,2.1666666666666665,Long
12842,1900-01-01 08:45:00,1900-01-01 11:50:00,1663,3.0833333333333335,Long
12843,1900-01-01 17:30:00,1900-01-01 07:25:00,2148,13.916666666666666,Long
12844,1900-01-01 18:40:00,1900-01-01 08:55:00,2141,14.25,Long
12845,1900-01-01 07:30:00,1900-01-01 10:50:00,1510,3.3333333333333335,Long
12846,1900-01-01 08:25:00,1900-01-01 11:10:00,1510,2.75,Long
12847,1900-01-01 11:10:00,1900-01-01 14:20:00,185,3.1666666666666665,Short
12848,1900-01-01 15:30:00,1900-01-01 18:40:00,186,3.1666666666666665,Short
12849,1900-01-01 11:35:00,1900-01-01 09:45:00,1312,22.166666666666668,Long
12850,1900-01-01 17:40:00,1900-01-01 16:50:00,1305,23.166666666666668,Long
12851,1900-01-01 08:55:00,1900-01-01 08:55:00,1412,0.0,Long
12852,1900-01-01 21:10:00,1900-01-01 20:15:00,1409,23.083333333333332,Long
12853,1900-01-01 18:20:00,1900-01-01 10:30:00,889,16.166666666666668,Long
12854,1900-01-01 15:40:00,1900-01-01 07:55:00,897,16.25,Long
12855,1900-01-01 15:55:00,1900-01-01 23:00:00,416,7.083333333333333,Medium
12856,1900-01-01 06:30:00,1900-01-01 13:40:00,405,7.166666666666667,Medium
12857,1900-01-01 06:35:00,1900-01-01 09:57:00,185,3.3666666666666667,Short
12858,1900-01-01 10:25:00,1900-01-01 13:50:00,186,3.4166666666666665,Short
12859,1900-01-01 06:00:00,1900-01-01 12:30:00,1972,6.5,Long
12860,1900-01-01 13:50:00,1900-01-01 21:20:00,1979,7.5,Long
12861,1900-01-01 15:05:00,1900-01-01 01:10:00,578,10.083333333333334,Medium
12862,1900-01-01 02:40:00,1900-01-01 13:30:00,576,10.833333333333334,Medium
12863,1900-01-01 20:35:00,1900-01-01 07:15:00,1959,10.666666666666666,Long
12864,1900-01-01 19:35:00,1900-01-01 06:25:00,1959,10.833333333333334,Long
12865,1900-01-01 08:30:00,1900-01-01 14:10:00,344,5.666666666666667,Medium
12866,1900-01-01 14:40:00,1900-01-01 20:30:00,343,5.833333333333333,Medium
12867,1900-01-01 23:30:00,1900-01-01 08:50:00,1922,9.333333333333334,Long
12868,1900-01-01 12:30:00,1900-01-01 22:40:00,1922,10.166666666666666,Long
12869,1900-01-01 11:05:00,1900-01-01 19:30:00,1972,8.416666666666666,Long
12870,1900-01-01 14:35:00,1900-01-01 23:15:00,1979,8.666666666666666,Long
12871,1900-01-01 06:55:00,1900-01-01 20:15:00,745,13.333333333333334,Medium
12872,1900-01-01 05:15:00,1900-01-01 18:50:00,746,13.583333333333334,Medium
12873,1900-01-01 13:40:00,1900-01-01 13:55:00,1322,0.25,Long
12874,1900-01-01 19:45:00,1900-01-01 19:55:00,1325,0.16666666666666666,Long
12875,1900-01-01 10:55:00,1900-01-01 21:45:00,1911,10.833333333333334,Long
12876,1900-01-01 06:25:00,1900-01-01 16:50:00,1912,10.416666666666666,Long
12877,1900-01-01 00:00:00,1900-01-01 00:00:00,1333,0.0,Long
12878,1900-01-01 16:00:00,1900-01-01 11:20:00,1336,19.333333333333332,Long
12879,1900-01-01 00:15:00,1900-01-01 07:15:00,1790,7.0,Long
12880,1900-01-01 07:10:00,1900-01-01 13:35:00,1798,6.416666666666667,Long
12881,1900-01-01 20:55:00,1900-01-01 05:40:00,504,8.75,Medium
12882,1900-01-01 22:15:00,1900-01-01 07:05:00,503,8.833333333333334,Medium
12883,1900-01-01 06:25:00,1900-01-01 11:50:00,322,5.416666666666667,Medium
12884,1900-01-01 15:35:00,1900-01-01 21:15:00,330,5.666666666666667,Medium
12885,1900-01-01 07:45:00,1900-01-01 13:00:00,318,5.25,Medium
12886,1900-01-01 13:20:00,1900-01-01 19:00:00,317,5.666666666666667,Medium
12887,1900-01-01 20:55:00,1900-01-01 05:40:00,504,8.75,Medium
12888,1900-01-01 22:15:00,1900-01-01 07:05:00,503,8.833333333333334,Medium
12889,1900-01-01 18:35:00,1900-01-01 05:00:00,1890,10.416666666666666,Long
12890,1900-01-01 08:30:00,1900-01-01 19:00:00,1893,10.5,Long
12891,1900-01-01 04:20:00,1900-01-01 10:00:00,311,5.666666666666667,Medium
12892,1900-01-01 17:10:00,1900-01-01 22:50:00,311,5.666666666666667,Medium
12893,1900-01-01 06:45:00,1900-01-01 13:40:00,395,6.916666666666667,Medium
12894,1900-01-01 14:30:00,1900-01-01 21:40:00,395,7.166666666666667,Medium
12895,1900-01-01 20:55:00,1900-01-01 05:40:00,504,8.75,Medium
12896,1900-01-01 22:15:00,1900-01-01 07:05:00,503,8.833333333333334,Medium
12897,1900-01-01 18:35:00,1900-01-01 18:40:00,1423,0.08333333333333333,Long
12898,1900-01-01 12:00:00,1900-01-01 13:15:00,1423,1.25,Long
12901,1900-01-01 22:05:00,1900-01-01 06:35:00,490,8.5,Medium
12902,1900-01-01 22:00:00,1900-01-01 06:25:00,490,8.416666666666666,Medium
12903,1900-01-01 21:25:00,1900-01-01 05:30:00,1885,8.083333333333334,Long
12904,1900-01-01 21:25:00,1900-01-01 05:05:00,1888,7.666666666666668,Long
12905,1900-01-01 07:50:00,1900-01-01 03:35:00,2559,19.75,Long
12906,1900-01-01 22:50:00,1900-01-01 18:25:00,2566,19.583333333333332,Long
12907,1900-01-01 16:35:00,1900-01-01 13:45:00,1355,21.166666666666668,Long
12908,1900-01-01 21:35:00,1900-01-01 16:35:00,1358,19.0,Long
12909,1900-01-01 16:35:00,1900-01-01 09:40:00,1355,17.083333333333332,Long
12910,1900-01-01 15:35:00,1900-01-01 08:10:00,1358,16.583333333333332,Long
12911,1900-01-01 15:40:00,1900-01-01 16:40:00,1427,1.0,Long
12912,1900-01-01 18:45:00,1900-01-01 18:20:00,1430,23.583333333333332,Long
12913,1900-01-01 20:35:00,1900-01-01 08:25:00,650,11.833333333333334,Medium
12914,1900-01-01 19:00:00,1900-01-01 06:50:00,650,11.833333333333334,Medium
12915,1900-01-01 18:30:00,1900-01-01 10:10:00,930,15.666666666666666,Long
12916,1900-01-01 15:20:00,1900-01-01 07:40:00,933,16.333333333333332,Long
12917,1900-01-01 00:00:00,1900-01-01 00:00:00,1075,0.0,Long
12918,1900-01-01 13:55:00,1900-01-01 06:10:00,1077,16.25,Long
12919,1900-01-01 12:25:00,1900-01-01 18:25:00,1598,6.0,Long
12920,1900-01-01 06:55:00,1900-01-01 12:50:00,1601,5.916666666666667,Long
12921,1900-01-01 17:55:00,1900-01-01 22:35:00,262,4.666666666666667,Short
12922,1900-01-01 05:25:00,1900-01-01 10:10:00,262,4.75,Short
12923,1900-01-01 21:25:00,1900-01-01 08:25:00,606,11.0,Medium
12924,1900-01-01 19:00:00,1900-01-01 05:40:00,606,10.666666666666666,Medium
12925,1900-01-01 12:00:00,1900-01-01 19:20:00,1810,7.333333333333333,Long
12926,1900-01-01 08:10:00,1900-01-01 14:45:00,1813,6.583333333333333,Long
12927,1900-01-01 23:40:00,1900-01-01 05:55:00,391,6.25,Medium
12928,1900-01-01 00:00:00,1900-01-01 00:00:00,391,0.0,Medium
12929,1900-01-01 07:15:00,1900-01-01 13:25:00,344,6.166666666666667,Medium
12930,1900-01-01 14:50:00,1900-01-01 21:05:00,344,6.25,Medium
12931,1900-01-01 14:20:00,1900-01-01 21:40:00,490,7.333333333333333,Medium
12932,1900-01-01 06:00:00,1900-01-01 13:00:00,490,7.0,Medium
12933,1900-01-01 13:40:00,1900-01-01 21:25:00,490,7.75,Medium
12934,1900-01-01 04:55:00,1900-01-01 12:35:00,490,7.666666666666667,Medium
12935,1900-01-01 06:50:00,1900-01-01 11:10:00,251,4.333333333333333,Short
12936,1900-01-01 16:05:00,1900-01-01 20:25:00,251,4.333333333333333,Short
12937,1900-01-01 17:40:00,1900-01-01 13:05:00,2509,19.416666666666668,Long
12938,1900-01-01 23:00:00,1900-01-01 16:30:00,2508,17.5,Long
12939,1900-01-01 15:35:00,1900-01-01 13:40:00,1289,22.083333333333332,Long
12940,1900-01-01 09:15:00,1900-01-01 08:05:00,1290,22.833333333333332,Long
12941,1900-01-01 17:30:00,1900-01-01 10:20:00,2308,16.833333333333332,Long
12942,1900-01-01 19:50:00,1900-01-01 11:10:00,2308,15.333333333333334,Long
12943,1900-01-01 20:15:00,1900-01-01 19:10:00,1301,22.916666666666668,Long
12944,1900-01-01 08:00:00,1900-01-01 07:35:00,1301,23.583333333333332,Long
12946,1900-01-01 19:55:00,1900-01-01 07:15:00,632,11.333333333333334,Medium
12947,1900-01-01 21:40:00,1900-01-01 04:30:00,1754,6.833333333333332,Long
12948,1900-01-01 23:35:00,1900-01-01 05:20:00,1754,5.75,Long
12949,1900-01-01 08:10:00,1900-01-01 08:05:00,2664,23.916666666666668,Long
12950,1900-01-01 21:25:00,1900-01-01 20:30:00,2670,23.083333333333332,Long
12951,1900-01-01 17:00:00,1900-01-01 08:35:00,1373,15.583333333333334,Long
12952,1900-01-01 16:25:00,1900-01-01 08:15:00,1376,15.833333333333334,Long
12953,1900-01-01 17:40:00,1900-01-01 10:55:00,1366,17.25,Long
12954,1900-01-01 16:50:00,1900-01-01 09:45:00,1369,16.916666666666668,Long
12955,1900-01-01 18:50:00,1900-01-01 12:40:00,1157,17.833333333333332,Long
12956,1900-01-01 14:00:00,1900-01-01 07:40:00,1158,17.666666666666668,Long
12957,1900-01-01 17:40:00,1900-01-01 07:30:00,931,13.833333333333334,Long
12958,1900-01-01 19:55:00,1900-01-01 09:40:00,934,13.75,Long
12959,1900-01-01 00:05:00,1900-01-01 17:50:00,972,17.75,Long
12960,1900-01-01 18:30:00,1900-01-01 12:00:00,972,17.5,Long
12961,1900-01-01 19:10:00,1900-01-01 09:15:00,831,14.083333333333334,Long
12962,1900-01-01 16:20:00,1900-01-01 06:10:00,831,13.833333333333334,Long
12963,1900-01-01 19:00:00,1900-01-01 07:15:00,735,12.25,Medium
12964,1900-01-01 18:15:00,1900-01-01 06:35:00,733,12.333333333333334,Medium
12967,1900-01-01 17:40:00,1900-01-01 06:15:00,2179,12.583333333333334,Long
12968,1900-01-01 19:35:00,1900-01-01 09:45:00,2174,14.166666666666666,Long
12969,1900-01-01 09:20:00,1900-01-01 06:15:00,2673,20.916666666666668,Long
12970,1900-01-01 19:35:00,1900-01-01 18:00:00,2667,22.416666666666668,Long
12971,1900-01-01 21:30:00,1900-01-01 10:30:00,778,13.0,Medium
12972,1900-01-01 18:35:00,1900-01-01 08:40:00,778,14.083333333333334,Medium
12973,1900-01-01 22:25:00,1900-01-01 08:20:00,593,9.916666666666666,Medium
12974,1900-01-01 21:05:00,1900-01-01 07:10:00,593,10.083333333333334,Medium
12975,1900-01-01 00:00:00,1900-01-01 00:00:00,2483,0.0,Long
12976,1900-01-01 19:35:00,1900-01-01 15:45:00,2483,20.166666666666668,Long
12977,1900-01-01 20:25:00,1900-01-01 12:10:00,778,15.75,Medium
12978,1900-01-01 21:15:00,1900-01-01 03:20:00,2560,6.083333333333332,Long
12979,1900-01-01 15:50:00,1900-01-01 10:45:00,1146,18.916666666666668,Long
12980,1900-01-01 20:25:00,1900-01-01 14:20:00,1147,17.916666666666668,Long
12981,1900-01-01 19:40:00,1900-01-01 07:50:00,672,12.166666666666666,Medium
12982,1900-01-01 17:15:00,1900-01-01 05:05:00,672,11.833333333333334,Medium
12983,1900-01-01 17:55:00,1900-01-01 06:45:00,715,12.833333333333334,Medium
12984,1900-01-01 20:50:00,1900-01-01 09:40:00,715,12.833333333333334,Medium
12985,1900-01-01 06:00:00,1900-01-01 10:30:00,302,4.5,Medium
12986,1900-01-01 17:35:00,1900-01-01 22:05:00,302,4.5,Medium
12987,1900-01-01 22:55:00,1900-01-01 02:45:00,1637,3.833333333333332,Long
12988,1900-01-01 12:50:00,1900-01-01 16:00:00,1638,3.1666666666666665,Long
12989,1900-01-01 14:35:00,1900-01-01 08:15:00,974,17.666666666666668,Long
12990,1900-01-01 19:20:00,1900-01-01 12:40:00,976,17.333333333333332,Long
12991,1900-01-01 06:00:00,1900-01-01 13:30:00,434,7.5,Medium
12992,1900-01-01 14:00:00,1900-01-01 21:30:00,434,7.5,Medium
12993,1900-01-01 22:45:00,1900-01-01 16:10:00,2288,17.416666666666668,Long
12994,1900-01-01 19:45:00,1900-01-01 13:00:00,2295,17.25,Long
12995,1900-01-01 15:50:00,1900-01-01 08:55:00,944,17.083333333333332,Long
12996,1900-01-01 00:00:00,1900-01-01 00:00:00,945,0.0,Long
13005,1900-01-01 19:10:00,1900-01-01 08:55:00,1906,13.75,Long
13006,1900-01-01 18:40:00,1900-01-01 07:20:00,1907,12.666666666666666,Long
13007,1900-01-01 09:35:00,1900-01-01 07:00:00,1949,21.416666666666668,Long
13008,1900-01-01 21:00:00,1900-01-01 19:30:00,1952,22.5,Long
13009,1900-01-01 20:25:00,1900-01-01 07:35:00,1558,11.166666666666666,Long
13010,1900-01-01 20:00:00,1900-01-01 06:55:00,1559,10.916666666666666,Long
13011,1900-01-01 15:25:00,1900-01-01 22:50:00,340,7.416666666666667,Medium
13012,1900-01-01 04:30:00,1900-01-01 11:25:00,340,6.916666666666667,Medium
13013,1900-01-01 07:15:00,1900-01-01 09:35:00,111,2.3333333333333335,Short
13014,1900-01-01 18:40:00,1900-01-01 21:25:00,111,2.75,Short
13015,1900-01-01 10:40:00,1900-01-01 13:45:00,158,3.0833333333333335,Short
13016,1900-01-01 14:10:00,1900-01-01 17:15:00,158,3.0833333333333335,Short
13017,1900-01-01 06:05:00,1900-01-01 12:00:00,275,5.916666666666667,Short
13018,1900-01-01 15:40:00,1900-01-01 21:45:00,275,6.083333333333333,Short
13019,1900-01-01 21:45:00,1900-01-01 09:25:00,1517,11.666666666666666,Long
13020,1900-01-01 21:55:00,1900-01-01 12:40:00,1521,14.75,Long
13021,1900-01-01 00:00:00,1900-01-01 00:00:00,691,0.0,Medium
13022,1900-01-01 00:00:00,1900-01-01 00:00:00,692,0.0,Medium
13023,1900-01-01 00:00:00,1900-01-01 00:00:00,658,0.0,Medium
13024,1900-01-01 12:20:00,1900-01-01 03:40:00,658,15.333333333333334,Medium
13027,1900-01-01 22:40:00,1900-01-01 04:20:00,275,5.666666666666668,Short
13028,1900-01-01 07:50:00,1900-01-01 13:55:00,275,6.083333333333333,Short
13033,1900-01-01 21:25:00,1900-01-01 09:45:00,419,12.333333333333334,Medium
13034,1900-01-01 15:30:00,1900-01-01 04:15:00,419,12.75,Medium
13043,1900-01-01 22:50:00,1900-01-01 15:45:00,697,16.916666666666668,Medium
13044,1900-01-01 20:30:00,1900-01-01 12:15:00,698,15.75,Medium
13049,1900-01-01 13:50:00,1900-01-01 10:20:00,1908,20.5,Long
13050,1900-01-01 18:10:00,1900-01-01 15:45:00,1909,21.583333333333332,Long
13053,1900-01-01 00:00:00,1900-01-01 00:00:00,210,0.0,Short
13054,1900-01-01 17:30:00,1900-01-01 22:40:00,210,5.166666666666667,Short
13063,1900-01-01 07:55:00,1900-01-01 19:30:00,403,11.583333333333334,Medium
13064,1900-01-01 20:30:00,1900-01-01 06:15:00,424,9.75,Medium
13071,1900-01-01 00:00:00,1900-01-01 00:00:00,472,0.0,Medium
13072,1900-01-01 19:30:00,1900-01-01 05:30:00,472,10.0,Medium
13103,1900-01-01 18:20:00,1900-01-01 22:55:00,229,4.583333333333333,Short
13104,1900-01-01 05:35:00,1900-01-01 10:25:00,229,4.833333333333333,Short
13105,1900-01-01 13:20:00,1900-01-01 06:10:00,680,16.833333333333332,Medium
13106,1900-01-01 08:50:00,1900-01-01 03:35:00,681,18.75,Medium
13109,1900-01-01 07:10:00,1900-01-01 09:25:00,112,2.25,Short
13110,1900-01-01 13:45:00,1900-01-01 16:00:00,112,2.25,Short
13113,1900-01-01 06:50:00,1900-01-01 11:20:00,222,4.5,Short
13114,1900-01-01 16:20:00,1900-01-01 21:25:00,222,5.083333333333333,Short
13117,1900-01-01 16:10:00,1900-01-01 20:45:00,222,4.583333333333333,Short
13118,1900-01-01 06:40:00,1900-01-01 11:20:00,222,4.666666666666667,Short
13119,1900-01-01 21:15:00,1900-01-01 11:40:00,1627,14.416666666666666,Long
13120,1900-01-01 18:15:00,1900-01-01 10:55:00,1627,16.666666666666668,Long
13121,1900-01-01 20:05:00,1900-01-01 10:30:00,740,14.416666666666666,Medium
13122,1900-01-01 14:10:00,1900-01-01 05:15:00,741,15.083333333333334,Medium
13129,1900-01-01 07:10:00,1900-01-01 08:55:00,78,1.75,Short
13130,1900-01-01 16:20:00,1900-01-01 18:10:00,78,1.8333333333333333,Short
13131,1900-01-01 19:50:00,1900-01-01 09:45:00,545,13.916666666666666,Medium
13132,1900-01-01 17:10:00,1900-01-01 07:30:00,546,14.333333333333334,Medium
13133,1900-01-01 00:00:00,1900-01-01 00:00:00,871,0.0,Long
13134,1900-01-01 08:40:00,1900-01-01 10:55:00,871,2.25,Long
13135,1900-01-01 20:55:00,1900-01-01 10:55:00,618,14.0,Medium
13136,1900-01-01 12:40:00,1900-01-01 03:45:00,619,15.083333333333334,Medium
13137,1900-01-01 11:25:00,1900-01-01 06:05:00,785,18.666666666666668,Medium
13138,1900-01-01 08:00:00,1900-01-01 03:45:00,786,19.75,Medium
13141,1900-01-01 13:40:00,1900-01-01 07:15:00,716,17.583333333333332,Medium
13142,1900-01-01 11:45:00,1900-01-01 04:35:00,716,16.833333333333332,Medium
13145,1900-01-01 19:30:00,1900-01-01 06:50:00,473,11.333333333333334,Medium
13146,1900-01-01 17:50:00,1900-01-01 05:35:00,473,11.75,Medium
13147,1900-01-01 19:35:00,1900-01-01 09:40:00,692,14.083333333333334,Medium
13148,1900-01-01 15:25:00,1900-01-01 05:10:00,692,13.75,Medium
13149,1900-01-01 20:30:00,1900-01-01 12:10:00,734,15.666666666666666,Medium
13150,1900-01-01 15:30:00,1900-01-01 08:15:00,734,16.75,Medium
13151,1900-01-01 11:45:00,1900-01-01 09:10:00,1978,21.416666666666668,Long
13152,1900-01-01 18:55:00,1900-01-01 15:45:00,1979,20.833333333333332,Long
13153,1900-01-01 22:15:00,1900-01-01 06:00:00,350,7.75,Medium
13154,1900-01-01 21:35:00,1900-01-01 05:20:00,350,7.75,Medium
13155,1900-01-01 20:55:00,1900-01-01 11:00:00,618,14.083333333333334,Medium
13156,1900-01-01 12:55:00,1900-01-01 03:45:00,618,14.833333333333334,Medium
13157,1900-01-01 20:55:00,1900-01-01 09:15:00,564,12.333333333333334,Medium
13158,1900-01-01 14:40:00,1900-01-01 03:45:00,565,13.083333333333334,Medium
13159,1900-01-01 20:55:00,1900-01-01 11:05:00,542,14.166666666666666,Medium
13160,1900-01-01 14:35:00,1900-01-01 03:20:00,542,12.75,Medium
13161,1900-01-01 12:55:00,1900-01-01 22:35:00,427,9.666666666666666,Medium
13162,1900-01-01 05:30:00,1900-01-01 14:25:00,426,8.916666666666666,Medium
13163,1900-01-01 20:10:00,1900-01-01 12:35:00,589,16.416666666666668,Medium
13164,1900-01-01 14:20:00,1900-01-01 07:15:00,589,16.916666666666668,Medium
13165,1900-01-01 22:45:00,1900-01-01 13:00:00,606,14.25,Medium
13166,1900-01-01 22:25:00,1900-01-01 12:25:00,618,14.0,Medium
13167,1900-01-01 12:10:00,1900-01-01 16:35:00,1462,4.416666666666667,Long
13168,1900-01-01 04:40:00,1900-01-01 08:45:00,1463,4.083333333333333,Long
13169,1900-01-01 20:10:00,1900-01-01 12:35:00,569,16.416666666666668,Medium
13170,1900-01-01 14:20:00,1900-01-01 07:15:00,568,16.916666666666668,Medium
13185,1900-01-01 17:45:00,1900-01-01 08:50:00,625,15.083333333333334,Medium
13186,1900-01-01 16:35:00,1900-01-01 06:55:00,626,14.333333333333334,Medium
13187,1900-01-01 07:20:00,1900-01-01 12:15:00,228,4.916666666666667,Short
13188,1900-01-01 14:05:00,1900-01-01 18:45:00,228,4.666666666666667,Short
13201,1900-01-01 23:45:00,1900-01-01 11:30:00,1698,11.75,Long
13202,1900-01-01 00:00:00,1900-01-01 00:00:00,1699,0.0,Long
13205,1900-01-01 23:00:00,1900-01-01 06:15:00,223,7.25,Short
13206,1900-01-01 09:00:00,1900-01-01 14:50:00,223,5.833333333333333,Short
13225,1900-01-01 00:00:00,1900-01-01 00:00:00,264,0.0,Short
13226,1900-01-01 07:10:00,1900-01-01 15:05:00,264,7.916666666666667,Short
13233,1900-01-01 16:30:00,1900-01-01 20:25:00,108,3.9166666666666665,Short
13234,1900-01-01 07:40:00,1900-01-01 11:45:00,108,4.083333333333333,Short
13235,1900-01-01 14:25:00,1900-01-01 23:35:00,305,9.166666666666666,Medium
13236,1900-01-01 04:55:00,1900-01-01 13:05:00,305,8.166666666666666,Medium
13237,1900-01-01 11:50:00,1900-01-01 12:55:00,1245,1.0833333333333333,Long
13238,1900-01-01 14:50:00,1900-01-01 17:30:00,1246,2.6666666666666665,Long
13239,1900-01-01 11:50:00,1900-01-01 12:55:00,1198,1.0833333333333333,Long
13240,1900-01-01 14:50:00,1900-01-01 17:30:00,1199,2.6666666666666665,Long
13241,1900-01-01 07:35:00,1900-01-01 15:00:00,271,7.416666666666667,Short
13242,1900-01-01 23:55:00,1900-01-01 06:50:00,271,6.916666666666668,Short
13243,1900-01-01 17:45:00,1900-01-01 23:35:00,242,5.833333333333333,Short
13244,1900-01-01 04:15:00,1900-01-01 10:15:00,242,6.0,Short
13245,1900-01-01 14:40:00,1900-01-01 03:20:00,487,12.666666666666666,Medium
13246,1900-01-01 23:15:00,1900-01-01 11:30:00,485,12.25,Medium
13247,1900-01-01 05:00:00,1900-01-01 03:20:00,969,22.333333333333332,Long
13248,1900-01-01 23:15:00,1900-01-01 21:55:00,967,22.666666666666668,Long
13249,1900-01-01 05:05:00,1900-01-01 10:10:00,193,5.083333333333333,Short
13250,1900-01-01 10:50:00,1900-01-01 16:45:00,193,5.916666666666667,Short
13257,1900-01-01 15:45:00,1900-01-01 10:40:00,971,18.916666666666668,Long
13258,1900-01-01 13:30:00,1900-01-01 07:30:00,971,18.0,Long
13287,1900-01-01 07:25:00,1900-01-01 07:45:00,1112,0.3333333333333333,Long
13288,1900-01-01 20:25:00,1900-01-01 20:40:00,1113,0.25,Long
13301,1900-01-01 05:35:00,1900-01-01 11:25:00,198,5.833333333333333,Short
13302,1900-01-01 13:20:00,1900-01-01 18:45:00,197,5.416666666666667,Short
13303,1900-01-01 05:10:00,1900-01-01 12:00:00,295,6.833333333333333,Short
13304,1900-01-01 16:00:00,1900-01-01 23:05:00,292,7.083333333333333,Short
13305,1900-01-01 06:00:00,1900-01-01 09:55:00,198,3.9166666666666665,Short
13306,1900-01-01 17:40:00,1900-01-01 21:40:00,198,4.0,Short
13307,1900-01-01 21:20:00,1900-01-01 10:15:00,1600,12.916666666666666,Long
13308,1900-01-01 18:25:00,1900-01-01 04:55:00,1600,10.5,Long
13319,1900-01-01 04:45:00,1900-01-01 12:50:00,331,8.083333333333334,Medium
13320,1900-01-01 13:25:00,1900-01-01 21:55:00,328,8.5,Medium
13329,1900-01-01 23:10:00,1900-01-01 05:30:00,290,6.333333333333332,Short
13330,1900-01-01 23:15:00,1900-01-01 05:20:00,290,6.083333333333332,Short
13331,1900-01-01 08:10:00,1900-01-01 18:30:00,367,10.333333333333334,Medium
13332,1900-01-01 08:25:00,1900-01-01 16:35:00,367,8.166666666666666,Medium
13345,1900-01-01 14:10:00,1900-01-01 20:50:00,208,6.666666666666667,Short
13346,1900-01-01 05:45:00,1900-01-01 13:00:00,208,7.25,Short
13347,1900-01-01 18:10:00,1900-01-01 08:10:00,493,14.0,Medium
13348,1900-01-01 19:30:00,1900-01-01 07:45:00,493,12.25,Medium
13351,1900-01-01 10:30:00,1900-01-01 19:25:00,2535,8.916666666666666,Long
13352,1900-01-01 05:55:00,1900-01-01 13:30:00,2534,7.583333333333333,Long
13401,1900-01-01 00:00:00,1900-01-01 00:00:00,230,0.0,Short
13402,1900-01-01 16:00:00,1900-01-01 22:25:00,230,6.416666666666667,Short
13403,1900-01-01 19:15:00,1900-01-01 10:10:00,572,14.916666666666666,Medium
13404,1900-01-01 19:05:00,1900-01-01 08:40:00,575,13.583333333333334,Medium
13409,1900-01-01 05:40:00,1900-01-01 11:10:00,231,5.5,Short
13410,1900-01-01 15:15:00,1900-01-01 21:00:00,231,5.75,Short
13413,1900-01-01 19:10:00,1900-01-01 04:40:00,1399,9.5,Long
13414,1900-01-01 21:40:00,1900-01-01 07:05:00,1399,9.416666666666666,Long
13415,1900-01-01 20:30:00,1900-01-01 06:00:00,399,9.5,Medium
13416,1900-01-01 21:50:00,1900-01-01 08:20:00,399,10.5,Medium
13417,1900-01-01 23:55:00,1900-01-01 14:25:00,659,14.5,Medium
13418,1900-01-01 07:50:00,1900-01-01 22:40:00,660,14.833333333333334,Medium
13419,1900-01-01 14:05:00,1900-01-01 20:40:00,239,6.583333333333333,Short
13420,1900-01-01 23:05:00,1900-01-01 06:00:00,239,6.916666666666668,Short
13421,1900-01-01 04:40:00,1900-01-01 09:30:00,224,4.833333333333333,Short
13422,1900-01-01 15:50:00,1900-01-01 20:55:00,224,5.083333333333333,Short
13423,1900-01-01 13:05:00,1900-01-01 23:55:00,1748,10.833333333333334,Long
13424,1900-01-01 05:55:00,1900-01-01 17:30:00,1749,11.583333333333334,Long
13425,1900-01-01 12:30:00,1900-01-01 04:50:00,2141,16.333333333333332,Long
13426,1900-01-01 12:50:00,1900-01-01 06:15:00,2130,17.416666666666668,Long
13429,1900-01-01 09:05:00,1900-01-01 14:35:00,1405,5.5,Long
13430,1900-01-01 17:10:00,1900-01-01 23:50:00,1405,6.666666666666667,Long
13465,1900-01-01 15:15:00,1900-01-01 22:20:00,329,7.083333333333333,Medium
13466,1900-01-01 06:10:00,1900-01-01 12:50:00,329,6.666666666666667,Medium
13483,1900-01-01 19:10:00,1900-01-01 04:40:00,1447,9.5,Long
13484,1900-01-01 21:40:00,1900-01-01 07:05:00,1447,9.416666666666666,Long
13501,1900-01-01 14:00:00,1900-01-01 20:35:00,330,6.583333333333333,Medium
13502,1900-01-01 05:40:00,1900-01-01 12:15:00,323,6.583333333333333,Medium
13505,1900-01-01 14:30:00,1900-01-01 22:30:00,379,8.0,Medium
13506,1900-01-01 05:40:00,1900-01-01 13:40:00,372,8.0,Medium
13507,1900-01-01 16:15:00,1900-01-01 05:50:00,641,13.583333333333334,Medium
13508,1900-01-01 20:55:00,1900-01-01 11:15:00,643,14.333333333333334,Medium
13509,1900-01-01 16:15:00,1900-01-01 13:00:00,859,20.75,Long
13510,1900-01-01 00:00:00,1900-01-01 00:00:00,861,0.0,Long
13511,1900-01-01 13:00:00,1900-01-01 16:30:00,166,3.5,Short
13512,1900-01-01 09:05:00,1900-01-01 12:25:00,166,3.3333333333333335,Short
14001,1900-01-01 23:10:00,1900-01-01 07:15:00,471,8.083333333333334,Medium
14002,1900-01-01 20:00:00,1900-01-01 03:20:00,471,7.333333333333332,Medium
14003,1900-01-01 09:05:00,1900-01-01 14:40:00,1418,5.583333333333333,Long
14004,1900-01-01 18:00:00,1900-01-01 23:50:00,1418,5.833333333333333,Long
14005,1900-01-01 02:35:00,1900-01-01 04:35:00,1182,2.0,Long
14006,1900-01-01 15:10:00,1900-01-01 20:30:00,1183,5.333333333333333,Long
14007,1900-01-01 23:55:00,1900-01-01 04:45:00,1235,4.833333333333332,Long
14008,1900-01-01 16:25:00,1900-01-01 22:00:00,1236,5.583333333333333,Long
14011,1900-01-01 21:00:00,1900-01-01 05:20:00,410,8.333333333333334,Medium
14012,1900-01-01 22:10:00,1900-01-01 07:10:00,410,9.0,Medium
14013,1900-01-01 15:30:00,1900-01-01 04:45:00,627,13.25,Medium
14014,1900-01-01 16:25:00,1900-01-01 06:30:00,627,14.083333333333334,Medium
14015,1900-01-01 00:20:00,1900-01-01 04:45:00,1218,4.416666666666667,Long
14016,1900-01-01 16:25:00,1900-01-01 21:30:00,1219,5.083333333333333,Long
14017,1900-01-01 23:55:00,1900-01-01 04:45:00,1282,4.833333333333332,Long
14018,1900-01-01 16:25:00,1900-01-01 22:00:00,1283,5.583333333333333,Long
14019,1900-01-01 14:00:00,1900-01-01 12:50:00,2478,22.833333333333332,Long
14020,1900-01-01 23:55:00,1900-01-01 00:30:00,2479,0.5833333333333321,Long
14021,1900-01-01 22:25:00,1900-01-01 05:45:00,291,7.333333333333332,Short
14022,1900-01-01 22:15:00,1900-01-01 05:40:00,291,7.416666666666668,Short
14033,1900-01-01 20:10:00,1900-01-01 11:05:00,653,14.916666666666666,Medium
14034,1900-01-01 14:35:00,1900-01-01 05:45:00,653,15.166666666666666,Medium
14035,1900-01-01 22:45:00,1900-01-01 08:20:00,495,9.583333333333334,Medium
14036,1900-01-01 23:20:00,1900-01-01 10:25:00,495,11.083333333333334,Medium
14041,1900-01-01 00:00:00,1900-01-01 00:00:00,338,0.0,Medium
14042,1900-01-01 21:20:00,1900-01-01 08:30:00,338,11.166666666666666,Medium
14043,1900-01-01 00:00:00,1900-01-01 00:00:00,237,0.0,Short
14044,1900-01-01 07:20:00,1900-01-01 14:30:00,237,7.166666666666667,Short
14055,1900-01-01 23:25:00,1900-01-01 06:05:00,2578,6.666666666666668,Long
14056,1900-01-01 23:40:00,1900-01-01 04:25:00,2579,4.75,Long
14085,1900-01-01 18:00:00,1900-01-01 00:40:00,263,6.666666666666668,Short
14086,1900-01-01 03:30:00,1900-01-01 09:58:00,263,6.466666666666667,Short
14095,1900-01-01 05:35:00,1900-01-01 11:10:00,269,5.583333333333333,Short
14096,1900-01-01 16:55:00,1900-01-01 22:40:00,269,5.75,Short
14101,1900-01-01 16:35:00,1900-01-01 20:50:00,208,4.25,Short
14102,1900-01-01 09:40:00,1900-01-01 14:40:00,208,5.0,Short
14109,1900-01-01 15:00:00,1900-01-01 20:05:00,213,5.083333333333333,Short
14110,1900-01-01 10:10:00,1900-01-01 14:35:00,213,4.416666666666667,Short
14113,1900-01-01 00:00:00,1900-01-01 00:00:00,360,0.0,Medium
14114,1900-01-01 13:20:00,1900-01-01 22:25:00,360,9.083333333333334,Medium
14115,1900-01-01 23:45:00,1900-01-01 13:45:00,724,14.0,Medium
14116,1900-01-01 16:05:00,1900-01-01 07:05:00,724,15.0,Medium
14117,1900-01-01 04:30:00,1900-01-01 11:20:00,263,6.833333333333333,Short
14118,1900-01-01 13:30:00,1900-01-01 20:30:00,263,7.0,Short
14119,1900-01-01 19:45:00,1900-01-01 04:20:00,335,8.583333333333334,Medium
14120,1900-01-01 22:55:00,1900-01-01 07:10:00,335,8.25,Medium
14123,1900-01-01 04:35:00,1900-01-01 09:40:00,246,5.083333333333333,Short
14124,1900-01-01 17:35:00,1900-01-01 23:00:00,246,5.416666666666667,Short
14125,1900-01-01 18:15:00,1900-01-01 01:05:00,202,6.833333333333332,Short
14126,1900-01-01 02:45:00,1900-01-01 08:40:00,202,5.916666666666667,Short
14151,1900-01-01 07:50:00,1900-01-01 18:20:00,429,10.5,Medium
14152,1900-01-01 19:45:00,1900-01-01 07:30:00,478,11.75,Medium
14163,1900-01-01 00:00:00,1900-01-01 00:00:00,629,0.0,Medium
14164,1900-01-01 19:00:00,1900-01-01 08:10:00,629,13.166666666666666,Medium
14201,1900-01-01 16:20:00,1900-01-01 21:40:00,197,5.333333333333333,Short
14202,1900-01-01 06:45:00,1900-01-01 12:05:00,197,5.333333333333333,Short
14203,1900-01-01 16:20:00,1900-01-01 22:10:00,301,5.833333333333333,Medium
14204,1900-01-01 07:00:00,1900-01-01 13:30:00,301,6.5,Medium
14205,1900-01-01 17:25:00,1900-01-01 05:40:00,614,12.25,Medium
14206,1900-01-01 18:25:00,1900-01-01 07:20:00,614,12.916666666666666,Medium
14207,1900-01-01 17:00:00,1900-01-01 06:45:00,659,13.75,Medium
14208,1900-01-01 19:50:00,1900-01-01 08:20:00,659,12.5,Medium
14209,1900-01-01 15:40:00,1900-01-01 19:25:00,194,3.75,Short
14210,1900-01-01 07:30:00,1900-01-01 11:30:00,194,4.0,Short
14211,1900-01-01 06:00:00,1900-01-01 10:20:00,188,4.333333333333333,Short
14212,1900-01-01 17:35:00,1900-01-01 22:05:00,191,4.5,Short
14213,1900-01-01 14:15:00,1900-01-01 20:15:00,254,6.0,Short
14214,1900-01-01 06:55:00,1900-01-01 13:40:00,255,6.75,Short
14215,1900-01-01 06:00:00,1900-01-01 10:10:00,200,4.166666666666667,Short
14216,1900-01-01 18:00:00,1900-01-01 22:25:00,200,4.416666666666667,Short
14217,1900-01-01 14:05:00,1900-01-01 09:25:00,875,19.333333333333332,Long
14218,1900-01-01 16:40:00,1900-01-01 10:55:00,875,18.25,Long
14219,1900-01-01 05:10:00,1900-01-01 11:25:00,301,6.25,Medium
14220,1900-01-01 12:55:00,1900-01-01 20:25:00,301,7.5,Medium
14221,1900-01-01 05:05:00,1900-01-01 10:20:00,203,5.25,Short
14222,1900-01-01 12:55:00,1900-01-01 18:00:00,203,5.083333333333333,Short
14227,1900-01-01 04:45:00,1900-01-01 09:50:00,276,5.083333333333333,Short
14228,1900-01-01 17:50:00,1900-01-01 23:30:00,276,5.666666666666667,Short
14235,1900-01-01 23:40:00,1900-01-01 14:20:00,558,14.666666666666666,Medium
14236,1900-01-01 15:35:00,1900-01-01 06:50:00,558,15.25,Medium
14257,1900-01-01 14:00:00,1900-01-01 06:15:00,793,16.25,Medium
14258,1900-01-01 11:35:00,1900-01-01 04:35:00,793,17.0,Medium
14260,1900-01-01 23:35:00,1900-01-01 06:35:00,319,7.0,Medium
14265,1900-01-01 08:25:00,1900-01-01 06:30:00,845,22.083333333333332,Long
14266,1900-01-01 18:15:00,1900-01-01 15:35:00,845,21.333333333333332,Long
14307,1900-01-01 22:15:00,1900-01-01 10:55:00,460,12.666666666666666,Medium
14308,1900-01-01 17:15:00,1900-01-01 05:35:00,460,12.333333333333334,Medium
14309,1900-01-01 15:00:00,1900-01-01 19:40:00,1226,4.666666666666667,Long
14310,1900-01-01 05:50:00,1900-01-01 09:05:00,1228,3.25,Long
14311,1900-01-01 06:00:00,1900-01-01 14:00:00,1543,8.0,Long
14312,1900-01-01 12:40:00,1900-01-01 20:35:00,1540,7.916666666666667,Long
14313,1900-01-01 08:05:00,1900-01-01 15:30:00,1592,7.416666666666667,Long
14314,1900-01-01 11:00:00,1900-01-01 20:00:00,1591,9.0,Long
14315,1900-01-01 00:00:00,1900-01-01 00:00:00,257,0.0,Short
14316,1900-01-01 16:35:00,1900-01-01 21:50:00,257,5.25,Short
14317,1900-01-01 15:00:00,1900-01-01 19:40:00,1165,4.666666666666667,Long
14318,1900-01-01 05:50:00,1900-01-01 06:40:00,1168,0.8333333333333334,Long
14319,1900-01-01 16:50:00,1900-01-01 15:30:00,1021,22.666666666666668,Long
14320,1900-01-01 11:00:00,1900-01-01 11:05:00,1020,0.08333333333333333,Long
14321,1900-01-01 06:00:00,1900-01-01 09:30:00,1409,3.5,Long
14322,1900-01-01 17:05:00,1900-01-01 20:35:00,1407,3.5,Long
14323,1900-01-01 10:35:00,1900-01-01 12:55:00,71,2.3333333333333335,Short
14324,1900-01-01 14:15:00,1900-01-01 16:00:00,71,1.75,Short
14369,1900-01-01 16:20:00,1900-01-01 12:35:00,722,20.25,Medium
14370,1900-01-01 12:10:00,1900-01-01 07:35:00,722,19.416666666666668,Medium
14371,1900-01-01 13:00:00,1900-01-01 17:15:00,201,4.25,Short
14372,1900-01-01 05:55:00,1900-01-01 10:45:00,201,4.833333333333333,Short
14501,1900-01-01 20:50:00,1900-01-01 07:25:00,523,10.583333333333334,Medium
14502,1900-01-01 23:15:00,1900-01-01 10:20:00,523,11.083333333333334,Medium
14503,1900-01-01 19:00:00,1900-01-01 04:35:00,479,9.583333333333334,Medium
14504,1900-01-01 21:20:00,1900-01-01 07:50:00,479,10.5,Medium
14505,1900-01-01 14:05:00,1900-01-01 19:50:00,286,5.75,Short
14506,1900-01-01 07:25:00,1900-01-01 13:20:00,286,5.916666666666667,Short
14511,1900-01-01 17:40:00,1900-01-01 11:55:00,773,18.25,Medium
14512,1900-01-01 16:50:00,1900-01-01 09:55:00,773,17.083333333333332,Medium
14519,1900-01-01 14:50:00,1900-01-01 22:20:00,335,7.5,Medium
14520,1900-01-01 06:55:00,1900-01-01 14:10:00,335,7.25,Medium
14521,1900-01-01 13:10:00,1900-01-01 18:45:00,261,5.583333333333333,Short
14522,1900-01-01 05:40:00,1900-01-01 11:40:00,261,6.0,Short
14523,1900-01-01 05:00:00,1900-01-01 07:55:00,1295,2.9166666666666665,Long
14524,1900-01-01 22:45:00,1900-01-01 02:10:00,1296,3.416666666666668,Long
14525,1900-01-01 05:15:00,1900-01-01 12:00:00,314,6.75,Medium
14526,1900-01-01 14:00:00,1900-01-01 20:55:00,314,6.916666666666667,Medium
14545,1900-01-01 13:10:00,1900-01-01 21:25:00,212,8.25,Short
14546,1900-01-01 06:05:00,1900-01-01 12:40:00,203,6.583333333333333,Short
14553,1900-01-01 22:55:00,1900-01-01 08:45:00,398,9.833333333333334,Medium
14554,1900-01-01 20:10:00,1900-01-01 05:30:00,398,9.333333333333334,Medium
14555,1900-01-01 14:10:00,1900-01-01 21:45:00,271,7.583333333333333,Short
14556,1900-01-01 06:00:00,1900-01-01 13:05:00,271,7.083333333333333,Short
14601,1900-01-01 05:10:00,1900-01-01 08:55:00,184,3.75,Short
14602,1900-01-01 12:10:00,1900-01-01 16:35:00,184,4.416666666666667,Short
14603,1900-01-01 16:25:00,1900-01-01 02:55:00,1568,10.5,Long
14604,1900-01-01 13:10:00,1900-01-01 20:00:00,1571,6.833333333333333,Long
14609,1900-01-01 16:25:00,1900-01-01 06:30:00,635,14.083333333333334,Medium
14610,1900-01-01 16:20:00,1900-01-01 08:35:00,635,16.25,Medium
14611,1900-01-01 08:30:00,1900-01-01 12:35:00,1385,4.083333333333333,Long
14613,1900-01-01 16:30:00,1900-01-01 21:30:00,236,5.0,Short
14614,1900-01-01 07:00:00,1900-01-01 11:45:00,236,4.75,Short
14615,1900-01-01 23:15:00,1900-01-01 15:15:00,661,16.0,Medium
14616,1900-01-01 05:55:00,1900-01-01 20:25:00,661,14.5,Medium
14623,1900-01-01 00:00:00,1900-01-01 00:00:00,1027,0.0,Long
14624,1900-01-01 00:00:00,1900-01-01 00:00:00,1029,0.0,Long
14625,1900-01-01 06:45:00,1900-01-01 14:15:00,382,7.5,Medium
14626,1900-01-01 04:20:00,1900-01-01 11:40:00,382,7.333333333333333,Medium
14629,1900-01-01 07:10:00,1900-01-01 09:45:00,123,2.5833333333333335,Short
14630,1900-01-01 17:40:00,1900-01-01 20:10:00,123,2.5,Short
14631,1900-01-01 19:00:00,1900-01-01 07:30:00,462,12.5,Medium
14632,1900-01-01 22:10:00,1900-01-01 10:35:00,462,12.416666666666666,Medium
14633,1900-01-01 09:15:00,1900-01-01 11:45:00,106,2.5,Short
14634,1900-01-01 14:10:00,1900-01-01 16:40:00,106,2.5,Short
14645,1900-01-01 15:50:00,1900-01-01 05:25:00,639,13.583333333333334,Medium
14646,1900-01-01 21:00:00,1900-01-01 10:55:00,639,13.916666666666666,Medium
14649,1900-01-01 07:15:00,1900-01-01 23:55:00,1668,16.666666666666668,Long
14650,1900-01-01 11:55:00,1900-01-01 01:15:00,1669,13.333333333333334,Long
14659,1900-01-01 17:35:00,1900-01-01 11:45:00,919,18.166666666666668,Long
14660,1900-01-01 00:00:00,1900-01-01 00:00:00,919,0.0,Long
14661,1900-01-01 05:30:00,1900-01-01 09:30:00,209,4.0,Short
14662,1900-01-01 18:00:00,1900-01-01 22:15:00,209,4.25,Short
14673,1900-01-01 07:15:00,1900-01-01 23:55:00,1650,16.666666666666668,Long
14674,1900-01-01 11:55:00,1900-01-01 01:15:00,1653,13.333333333333334,Long
14681,1900-01-01 14:45:00,1900-01-01 23:50:00,438,9.083333333333334,Medium
14682,1900-01-01 04:10:00,1900-01-01 12:55:00,438,8.75,Medium
14703,1900-01-01 10:00:00,1900-01-01 16:35:00,314,6.583333333333333,Medium
14704,1900-01-01 07:20:00,1900-01-01 13:40:00,314,6.333333333333333,Medium
14707,1900-01-01 09:30:00,1900-01-01 09:40:00,1211,0.16666666666666666,Long
14708,1900-01-01 15:05:00,1900-01-01 15:35:00,1209,0.5,Long
14709,1900-01-01 17:05:00,1900-01-01 09:45:00,2094,16.666666666666668,Long
14710,1900-01-01 06:30:00,1900-01-01 22:00:00,2091,15.5,Long
14711,1900-01-01 14:15:00,1900-01-01 00:05:00,471,9.833333333333334,Medium
14712,1900-01-01 04:10:00,1900-01-01 13:30:00,471,9.333333333333334,Medium
14713,1900-01-01 14:45:00,1900-01-01 02:35:00,534,11.833333333333334,Medium
14714,1900-01-01 05:30:00,1900-01-01 18:00:00,534,12.5,Medium
14715,1900-01-01 04:30:00,1900-01-01 15:20:00,445,10.833333333333334,Medium
14716,1900-01-01 16:20:00,1900-01-01 02:00:00,445,9.666666666666666,Medium
14717,1900-01-01 23:05:00,1900-01-01 15:20:00,751,16.25,Medium
14718,1900-01-01 16:20:00,1900-01-01 07:55:00,751,15.583333333333334,Medium
14723,1900-01-01 17:25:00,1900-01-01 09:40:00,604,16.25,Medium
14724,1900-01-01 18:35:00,1900-01-01 11:10:00,605,16.583333333333332,Medium
14731,1900-01-01 14:20:00,1900-01-01 01:00:00,521,10.666666666666666,Medium
14732,1900-01-01 02:00:00,1900-01-01 12:45:00,521,10.75,Medium
14795,1900-01-01 04:30:00,1900-01-01 06:55:00,108,2.4166666666666665,Short
14796,1900-01-01 20:40:00,1900-01-01 23:20:00,108,2.6666666666666665,Short
14801,1900-01-01 07:00:00,1900-01-01 23:00:00,735,16.0,Medium
14803,1900-01-01 10:25:00,1900-01-01 20:00:00,479,9.583333333333334,Medium
14804,1900-01-01 21:00:00,1900-01-01 07:00:00,479,10.0,Medium
14805,1900-01-01 10:30:00,1900-01-01 08:00:00,2242,21.5,Long
14806,1900-01-01 01:00:00,1900-01-01 03:15:00,2240,2.25,Long
14807,1900-01-01 09:55:00,1900-01-01 12:50:00,150,2.9166666666666665,Short
14808,1900-01-01 14:20:00,1900-01-01 17:45:00,150,3.4166666666666665,Short
14809,1900-01-01 06:45:00,1900-01-01 12:45:00,300,6.0,Medium
14810,1900-01-01 23:30:00,1900-01-01 06:00:00,300,6.5,Medium
14811,1900-01-01 14:20:00,1900-01-01 21:00:00,291,6.666666666666667,Short
14812,1900-01-01 06:50:00,1900-01-01 13:10:00,291,6.333333333333333,Short
14853,1900-01-01 17:25:00,1900-01-01 18:40:00,1193,1.25,Long
14854,1900-01-01 09:30:00,1900-01-01 10:30:00,1194,1.0,Long
14863,1900-01-01 18:15:00,1900-01-01 18:40:00,1145,0.4166666666666667,Long
14864,1900-01-01 09:30:00,1900-01-01 08:45:00,1146,23.25,Long
14865,1900-01-01 18:15:00,1900-01-01 18:40:00,1170,0.4166666666666667,Long
14866,1900-01-01 09:30:00,1900-01-01 08:50:00,1171,23.333333333333332,Long
14887,1900-01-01 21:30:00,1900-01-01 20:15:00,1082,22.75,Long
14888,1900-01-01 06:45:00,1900-01-01 05:55:00,1082,23.166666666666668,Long
14889,1900-01-01 01:00:00,1900-01-01 07:00:00,324,6.0,Medium
14890,1900-01-01 19:00:00,1900-01-01 23:50:00,324,4.833333333333333,Medium
15001,1900-01-01 14:00:00,1900-01-01 13:55:00,1122,23.916666666666668,Long
15002,1900-01-01 15:25:00,1900-01-01 16:10:00,1124,0.75,Long
15003,1900-01-01 16:40:00,1900-01-01 06:55:00,551,14.25,Medium
15004,1900-01-01 22:45:00,1900-01-01 12:05:00,551,13.333333333333334,Medium
15005,1900-01-01 21:15:00,1900-01-01 13:55:00,813,16.666666666666668,Long
15006,1900-01-01 15:25:00,1900-01-01 08:05:00,814,16.666666666666668,Long
15007,1900-01-01 17:00:00,1900-01-01 05:45:00,503,12.75,Medium
15008,1900-01-01 23:10:00,1900-01-01 12:25:00,505,13.25,Medium
15009,1900-01-01 22:00:00,1900-01-01 06:05:00,329,8.083333333333334,Medium
15011,1900-01-01 23:00:00,1900-01-01 15:00:00,698,16.0,Medium
15012,1900-01-01 17:05:00,1900-01-01 09:10:00,698,16.083333333333332,Medium
15013,1900-01-01 00:45:00,1900-01-01 05:05:00,1255,4.333333333333333,Long
15014,1900-01-01 20:40:00,1900-01-01 23:15:00,1256,2.5833333333333335,Long
15015,1900-01-01 06:35:00,1900-01-01 09:45:00,2501,3.1666666666666665,Long
15016,1900-01-01 07:35:00,1900-01-01 13:30:00,2504,5.916666666666667,Long
15017,1900-01-01 06:35:00,1900-01-01 19:10:00,1718,12.583333333333334,Long
15018,1900-01-01 05:30:00,1900-01-01 18:05:00,1718,12.583333333333334,Long
15019,1900-01-01 11:30:00,1900-01-01 14:05:00,81,2.5833333333333335,Short
15020,1900-01-01 14:35:00,1900-01-01 17:00:00,81,2.4166666666666665,Short
15021,1900-01-01 20:22:00,1900-01-01 16:25:00,1056,20.05,Long
15022,1900-01-01 13:40:00,1900-01-01 09:55:00,1055,20.25,Long
15023,1900-01-01 08:50:00,1900-01-01 11:15:00,2460,2.4166666666666665,Long
15024,1900-01-01 23:40:00,1900-01-01 19:45:00,2473,20.083333333333332,Long
15025,1900-01-01 10:45:00,1900-01-01 03:45:00,823,17.0,Long
15026,1900-01-01 12:55:00,1900-01-01 06:40:00,823,17.75,Long
15027,1900-01-01 17:05:00,1900-01-01 17:25:00,859,0.3333333333333333,Long
15028,1900-01-01 07:25:00,1900-01-01 08:10:00,864,0.75,Long
15029,1900-01-01 17:25:00,1900-01-01 04:05:00,1747,10.666666666666666,Long
15030,1900-01-01 10:45:00,1900-01-01 20:00:00,1748,9.25,Long
15033,1900-01-01 18:30:00,1900-01-01 23:35:00,243,5.083333333333333,Short
15034,1900-01-01 08:35:00,1900-01-01 13:45:00,243,5.166666666666667,Short
15035,1900-01-01 16:00:00,1900-01-01 22:45:00,278,6.75,Short
15036,1900-01-01 08:45:00,1900-01-01 15:25:00,277,6.666666666666667,Short
15037,1900-01-01 10:45:00,1900-01-01 16:40:00,246,5.916666666666667,Short
15038,1900-01-01 12:20:00,1900-01-01 17:55:00,247,5.583333333333333,Short
15039,1900-01-01 06:50:00,1900-01-01 09:25:00,107,2.5833333333333335,Short
15040,1900-01-01 08:50:00,1900-01-01 10:50:00,107,2.0,Short
15041,1900-01-01 18:35:00,1900-01-01 20:50:00,107,2.25,Short
15042,1900-01-01 21:20:00,1900-01-01 23:40:00,107,2.3333333333333335,Short
15043,1900-01-01 21:55:00,1900-01-01 08:00:00,341,10.083333333333334,Medium
15044,1900-01-01 10:50:00,1900-01-01 18:40:00,341,7.833333333333333,Medium
15045,1900-01-01 04:45:00,1900-01-01 03:55:00,2285,23.166666666666668,Long
15046,1900-01-01 21:00:00,1900-01-01 19:25:00,2286,22.416666666666668,Long
15047,1900-01-01 14:30:00,1900-01-01 07:45:00,855,17.25,Long
15048,1900-01-01 11:30:00,1900-01-01 04:25:00,858,16.916666666666668,Long
15049,1900-01-01 14:30:00,1900-01-01 09:45:00,879,19.25,Long
15050,1900-01-01 08:00:00,1900-01-01 04:25:00,882,20.416666666666668,Long
15051,1900-01-01 14:30:00,1900-01-01 08:15:00,873,17.75,Long
15052,1900-01-01 10:10:00,1900-01-01 04:25:00,875,18.25,Long
15053,1900-01-01 19:35:00,1900-01-01 09:00:00,535,13.416666666666666,Medium
15054,1900-01-01 20:50:00,1900-01-01 11:10:00,536,14.333333333333334,Medium
15055,1900-01-01 13:10:00,1900-01-01 23:45:00,440,10.583333333333334,Medium
15056,1900-01-01 17:40:00,1900-01-01 05:00:00,440,11.333333333333334,Medium
15057,1900-01-01 20:55:00,1900-01-01 11:00:00,748,14.083333333333334,Medium
15058,1900-01-01 17:10:00,1900-01-01 07:30:00,749,14.333333333333334,Medium
15059,1900-01-01 00:00:00,1900-01-01 00:00:00,248,0.0,Short
15060,1900-01-01 14:05:00,1900-01-01 20:35:00,248,6.5,Short
15063,1900-01-01 05:30:00,1900-01-01 16:00:00,1745,10.5,Long
15064,1900-01-01 17:50:00,1900-01-01 04:30:00,1745,10.666666666666666,Long
15065,1900-01-01 05:30:00,1900-01-01 16:20:00,1743,10.833333333333334,Long
15066,1900-01-01 17:50:00,1900-01-01 04:30:00,1743,10.666666666666666,Long
15067,1900-01-01 05:30:00,1900-01-01 20:05:00,1896,14.583333333333334,Long
15068,1900-01-01 00:20:00,1900-01-01 17:35:00,1895,17.25,Long
15069,1900-01-01 04:00:00,1900-01-01 10:05:00,333,6.083333333333333,Medium
15070,1900-01-01 16:30:00,1900-01-01 23:25:00,333,6.916666666666667,Medium
15097,1900-01-01 23:50:00,1900-01-01 12:35:00,1777,12.75,Long
15098,1900-01-01 22:45:00,1900-01-01 10:00:00,1780,11.25,Long
15101,1900-01-01 21:15:00,1900-01-01 06:15:00,1878,9.0,Long
15102,1900-01-01 15:35:00,1900-01-01 04:40:00,1882,13.083333333333334,Long
15103,1900-01-01 16:00:00,1900-01-01 21:45:00,234,5.75,Short
15104,1900-01-01 05:25:00,1900-01-01 11:10:00,234,5.75,Short
15105,1900-01-01 00:00:00,1900-01-01 00:00:00,177,0.0,Short
15106,1900-01-01 17:10:00,1900-01-01 21:30:00,179,4.333333333333333,Short
15111,1900-01-01 03:45:00,1900-01-01 08:40:00,222,4.916666666666667,Short
15112,1900-01-01 18:35:00,1900-01-01 23:50:00,222,5.25,Short
15115,1900-01-01 00:00:00,1900-01-01 00:00:00,996,0.0,Long
15116,1900-01-01 14:00:00,1900-01-01 13:20:00,996,23.333333333333332,Long
15117,1900-01-01 08:25:00,1900-01-01 18:50:00,492,10.416666666666666,Medium
15118,1900-01-01 10:00:00,1900-01-01 20:35:00,493,10.583333333333334,Medium
15119,1900-01-01 00:00:00,1900-01-01 00:00:00,2790,0.0,Long
15120,1900-01-01 21:00:00,1900-01-01 00:35:00,2785,3.583333333333332,Long
15159,1900-01-01 07:10:00,1900-01-01 07:30:00,1091,0.3333333333333333,Long
15160,1900-01-01 20:25:00,1900-01-01 21:40:00,1092,1.25,Long
15201,1900-01-01 00:00:00,1900-01-01 00:00:00,204,0.0,Short
15202,1900-01-01 05:15:00,1900-01-01 11:10:00,204,5.916666666666667,Short
15203,1900-01-01 20:30:00,1900-01-01 13:00:00,670,16.5,Medium
15204,1900-01-01 15:00:00,1900-01-01 08:00:00,674,17.0,Medium
15205,1900-01-01 17:30:00,1900-01-01 07:10:00,585,13.666666666666666,Medium
15206,1900-01-01 20:40:00,1900-01-01 09:30:00,585,12.833333333333334,Medium
15209,1900-01-01 08:45:00,1900-01-01 17:00:00,1520,8.25,Long
15210,1900-01-01 06:35:00,1900-01-01 15:30:00,1523,8.916666666666666,Long
15211,1900-01-01 17:20:00,1900-01-01 01:50:00,1485,8.5,Long
15212,1900-01-01 19:05:00,1900-01-01 03:00:00,1486,7.916666666666668,Long
15215,1900-01-01 07:15:00,1900-01-01 11:35:00,159,4.333333333333333,Short
15216,1900-01-01 13:00:00,1900-01-01 16:50:00,159,3.8333333333333335,Short
15227,1900-01-01 23:55:00,1900-01-01 04:00:00,2729,4.083333333333332,Long
15228,1900-01-01 07:25:00,1900-01-01 11:50:00,2729,4.416666666666667,Long
15231,1900-01-01 10:00:00,1900-01-01 18:50:00,1523,8.833333333333334,Long
15232,1900-01-01 00:00:00,1900-01-01 00:00:00,1520,0.0,Long
15233,1900-01-01 10:40:00,1900-01-01 22:30:00,534,11.833333333333334,Medium
15234,1900-01-01 15:45:00,1900-01-01 03:10:00,534,11.416666666666666,Medium
15235,1900-01-01 11:05:00,1900-01-01 22:30:00,535,11.416666666666666,Medium
15236,1900-01-01 15:45:00,1900-01-01 03:00:00,536,11.25,Medium
15267,1900-01-01 16:50:00,1900-01-01 06:00:00,1924,13.166666666666666,Long
15268,1900-01-01 15:50:00,1900-01-01 07:40:00,1925,15.833333333333334,Long
15269,1900-01-01 21:20:00,1900-01-01 09:10:00,1744,11.833333333333334,Long
15270,1900-01-01 16:30:00,1900-01-01 04:00:00,1745,11.5,Long
15271,1900-01-01 11:05:00,1900-01-01 22:50:00,549,11.75,Medium
15272,1900-01-01 15:15:00,1900-01-01 03:00:00,550,11.75,Medium
15273,1900-01-01 08:50:00,1900-01-01 09:05:00,955,0.25,Long
15274,1900-01-01 17:25:00,1900-01-01 16:45:00,956,23.333333333333332,Long
15275,1900-01-01 23:55:00,1900-01-01 02:45:00,109,2.833333333333332,Short
15276,1900-01-01 00:00:00,1900-01-01 00:00:00,109,0.0,Short
15279,1900-01-01 11:45:00,1900-01-01 12:05:00,1182,0.3333333333333333,Long
15280,1900-01-01 17:10:00,1900-01-01 19:00:00,1185,1.8333333333333333,Long
15283,1900-01-01 23:30:00,1900-01-01 10:30:00,373,11.0,Medium
15284,1900-01-01 04:40:00,1900-01-01 14:55:00,373,10.25,Medium
15417,1900-01-01 16:10:00,1900-01-01 09:55:00,589,17.75,Medium
15418,1900-01-01 17:15:00,1900-01-01 08:30:00,589,15.25,Medium
15463,1900-01-01 00:00:00,1900-01-01 00:00:00,308,0.0,Medium
15464,1900-01-01 00:00:00,1900-01-01 00:00:00,309,0.0,Medium
15483,1900-01-01 09:25:00,1900-01-01 22:40:00,1638,13.25,Long
15484,1900-01-01 06:35:00,1900-01-01 20:00:00,1638,13.416666666666666,Long
15529,1900-01-01 14:55:00,1900-01-01 17:40:00,1253,2.75,Long
15530,1900-01-01 23:45:00,1900-01-01 03:05:00,1255,3.333333333333332,Long
15531,1900-01-01 00:00:00,1900-01-01 00:00:00,1612,0.0,Long
15532,1900-01-01 17:50:00,1900-01-01 03:55:00,1615,10.083333333333334,Long
15547,1900-01-01 18:20:00,1900-01-01 07:30:00,1963,13.166666666666666,Long
15548,1900-01-01 11:20:00,1900-01-01 23:20:00,1963,12.0,Long
15549,1900-01-01 06:00:00,1900-01-01 13:40:00,243,7.666666666666667,Short
15550,1900-01-01 00:00:00,1900-01-01 00:00:00,243,0.0,Short
15559,1900-01-01 16:45:00,1900-01-01 09:00:00,2018,16.25,Long
15560,1900-01-01 19:25:00,1900-01-01 12:15:00,2020,16.833333333333332,Long
15563,1900-01-01 01:20:00,1900-01-01 13:00:00,1865,11.666666666666666,Long
15564,1900-01-01 08:50:00,1900-01-01 22:40:00,1866,13.833333333333334,Long
15601,1900-01-01 18:30:00,1900-01-01 13:00:00,2294,18.5,Long
15602,1900-01-01 23:45:00,1900-01-01 20:45:00,2295,21.0,Long
15603,1900-01-01 20:45:00,1900-01-01 10:45:00,571,14.0,Medium
15604,1900-01-01 14:55:00,1900-01-01 04:45:00,570,13.833333333333334,Medium
15605,1900-01-01 05:00:00,1900-01-01 11:40:00,233,6.666666666666667,Short
15606,1900-01-01 14:25:00,1900-01-01 21:10:00,233,6.75,Short
15613,1900-01-01 20:30:00,1900-01-01 08:00:00,491,11.5,Medium
15614,1900-01-01 19:00:00,1900-01-01 07:05:00,491,12.083333333333334,Medium
15617,1900-01-01 21:20:00,1900-01-01 04:55:00,332,7.583333333333332,Medium
15618,1900-01-01 19:40:00,1900-01-01 04:25:00,332,8.75,Medium
15619,1900-01-01 12:55:00,1900-01-01 12:30:00,1093,23.583333333333332,Long
15620,1900-01-01 07:00:00,1900-01-01 05:40:00,1093,22.666666666666668,Long
15621,1900-01-01 05:35:00,1900-01-01 17:40:00,1901,12.083333333333334,Long
15622,1900-01-01 23:45:00,1900-01-01 14:45:00,1904,15.0,Long
15623,1900-01-01 15:30:00,1900-01-01 23:05:00,2541,7.583333333333333,Long
15624,1900-01-01 17:15:00,1900-01-01 21:45:00,2540,4.5,Long
15629,1900-01-01 21:45:00,1900-01-01 04:45:00,2796,7.0,Long
15630,1900-01-01 15:00:00,1900-01-01 21:15:00,2797,6.25,Long
15631,1900-01-01 22:30:00,1900-01-01 01:00:00,2462,2.5,Long
15632,1900-01-01 10:45:00,1900-01-01 10:00:00,2461,23.25,Long
15635,1900-01-01 11:40:00,1900-01-01 07:00:00,3219,19.333333333333332,Long
15636,1900-01-01 10:45:00,1900-01-01 03:55:00,3219,17.166666666666668,Long
15639,1900-01-01 14:25:00,1900-01-01 21:35:00,1512,7.166666666666667,Long
15640,1900-01-01 19:05:00,1900-01-01 03:10:00,1513,8.083333333333334,Long
15643,1900-01-01 22:15:00,1900-01-01 06:10:00,1534,7.916666666666668,Long
15644,1900-01-01 23:45:00,1900-01-01 07:30:00,1548,7.75,Long
15645,1900-01-01 08:05:00,1900-01-01 12:00:00,2598,3.9166666666666665,Long
15646,1900-01-01 16:55:00,1900-01-01 20:00:00,2597,3.0833333333333335,Long
15647,1900-01-01 00:00:00,1900-01-01 00:00:00,2740,0.0,Long
15648,1900-01-01 15:00:00,1900-01-01 20:00:00,2739,5.0,Long
15651,1900-01-01 13:10:00,1900-01-01 12:35:00,2344,23.416666666666668,Long
15652,1900-01-01 22:45:00,1900-01-01 23:40:00,2348,0.9166666666666666,Long
15653,1900-01-01 13:10:00,1900-01-01 12:35:00,2431,23.416666666666668,Long
15654,1900-01-01 22:45:00,1900-01-01 23:40:00,2433,0.9166666666666666,Long
15655,1900-01-01 10:45:00,1900-01-01 16:00:00,2606,5.25,Long
15656,1900-01-01 03:40:00,1900-01-01 12:30:00,2607,8.833333333333334,Long
15657,1900-01-01 06:35:00,1900-01-01 04:00:00,977,21.416666666666668,Long
15658,1900-01-01 22:55:00,1900-01-01 19:25:00,977,20.5,Long
15659,1900-01-01 06:35:00,1900-01-01 21:00:00,1555,14.416666666666666,Long
15660,1900-01-01 05:30:00,1900-01-01 19:25:00,1554,13.916666666666666,Long
15661,1900-01-01 20:30:00,1900-01-01 22:40:00,1228,2.1666666666666665,Long
15662,1900-01-01 12:00:00,1900-01-01 14:30:00,1232,2.5,Long
15665,1900-01-01 14:30:00,1900-01-01 20:10:00,250,5.666666666666667,Short
15666,1900-01-01 21:45:00,1900-01-01 03:30:00,249,5.75,Short
15667,1900-01-01 13:40:00,1900-01-01 06:10:00,3142,16.5,Long
15668,1900-01-01 11:00:00,1900-01-01 02:40:00,3142,15.666666666666666,Long
15669,1900-01-01 23:35:00,1900-01-01 05:00:00,250,5.416666666666668,Short
15670,1900-01-01 06:00:00,1900-01-01 10:55:00,249,4.916666666666667,Short
15707,1900-01-01 22:45:00,1900-01-01 12:45:00,1787,14.0,Long
15708,1900-01-01 07:10:00,1900-01-01 20:10:00,1790,13.0,Long
15711,1900-01-01 21:55:00,1900-01-01 06:45:00,398,8.833333333333334,Medium
15712,1900-01-01 22:30:00,1900-01-01 07:20:00,419,8.833333333333334,Medium
15713,1900-01-01 00:00:00,1900-01-01 00:00:00,289,0.0,Short
15714,1900-01-01 14:15:00,1900-01-01 21:25:00,289,7.166666666666667,Short
15715,1900-01-01 06:00:00,1900-01-01 21:30:00,1834,15.5,Long
15716,1900-01-01 11:05:00,1900-01-01 03:15:00,1834,16.166666666666668,Long
15717,1900-01-01 11:45:00,1900-01-01 23:10:00,405,11.416666666666666,Medium
15718,1900-01-01 05:00:00,1900-01-01 15:30:00,404,10.5,Medium
15719,1900-01-01 00:00:00,1900-01-01 00:00:00,202,0.0,Short
15720,1900-01-01 00:00:00,1900-01-01 00:00:00,202,0.0,Short
15721,1900-01-01 00:00:00,1900-01-01 00:00:00,752,0.0,Medium
15722,1900-01-01 20:15:00,1900-01-01 12:00:00,773,15.75,Medium
15723,1900-01-01 21:10:00,1900-01-01 10:15:00,545,13.083333333333334,Medium
15724,1900-01-01 17:15:00,1900-01-01 05:15:00,545,12.0,Medium
15765,1900-01-01 06:10:00,1900-01-01 12:46:00,262,6.6,Short
15766,1900-01-01 13:15:00,1900-01-01 21:45:00,262,8.5,Short
15767,1900-01-01 16:45:00,1900-01-01 21:30:00,161,4.75,Short
15768,1900-01-01 06:00:00,1900-01-01 10:00:00,161,4.0,Short
15769,1900-01-01 04:05:00,1900-01-01 14:00:00,450,9.916666666666666,Medium
15770,1900-01-01 15:10:00,1900-01-01 00:55:00,449,9.75,Medium
15771,1900-01-01 05:00:00,1900-01-01 12:10:00,300,7.166666666666667,Medium
15772,1900-01-01 16:00:00,1900-01-01 23:10:00,300,7.166666666666667,Medium
15815,1900-01-01 16:45:00,1900-01-01 21:30:00,182,4.75,Short
15816,1900-01-01 05:15:00,1900-01-01 10:00:00,182,4.75,Short
15903,1900-01-01 07:00:00,1900-01-01 13:30:00,2636,6.5,Long
15904,1900-01-01 23:15:00,1900-01-01 08:15:00,2640,9.0,Long
15905,1900-01-01 23:00:00,1900-01-01 06:40:00,4260,7.666666666666668,Long
15906,1900-01-01 23:05:00,1900-01-01 09:50:00,4256,10.75,Long
15909,1900-01-01 09:35:00,1900-01-01 04:30:00,3114,18.916666666666668,Long
15927,1900-01-01 05:30:00,1900-01-01 20:00:00,595,14.5,Medium
15928,1900-01-01 05:45:00,1900-01-01 19:45:00,595,14.0,Medium
15929,1900-01-01 21:45:00,1900-01-01 18:00:00,3353,20.25,Long
15930,1900-01-01 23:45:00,1900-01-01 21:15:00,3353,21.5,Long
15933,1900-01-01 07:00:00,1900-01-01 21:05:00,2870,14.083333333333334,Long
15934,1900-01-01 15:45:00,1900-01-01 04:55:00,2872,13.166666666666666,Long
15941,1900-01-01 22:05:00,1900-01-01 11:55:00,1712,13.833333333333334,Long
15942,1900-01-01 05:30:00,1900-01-01 17:50:00,1712,12.333333333333334,Long
15959,1900-01-01 17:35:00,1900-01-01 05:55:00,1507,12.333333333333334,Long
15960,1900-01-01 18:25:00,1900-01-01 05:45:00,1528,11.333333333333334,Long
15967,1900-01-01 05:30:00,1900-01-01 20:55:00,604,15.416666666666666,Medium
15968,1900-01-01 05:00:00,1900-01-01 19:45:00,603,14.75,Medium
16003,1900-01-01 09:10:00,1900-01-01 11:55:00,1365,2.75,Long
16004,1900-01-01 13:30:00,1900-01-01 16:45:00,1363,3.25,Long
16021,1900-01-01 21:15:00,1900-01-01 06:50:00,498,9.583333333333334,Medium
16022,1900-01-01 20:30:00,1900-01-01 07:00:00,499,10.5,Medium
16023,1900-01-01 08:20:00,1900-01-01 11:30:00,143,3.1666666666666665,Short
16024,1900-01-01 13:15:00,1900-01-01 16:15:00,143,3.0,Short
16031,1900-01-01 05:15:00,1900-01-01 15:20:00,2859,10.083333333333334,Long
16032,1900-01-01 21:55:00,1900-01-01 10:20:00,2857,12.416666666666666,Long
16053,1900-01-01 14:15:00,1900-01-01 17:50:00,148,3.5833333333333335,Short
16054,1900-01-01 10:00:00,1900-01-01 13:40:00,146,3.6666666666666665,Short
16057,1900-01-01 00:00:00,1900-01-01 00:00:00,148,0.0,Short
16058,1900-01-01 18:05:00,1900-01-01 21:55:00,146,3.8333333333333335,Short
16085,1900-01-01 18:05:00,1900-01-01 21:15:00,144,3.1666666666666665,Short
16086,1900-01-01 06:55:00,1900-01-01 09:45:00,144,2.8333333333333335,Short
16089,1900-01-01 17:55:00,1900-01-01 22:20:00,212,4.416666666666667,Short
16090,1900-01-01 04:55:00,1900-01-01 09:10:00,213,4.25,Short
16093,1900-01-01 05:15:00,1900-01-01 20:40:00,2086,15.416666666666666,Long
16094,1900-01-01 16:20:00,1900-01-01 10:20:00,2083,18.0,Long
16101,1900-01-01 19:15:00,1900-01-01 08:25:00,664,13.166666666666666,Medium
16102,1900-01-01 17:00:00,1900-01-01 06:35:00,664,13.583333333333334,Medium
16105,1900-01-01 16:05:00,1900-01-01 08:20:00,775,16.25,Medium
16106,1900-01-01 19:00:00,1900-01-01 11:25:00,774,16.416666666666668,Medium
16115,1900-01-01 18:10:00,1900-01-01 22:25:00,196,4.25,Short
16116,1900-01-01 05:35:00,1900-01-01 09:30:00,196,3.9166666666666665,Short
16127,1900-01-01 08:15:00,1900-01-01 05:50:00,1095,21.583333333333332,Long
16128,1900-01-01 21:25:00,1900-01-01 20:30:00,1096,23.083333333333332,Long
16129,1900-01-01 19:30:00,1900-01-01 20:30:00,31,1.0,Short
16130,1900-01-01 07:50:00,1900-01-01 08:30:00,31,0.6666666666666666,Short
16175,1900-01-01 22:05:00,1900-01-01 06:30:00,360,8.416666666666666,Medium
16176,1900-01-01 21:00:00,1900-01-01 05:10:00,360,8.166666666666666,Medium
16179,1900-01-01 21:20:00,1900-01-01 05:40:00,394,8.333333333333334,Medium
16180,1900-01-01 21:25:00,1900-01-01 05:45:00,394,8.333333333333334,Medium
16181,1900-01-01 20:20:00,1900-01-01 09:20:00,682,13.0,Medium
16182,1900-01-01 16:00:00,1900-01-01 05:35:00,682,13.583333333333334,Medium
16183,1900-01-01 22:30:00,1900-01-01 06:10:00,351,7.666666666666668,Medium
16184,1900-01-01 00:00:00,1900-01-01 00:00:00,350,0.0,Medium
16185,1900-01-01 05:55:00,1900-01-01 06:30:00,10,0.5833333333333334,Short
16186,1900-01-01 20:45:00,1900-01-01 21:10:00,10,0.4166666666666667,Short
16187,1900-01-01 16:10:00,1900-01-01 06:40:00,591,14.5,Medium
16188,1900-01-01 00:00:00,1900-01-01 00:00:00,592,0.0,Medium
16203,1900-01-01 16:35:00,1900-01-01 20:10:00,148,3.5833333333333335,Short
16204,1900-01-01 06:45:00,1900-01-01 10:45:00,146,4.0,Short
16205,1900-01-01 14:30:00,1900-01-01 22:15:00,372,7.75,Medium
16206,1900-01-01 06:00:00,1900-01-01 13:30:00,372,7.5,Medium
16209,1900-01-01 05:30:00,1900-01-01 06:00:00,2278,0.5,Long
16210,1900-01-01 18:30:00,1900-01-01 17:40:00,2279,23.166666666666668,Long
16215,1900-01-01 06:45:00,1900-01-01 09:30:00,138,2.75,Short
16216,1900-01-01 18:15:00,1900-01-01 21:05:00,138,2.8333333333333335,Short
16217,1900-01-01 00:00:00,1900-01-01 00:00:00,1304,0.0,Long
16218,1900-01-01 23:55:00,1900-01-01 06:00:00,1304,6.083333333333332,Long
16227,1900-01-01 19:40:00,1900-01-01 07:15:00,508,11.583333333333334,Medium
16228,1900-01-01 20:20:00,1900-01-01 08:00:00,508,11.666666666666666,Medium
16229,1900-01-01 00:00:00,1900-01-01 00:00:00,2698,0.0,Long
16231,1900-01-01 17:45:00,1900-01-01 08:40:00,676,14.916666666666666,Medium
16232,1900-01-01 00:00:00,1900-01-01 00:00:00,676,0.0,Medium
16233,1900-01-01 08:10:00,1900-01-01 10:50:00,120,2.6666666666666665,Short
16234,1900-01-01 12:50:00,1900-01-01 15:15:00,120,2.4166666666666665,Short
16235,1900-01-01 16:35:00,1900-01-01 09:45:00,775,17.166666666666668,Medium
16301,1900-01-01 14:25:00,1900-01-01 22:30:00,327,8.083333333333334,Medium
16302,1900-01-01 05:00:00,1900-01-01 12:55:00,327,7.916666666666667,Medium
16303,1900-01-01 05:00:00,1900-01-01 09:55:00,220,4.916666666666667,Short
16304,1900-01-01 17:45:00,1900-01-01 22:55:00,219,5.166666666666667,Short
16305,1900-01-01 06:45:00,1900-01-01 12:30:00,282,5.75,Short
16306,1900-01-01 14:35:00,1900-01-01 20:30:00,282,5.916666666666667,Short
16307,1900-01-01 14:55:00,1900-01-01 22:30:00,338,7.583333333333333,Medium
16308,1900-01-01 05:00:00,1900-01-01 13:05:00,339,8.083333333333334,Medium
16311,1900-01-01 21:40:00,1900-01-01 02:50:00,2701,5.166666666666668,Long
16312,1900-01-01 15:45:00,1900-01-01 21:50:00,2704,6.083333333333333,Long
16313,1900-01-01 14:55:00,1900-01-01 22:30:00,338,7.583333333333333,Medium
16314,1900-01-01 05:00:00,1900-01-01 13:05:00,339,8.083333333333334,Medium
16315,1900-01-01 17:00:00,1900-01-01 09:05:00,829,16.083333333333332,Long
16316,1900-01-01 16:45:00,1900-01-01 08:35:00,830,15.833333333333334,Long
16317,1900-01-01 14:15:00,1900-01-01 15:20:00,3769,1.0833333333333333,Long
16318,1900-01-01 21:55:00,1900-01-01 21:55:00,3765,0.0,Long
16331,1900-01-01 12:10:00,1900-01-01 03:20:00,1953,15.166666666666666,Long
16332,1900-01-01 00:00:00,1900-01-01 00:00:00,1954,0.0,Long
16333,1900-01-01 04:25:00,1900-01-01 02:50:00,2407,22.416666666666668,Long
16334,1900-01-01 15:45:00,1900-01-01 16:45:00,2411,1.0,Long
16335,1900-01-01 07:20:00,1900-01-01 04:15:00,2348,20.916666666666668,Long
16336,1900-01-01 14:45:00,1900-01-01 13:00:00,2352,22.25,Long
16337,1900-01-01 04:05:00,1900-01-01 22:20:00,2253,18.25,Long
16338,1900-01-01 20:25:00,1900-01-01 17:05:00,2258,20.666666666666668,Long
16339,1900-01-01 12:10:00,1900-01-01 03:20:00,1874,15.166666666666666,Long
16340,1900-01-01 06:30:00,1900-01-01 20:50:00,1875,14.333333333333334,Long
16341,1900-01-01 03:15:00,1900-01-01 09:45:00,302,6.5,Medium
16342,1900-01-01 17:30:00,1900-01-01 00:20:00,302,6.833333333333332,Medium
16343,1900-01-01 22:30:00,1900-01-01 13:10:00,609,14.666666666666666,Medium
16344,1900-01-01 15:45:00,1900-01-01 06:25:00,610,14.666666666666666,Medium
16345,1900-01-01 11:40:00,1900-01-01 17:55:00,1510,6.25,Long
16346,1900-01-01 09:45:00,1900-01-01 16:40:00,1514,6.916666666666667,Long
16347,1900-01-01 20:40:00,1900-01-01 11:05:00,630,14.416666666666666,Medium
16348,1900-01-01 00:00:00,1900-01-01 00:00:00,632,0.0,Medium
16349,1900-01-01 06:05:00,1900-01-01 07:20:00,67,1.25,Short
16350,1900-01-01 20:50:00,1900-01-01 22:10:00,66,1.3333333333333333,Short
16351,1900-01-01 12:10:00,1900-01-01 04:15:00,1942,16.083333333333332,Long
16352,1900-01-01 05:00:00,1900-01-01 20:50:00,1945,15.833333333333334,Long
16353,1900-01-01 16:00:00,1900-01-01 21:00:00,1490,5.0,Long
16354,1900-01-01 08:10:00,1900-01-01 14:00:00,1492,5.833333333333333,Long
16359,1900-01-01 23:30:00,1900-01-01 09:50:00,2987,10.333333333333334,Long
16360,1900-01-01 16:30:00,1900-01-01 23:15:00,2980,6.75,Long
16381,1900-01-01 15:45:00,1900-01-01 12:35:00,2130,20.833333333333332,Long
16382,1900-01-01 06:40:00,1900-01-01 04:40:00,2132,22.0,Long
16501,1900-01-01 18:40:00,1900-01-01 04:20:00,1797,9.666666666666666,Long
16502,1900-01-01 13:30:00,1900-01-01 02:20:00,1785,12.833333333333334,Long
16505,1900-01-01 09:00:00,1900-01-01 03:15:00,1949,18.25,Long
16506,1900-01-01 21:50:00,1900-01-01 12:30:00,1952,14.666666666666666,Long
16507,1900-01-01 05:20:00,1900-01-01 03:15:00,2103,21.916666666666668,Long
16508,1900-01-01 21:50:00,1900-01-01 16:50:00,2104,19.0,Long
16515,1900-01-01 07:10:00,1900-01-01 23:00:00,667,15.833333333333334,Medium
16516,1900-01-01 05:30:00,1900-01-01 20:30:00,649,15.0,Medium
16517,1900-01-01 20:30:00,1900-01-01 11:10:00,579,14.666666666666666,Medium
16518,1900-01-01 16:40:00,1900-01-01 08:20:00,578,15.666666666666666,Medium
16519,1900-01-01 04:25:00,1900-01-01 08:00:00,148,3.5833333333333335,Short
16520,1900-01-01 17:30:00,1900-01-01 20:50:00,148,3.3333333333333335,Short
16521,1900-01-01 21:40:00,1900-01-01 23:25:00,70,1.75,Short
16522,1900-01-01 19:35:00,1900-01-01 21:10:00,70,1.5833333333333333,Short
16523,1900-01-01 00:00:00,1900-01-01 00:00:00,262,0.0,Short
16524,1900-01-01 14:40:00,1900-01-01 20:20:00,260,5.666666666666667,Short
16525,1900-01-01 10:30:00,1900-01-01 07:20:00,934,20.833333333333332,Long
16526,1900-01-01 20:00:00,1900-01-01 15:20:00,934,19.333333333333332,Long
16527,1900-01-01 20:00:00,1900-01-01 09:20:00,655,13.333333333333334,Medium
16528,1900-01-01 18:05:00,1900-01-01 08:00:00,654,13.916666666666666,Medium
16531,1900-01-01 05:30:00,1900-01-01 04:45:00,2213,23.25,Long
16532,1900-01-01 17:00:00,1900-01-01 17:40:00,2201,0.6666666666666666,Long
16533,1900-01-01 05:30:00,1900-01-01 04:45:00,2173,23.25,Long
16534,1900-01-01 00:00:00,1900-01-01 00:00:00,2161,0.0,Long
16535,1900-01-01 00:00:00,1900-01-01 00:00:00,966,0.0,Long
16536,1900-01-01 00:00:00,1900-01-01 00:00:00,964,0.0,Long
16557,1900-01-01 14:30:00,1900-01-01 17:10:00,138,2.6666666666666665,Short
16558,1900-01-01 10:30:00,1900-01-01 13:30:00,138,3.0,Short
16565,1900-01-01 23:55:00,1900-01-01 17:40:00,833,17.75,Long
16566,1900-01-01 20:15:00,1900-01-01 13:30:00,833,17.25,Long
16569,1900-01-01 00:00:00,1900-01-01 00:00:00,611,0.0,Medium
16570,1900-01-01 14:00:00,1900-01-01 03:30:00,599,13.5,Medium
16571,1900-01-01 00:00:00,1900-01-01 00:00:00,687,0.0,Medium
16572,1900-01-01 00:00:00,1900-01-01 00:00:00,687,0.0,Medium
16573,1900-01-01 21:00:00,1900-01-01 07:15:00,453,10.25,Medium
16574,1900-01-01 20:50:00,1900-01-01 08:20:00,452,11.5,Medium
16575,1900-01-01 07:10:00,1900-01-01 16:55:00,409,9.75,Medium
16576,1900-01-01 11:30:00,1900-01-01 20:30:00,394,9.0,Medium
16577,1900-01-01 16:15:00,1900-01-01 23:30:00,333,7.25,Medium
16578,1900-01-01 06:15:00,1900-01-01 12:30:00,332,6.25,Medium
16579,1900-01-01 09:00:00,1900-01-01 14:45:00,268,5.75,Short
16580,1900-01-01 15:30:00,1900-01-01 21:00:00,267,5.5,Short
16581,1900-01-01 23:50:00,1900-01-01 06:00:00,268,6.166666666666668,Short
16582,1900-01-01 00:00:00,1900-01-01 00:00:00,267,0.0,Short
16587,1900-01-01 05:00:00,1900-01-01 06:50:00,2440,1.8333333333333333,Long
16588,1900-01-01 22:05:00,1900-01-01 03:15:00,2440,5.166666666666668,Long
16589,1900-01-01 21:15:00,1900-01-01 13:40:00,797,16.416666666666668,Medium
16590,1900-01-01 14:05:00,1900-01-01 06:45:00,794,16.666666666666668,Medium
16591,1900-01-01 00:00:00,1900-01-01 00:00:00,668,0.0,Medium
16592,1900-01-01 00:00:00,1900-01-01 00:00:00,668,0.0,Medium
16593,1900-01-01 06:00:00,1900-01-01 05:30:00,1021,23.5,Long
16594,1900-01-01 00:00:00,1900-01-01 00:00:00,1021,0.0,Long
16603,1900-01-01 17:45:00,1900-01-01 07:25:00,620,13.666666666666666,Medium
16604,1900-01-01 19:25:00,1900-01-01 08:05:00,619,12.666666666666666,Medium
16605,1900-01-01 07:20:00,1900-01-01 23:15:00,691,15.916666666666666,Medium
16606,1900-01-01 02:00:00,1900-01-01 17:00:00,689,15.0,Medium
16613,1900-01-01 05:25:00,1900-01-01 02:00:00,2220,20.583333333333332,Long
16614,1900-01-01 23:30:00,1900-01-01 19:00:00,2222,19.5,Long
16615,1900-01-01 20:15:00,1900-01-01 04:45:00,334,8.5,Medium
16616,1900-01-01 00:30:00,1900-01-01 07:40:00,334,7.166666666666667,Medium
16617,1900-01-01 19:00:00,1900-01-01 06:40:00,498,11.666666666666666,Medium
16618,1900-01-01 19:45:00,1900-01-01 06:30:00,498,10.75,Medium
16629,1900-01-01 00:00:00,1900-01-01 00:00:00,631,0.0,Medium
16630,1900-01-01 00:00:00,1900-01-01 00:00:00,632,0.0,Medium
16649,1900-01-01 05:25:00,1900-01-01 20:55:00,703,15.5,Medium
16650,1900-01-01 04:20:00,1900-01-01 20:15:00,702,15.916666666666666,Medium
16687,1900-01-01 17:05:00,1900-01-01 15:20:00,3663,22.25,Long
16688,1900-01-01 21:55:00,1900-01-01 22:45:00,3661,0.8333333333333334,Long
16723,1900-01-01 19:50:00,1900-01-01 13:00:00,858,17.166666666666668,Long
16724,1900-01-01 15:00:00,1900-01-01 08:05:00,858,17.083333333333332,Long
16733,1900-01-01 22:15:00,1900-01-01 13:50:00,3177,15.583333333333334,Long
16734,1900-01-01 00:00:00,1900-01-01 00:00:00,3175,0.0,Long
16779,1900-01-01 13:00:00,1900-01-01 07:35:00,816,18.583333333333332,Long
16780,1900-01-01 16:00:00,1900-01-01 10:15:00,817,18.25,Long
16787,1900-01-01 16:00:00,1900-01-01 01:45:00,454,9.75,Medium
16788,1900-01-01 09:05:00,1900-01-01 18:30:00,454,9.416666666666666,Medium
16790,1900-01-01 13:40:00,1900-01-01 00:55:00,454,11.25,Medium
16791,1900-01-01 03:20:00,1900-01-01 13:20:00,347,10.0,Medium
16792,1900-01-01 16:00:00,1900-01-01 01:25:00,348,9.416666666666666,Medium
16793,1900-01-01 23:00:00,1900-01-01 08:30:00,2916,9.5,Long
16794,1900-01-01 23:55:00,1900-01-01 07:10:00,2912,7.25,Long
16853,1900-01-01 08:30:00,1900-01-01 16:15:00,400,7.75,Medium
16854,1900-01-01 10:00:00,1900-01-01 17:50:00,400,7.833333333333333,Medium
16855,1900-01-01 00:00:00,1900-01-01 00:00:00,796,0.0,Medium
16856,1900-01-01 17:05:00,1900-01-01 10:00:00,795,16.916666666666668,Medium
16857,1900-01-01 16:35:00,1900-01-01 09:55:00,861,17.333333333333332,Long
16858,1900-01-01 17:05:00,1900-01-01 10:00:00,861,16.916666666666668,Long
16859,1900-01-01 23:15:00,1900-01-01 21:45:00,983,22.5,Long
16860,1900-01-01 06:55:00,1900-01-01 04:15:00,982,21.333333333333332,Long
16861,1900-01-01 11:45:00,1900-01-01 03:15:00,699,15.5,Medium
16862,1900-01-01 13:50:00,1900-01-01 05:25:00,698,15.583333333333334,Medium
16863,1900-01-01 15:30:00,1900-01-01 17:15:00,2853,1.75,Long
16864,1900-01-01 00:00:00,1900-01-01 00:00:00,2855,0.0,Long
17001,1900-01-01 17:10:00,1900-01-01 09:00:00,771,15.833333333333334,Medium
17002,1900-01-01 16:40:00,1900-01-01 09:18:00,771,16.633333333333333,Medium
17009,1900-01-01 06:50:00,1900-01-01 10:25:00,163,3.5833333333333335,Short
17010,1900-01-01 19:15:00,1900-01-01 22:45:00,162,3.5,Short
17011,1900-01-01 00:00:00,1900-01-01 00:00:00,316,0.0,Medium
17012,1900-01-01 12:00:00,1900-01-01 17:45:00,305,5.75,Medium
17013,1900-01-01 14:15:00,1900-01-01 04:30:00,639,14.25,Medium
17014,1900-01-01 22:45:00,1900-01-01 13:15:00,640,14.5,Medium
17015,1900-01-01 08:30:00,1900-01-01 07:30:00,1135,23.0,Long
17016,1900-01-01 16:50:00,1900-01-01 15:40:00,1135,22.833333333333332,Long
17017,1900-01-01 05:25:00,1900-01-01 10:30:00,1467,5.083333333333333,Long
17018,1900-01-01 15:00:00,1900-01-01 19:00:00,1468,4.0,Long
17019,1900-01-01 15:00:00,1900-01-01 08:10:00,2002,17.166666666666668,Long
17020,1900-01-01 15:15:00,1900-01-01 06:25:00,2004,15.166666666666666,Long
17021,1900-01-01 09:20:00,1900-01-01 17:05:00,376,7.75,Medium
17022,1900-01-01 21:00:00,1900-01-01 07:40:00,373,10.666666666666666,Medium
17023,1900-01-01 07:30:00,1900-01-01 12:30:00,243,5.0,Short
17024,1900-01-01 15:00:00,1900-01-01 19:55:00,243,4.916666666666667,Short
17025,1900-01-01 21:30:00,1900-01-01 04:45:00,341,7.25,Medium
17026,1900-01-01 23:45:00,1900-01-01 07:00:00,341,7.25,Medium
17027,1900-01-01 00:00:00,1900-01-01 00:00:00,243,0.0,Short
17028,1900-01-01 05:30:00,1900-01-01 11:00:00,243,5.5,Short
17031,1900-01-01 12:45:00,1900-01-01 05:55:00,791,17.166666666666668,Medium
17032,1900-01-01 20:40:00,1900-01-01 13:05:00,793,16.416666666666668,Medium
17037,1900-01-01 23:55:00,1900-01-01 16:50:00,2120,16.916666666666668,Long
17038,1900-01-01 15:40:00,1900-01-01 08:50:00,2121,17.166666666666668,Long
17057,1900-01-01 21:10:00,1900-01-01 14:30:00,875,17.333333333333332,Long
17058,1900-01-01 12:25:00,1900-01-01 07:10:00,875,18.75,Long
17063,1900-01-01 20:50:00,1900-01-01 08:50:00,615,12.0,Medium
17064,1900-01-01 18:10:00,1900-01-01 06:45:00,615,12.583333333333334,Medium
17201,1900-01-01 06:00:00,1900-01-01 13:45:00,391,7.75,Medium
17202,1900-01-01 13:00:00,1900-01-01 21:15:00,390,8.25,Medium
17203,1900-01-01 04:25:00,1900-01-01 21:15:00,2051,16.833333333333332,Long
17204,1900-01-01 03:45:00,1900-01-01 19:45:00,2053,16.0,Long
17205,1900-01-01 17:10:00,1900-01-01 19:35:00,1346,2.4166666666666665,Long
17206,1900-01-01 06:00:00,1900-01-01 09:18:00,1347,3.3,Long
17207,1900-01-01 17:10:00,1900-01-01 15:15:00,1129,22.083333333333332,Long
17208,1900-01-01 10:35:00,1900-01-01 09:18:00,1130,22.716666666666665,Long
17209,1900-01-01 11:00:00,1900-01-01 06:45:00,962,19.75,Long
17210,1900-01-01 17:35:00,1900-01-01 12:30:00,962,18.916666666666668,Long
17211,1900-01-01 15:15:00,1900-01-01 09:45:00,768,18.5,Medium
17212,1900-01-01 00:00:00,1900-01-01 00:00:00,768,0.0,Medium
17213,1900-01-01 10:25:00,1900-01-01 08:30:00,1092,22.083333333333332,Long
17214,1900-01-01 11:15:00,1900-01-01 11:00:00,1092,23.75,Long
17215,1900-01-01 23:10:00,1900-01-01 13:00:00,619,13.833333333333334,Medium
17216,1900-01-01 16:00:00,1900-01-01 06:50:00,619,14.833333333333334,Medium
17221,1900-01-01 08:45:00,1900-01-01 11:05:00,1306,2.3333333333333335,Long
17222,1900-01-01 12:25:00,1900-01-01 13:30:00,1306,1.0833333333333333,Long
17225,1900-01-01 19:45:00,1900-01-01 11:20:00,693,15.583333333333334,Medium
17226,1900-01-01 13:30:00,1900-01-01 05:15:00,691,15.75,Medium
17229,1900-01-01 07:15:00,1900-01-01 12:55:00,1562,5.666666666666667,Long
17230,1900-01-01 11:15:00,1900-01-01 18:20:00,1563,7.083333333333333,Long
17231,1900-01-01 10:25:00,1900-01-01 10:00:00,1048,23.583333333333332,Long
17232,1900-01-01 11:15:00,1900-01-01 11:00:00,1048,23.75,Long
17233,1900-01-01 15:25:00,1900-01-01 01:00:00,375,9.583333333333334,Medium
17234,1900-01-01 02:10:00,1900-01-01 10:45:00,374,8.583333333333334,Medium
17235,1900-01-01 17:15:00,1900-01-01 07:50:00,669,14.583333333333334,Medium
17236,1900-01-01 19:10:00,1900-01-01 09:05:00,668,13.916666666666666,Medium
17239,1900-01-01 08:00:00,1900-01-01 18:20:00,382,10.333333333333334,Medium
17240,1900-01-01 07:20:00,1900-01-01 15:30:00,383,8.166666666666666,Medium
17241,1900-01-01 10:00:00,1900-01-01 12:00:00,76,2.0,Short
17242,1900-01-01 12:30:00,1900-01-01 14:35:00,77,2.0833333333333335,Short
17255,1900-01-01 18:55:00,1900-01-01 05:25:00,462,10.5,Medium
17256,1900-01-01 21:45:00,1900-01-01 08:40:00,464,10.916666666666666,Medium
17301,1900-01-01 22:30:00,1900-01-01 08:00:00,493,9.5,Medium
17302,1900-01-01 20:30:00,1900-01-01 07:00:00,490,10.5,Medium
17305,1900-01-01 16:15:00,1900-01-01 18:20:00,90,2.0833333333333335,Short
17307,1900-01-01 13:30:00,1900-01-01 12:10:00,993,22.666666666666668,Long
17308,1900-01-01 14:10:00,1900-01-01 13:50:00,994,23.666666666666668,Long
17309,1900-01-01 14:30:00,1900-01-01 06:00:00,665,15.5,Medium
17310,1900-01-01 20:45:00,1900-01-01 11:50:00,662,15.083333333333334,Medium
17311,1900-01-01 15:00:00,1900-01-01 13:00:00,1029,22.0,Long
17312,1900-01-01 14:30:00,1900-01-01 11:45:00,1027,21.25,Long
17315,1900-01-01 09:00:00,1900-01-01 12:25:00,1269,3.4166666666666665,Long
17316,1900-01-01 23:45:00,1900-01-01 06:00:00,1273,6.25,Long
17317,1900-01-01 15:45:00,1900-01-01 07:15:00,732,15.5,Medium
17318,1900-01-01 18:45:00,1900-01-01 11:15:00,731,16.5,Medium
17319,1900-01-01 20:50:00,1900-01-01 11:45:00,660,14.916666666666666,Medium
17320,1900-01-01 15:40:00,1900-01-01 07:30:00,661,15.833333333333334,Medium
17321,1900-01-01 00:00:00,1900-01-01 00:00:00,796,0.0,Medium
17322,1900-01-01 21:15:00,1900-01-01 17:35:00,797,20.333333333333332,Medium
17323,1900-01-01 00:00:00,1900-01-01 00:00:00,2037,0.0,Long
17324,1900-01-01 21:05:00,1900-01-01 13:00:00,2037,15.916666666666666,Long
17325,1900-01-01 08:00:00,1900-01-01 20:40:00,607,12.666666666666666,Medium
17326,1900-01-01 06:10:00,1900-01-01 19:05:00,609,12.916666666666666,Medium
17401,1900-01-01 19:15:00,1900-01-01 05:25:00,466,10.166666666666666,Medium
17402,1900-01-01 19:00:00,1900-01-01 04:35:00,466,9.583333333333334,Medium
17403,1900-01-01 03:20:00,1900-01-01 05:40:00,94,2.3333333333333335,Short
17404,1900-01-01 17:20:00,1900-01-01 20:05:00,94,2.75,Short
17405,1900-01-01 05:25:00,1900-01-01 06:15:00,1154,0.8333333333333334,Long
17406,1900-01-01 20:45:00,1900-01-01 21:25:00,1153,0.6666666666666666,Long
17407,1900-01-01 10:40:00,1900-01-01 21:20:00,462,10.666666666666666,Medium
17408,1900-01-01 05:45:00,1900-01-01 16:35:00,463,10.833333333333334,Medium
17409,1900-01-01 08:00:00,1900-01-01 12:00:00,184,4.0,Short
17410,1900-01-01 15:00:00,1900-01-01 19:00:00,184,4.0,Short
17411,1900-01-01 20:20:00,1900-01-01 07:25:00,517,11.083333333333334,Medium
17412,1900-01-01 20:30:00,1900-01-01 07:25:00,517,10.916666666666666,Medium
17413,1900-01-01 21:20:00,1900-01-01 04:05:00,302,6.75,Medium
17414,1900-01-01 08:35:00,1900-01-01 15:20:00,302,6.75,Medium
17415,1900-01-01 21:00:00,1900-01-01 16:35:00,904,19.583333333333332,Long
17416,1900-01-01 11:35:00,1900-01-01 08:00:00,903,20.416666666666668,Long
17417,1900-01-01 07:00:00,1900-01-01 12:15:00,1419,5.25,Long
17418,1900-01-01 19:10:00,1900-01-01 23:15:00,1419,4.083333333333333,Long
17419,1900-01-01 11:20:00,1900-01-01 06:00:00,778,18.666666666666668,Medium
17420,1900-01-01 09:00:00,1900-01-01 03:50:00,777,18.833333333333332,Medium
17479,1900-01-01 12:30:00,1900-01-01 16:20:00,1231,3.8333333333333335,Long
17480,1900-01-01 10:35:00,1900-01-01 14:40:00,1231,4.083333333333333,Long
17481,1900-01-01 10:05:00,1900-01-01 16:20:00,1402,6.25,Long
17482,1900-01-01 10:35:00,1900-01-01 17:40:00,1400,7.083333333333333,Long
17487,1900-01-01 20:30:00,1900-01-01 11:30:00,735,15.0,Medium
17488,1900-01-01 14:00:00,1900-01-01 05:20:00,736,15.333333333333334,Medium
17603,1900-01-01 21:05:00,1900-01-01 10:30:00,653,13.416666666666666,Medium
17604,1900-01-01 00:00:00,1900-01-01 00:00:00,652,0.0,Medium
17605,1900-01-01 20:15:00,1900-01-01 23:50:00,1522,3.5833333333333335,Long
17606,1900-01-01 06:00:00,1900-01-01 11:30:00,1518,5.5,Long
17609,1900-01-01 23:10:00,1900-01-01 07:10:00,1736,8.0,Long
17610,1900-01-01 18:10:00,1900-01-01 02:30:00,1738,8.333333333333334,Long
17613,1900-01-01 16:00:00,1900-01-01 09:25:00,667,17.416666666666668,Medium
17614,1900-01-01 17:30:00,1900-01-01 09:00:00,667,15.5,Medium
17615,1900-01-01 06:00:00,1900-01-01 06:30:00,1283,0.5,Long
17616,1900-01-01 12:50:00,1900-01-01 14:00:00,1286,1.1666666666666667,Long
17617,1900-01-01 06:15:00,1900-01-01 18:00:00,604,11.75,Medium
17618,1900-01-01 00:00:00,1900-01-01 00:00:00,604,0.0,Medium
17619,1900-01-01 00:45:00,1900-01-01 06:30:00,236,5.75,Short
17620,1900-01-01 11:50:00,1900-01-01 17:20:00,236,5.5,Short
17621,1900-01-01 20:50:00,1900-01-01 20:05:00,1148,23.25,Long
17622,1900-01-01 21:45:00,1900-01-01 22:45:00,1148,1.0,Long
17623,1900-01-01 09:00:00,1900-01-01 19:30:00,1675,10.5,Long
17624,1900-01-01 15:40:00,1900-01-01 02:45:00,1677,11.083333333333334,Long
17625,1900-01-01 00:00:00,1900-01-01 00:00:00,347,0.0,Medium
17626,1900-01-01 00:00:00,1900-01-01 00:00:00,341,0.0,Medium
17639,1900-01-01 07:10:00,1900-01-01 18:30:00,513,11.333333333333334,Medium
17640,1900-01-01 09:30:00,1900-01-01 20:15:00,513,10.75,Medium
17641,1900-01-01 07:10:00,1900-01-01 23:10:00,730,16.0,Medium
17642,1900-01-01 04:30:00,1900-01-01 20:15:00,730,15.75,Medium
17643,1900-01-01 16:00:00,1900-01-01 10:10:00,759,18.166666666666668,Medium
17644,1900-01-01 14:30:00,1900-01-01 08:20:00,760,17.833333333333332,Medium
17651,1900-01-01 15:35:00,1900-01-01 07:55:00,825,16.333333333333332,Long
17652,1900-01-01 16:30:00,1900-01-01 09:00:00,824,16.5,Long
17687,1900-01-01 15:00:00,1900-01-01 00:05:00,416,9.083333333333334,Medium
17688,1900-01-01 00:00:00,1900-01-01 00:00:00,419,0.0,Medium
18005,1900-01-01 21:30:00,1900-01-01 22:45:00,1163,1.25,Long
18006,1900-01-01 04:15:00,1900-01-01 06:15:00,1164,2.0,Long
18007,1900-01-01 17:35:00,1900-01-01 22:55:00,260,5.333333333333333,Short
18008,1900-01-01 06:15:00,1900-01-01 12:35:00,259,6.333333333333333,Short
18009,1900-01-01 13:00:00,1900-01-01 05:30:00,2000,16.5,Long
18010,1900-01-01 19:25:00,1900-01-01 13:55:00,2002,18.5,Long
18029,1900-01-01 22:00:00,1900-01-01 12:20:00,1957,14.333333333333334,Long
18030,1900-01-01 15:00:00,1900-01-01 04:50:00,1955,13.833333333333334,Long
18047,1900-01-01 23:30:00,1900-01-01 15:05:00,2128,15.583333333333334,Long
18048,1900-01-01 00:00:00,1900-01-01 00:00:00,2125,0.0,Long
18101,1900-01-01 14:50:00,1900-01-01 14:10:00,2017,23.333333333333332,Long
18102,1900-01-01 00:00:00,1900-01-01 00:00:00,2017,0.0,Long
18103,1900-01-01 21:15:00,1900-01-01 06:30:00,1746,9.25,Long
18104,1900-01-01 12:35:00,1900-01-01 21:45:00,1747,9.166666666666666,Long
18107,1900-01-01 18:10:00,1900-01-01 07:55:00,644,13.75,Medium
18108,1900-01-01 16:45:00,1900-01-01 06:15:00,644,13.5,Medium
18111,1900-01-01 18:35:00,1900-01-01 18:05:00,2434,23.5,Long
18112,1900-01-01 10:30:00,1900-01-01 12:15:00,2421,1.75,Long
18117,1900-01-01 00:00:00,1900-01-01 00:00:00,796,0.0,Medium
18118,1900-01-01 14:30:00,1900-01-01 08:00:00,796,17.5,Medium
18181,1900-01-01 21:35:00,1900-01-01 16:25:00,629,18.833333333333332,Medium
18182,1900-01-01 12:35:00,1900-01-01 06:35:00,629,18.0,Medium
18183,1900-01-01 08:15:00,1900-01-01 19:45:00,507,11.5,Medium
18184,1900-01-01 05:45:00,1900-01-01 17:20:00,507,11.583333333333334,Medium
18189,1900-01-01 15:30:00,1900-01-01 18:20:00,159,2.8333333333333335,Short
18190,1900-01-01 06:10:00,1900-01-01 09:10:00,159,3.0,Short
18191,1900-01-01 18:00:00,1900-01-01 12:20:00,685,18.333333333333332,Medium
18192,1900-01-01 13:35:00,1900-01-01 08:40:00,687,19.083333333333332,Medium
18201,1900-01-01 19:40:00,1900-01-01 22:35:00,1207,2.9166666666666665,Long
18202,1900-01-01 11:15:00,1900-01-01 14:20:00,1212,3.0833333333333335,Long
18203,1900-01-01 19:40:00,1900-01-01 13:20:00,879,17.666666666666668,Long
18204,1900-01-01 00:00:00,1900-01-01 00:00:00,883,0.0,Long
18205,1900-01-01 19:40:00,1900-01-01 22:35:00,1153,2.9166666666666665,Long
18206,1900-01-01 07:50:00,1900-01-01 13:10:00,1161,5.333333333333333,Long
18207,1900-01-01 16:00:00,1900-01-01 17:50:00,1396,1.8333333333333333,Long
18208,1900-01-01 19:30:00,1900-01-01 22:15:00,1404,2.75,Long
18211,1900-01-01 13:00:00,1900-01-01 03:30:00,660,14.5,Medium
18212,1900-01-01 12:35:00,1900-01-01 05:25:00,665,16.833333333333332,Medium
18213,1900-01-01 16:00:00,1900-01-01 15:20:00,1250,23.333333333333332,Long
18214,1900-01-01 21:40:00,1900-01-01 22:15:00,1258,0.5833333333333334,Long
18215,1900-01-01 09:00:00,1900-01-01 21:35:00,1906,12.583333333333334,Long
18216,1900-01-01 00:00:00,1900-01-01 00:00:00,1916,0.0,Long
18233,1900-01-01 17:15:00,1900-01-01 17:15:00,1008,0.0,Long
18234,1900-01-01 00:00:00,1900-01-01 00:00:00,1009,0.0,Long
18235,1900-01-01 08:00:00,1900-01-01 03:50:00,720,19.833333333333332,Medium
18236,1900-01-01 20:35:00,1900-01-01 18:15:00,721,21.666666666666668,Medium
18237,1900-01-01 14:15:00,1900-01-01 08:10:00,1998,17.916666666666668,Long
18238,1900-01-01 16:10:00,1900-01-01 12:15:00,1990,20.083333333333332,Long
18239,1900-01-01 17:55:00,1900-01-01 05:30:00,520,11.583333333333334,Medium
18240,1900-01-01 23:35:00,1900-01-01 07:00:00,406,7.416666666666668,Medium
18241,1900-01-01 20:50:00,1900-01-01 08:00:00,463,11.166666666666666,Medium
18242,1900-01-01 21:30:00,1900-01-01 09:10:00,471,11.666666666666666,Medium
18243,1900-01-01 00:00:00,1900-01-01 00:00:00,1818,0.0,Long
18244,1900-01-01 01:35:00,1900-01-01 12:45:00,1808,11.166666666666666,Long
18245,1900-01-01 00:00:00,1900-01-01 00:00:00,1884,0.0,Long
18246,1900-01-01 23:55:00,1900-01-01 12:45:00,1874,12.833333333333334,Long
18247,1900-01-01 18:40:00,1900-01-01 05:55:00,468,11.25,Medium
18248,1900-01-01 22:05:00,1900-01-01 09:45:00,465,11.666666666666666,Medium
18301,1900-01-01 06:05:00,1900-01-01 12:40:00,321,6.583333333333333,Medium
18302,1900-01-01 14:15:00,1900-01-01 20:20:00,321,6.083333333333333,Medium
18303,1900-01-01 06:00:00,1900-01-01 12:35:00,340,6.583333333333333,Medium
18304,1900-01-01 15:45:00,1900-01-01 22:30:00,340,6.75,Medium
18309,1900-01-01 07:55:00,1900-01-01 16:55:00,378,9.0,Medium
18310,1900-01-01 08:10:00,1900-01-01 17:45:00,381,9.583333333333334,Medium
18311,1900-01-01 13:10:00,1900-01-01 08:55:00,890,19.75,Long
18312,1900-01-01 15:35:00,1900-01-01 10:50:00,893,19.25,Long
18401,1900-01-01 09:25:00,1900-01-01 13:50:00,2779,4.416666666666667,Long
18402,1900-01-01 08:30:00,1900-01-01 10:20:00,2775,1.8333333333333333,Long
18403,1900-01-01 06:20:00,1900-01-01 08:55:00,126,2.5833333333333335,Short
18404,1900-01-01 17:15:00,1900-01-01 20:10:00,126,2.9166666666666665,Short
18405,1900-01-01 18:20:00,1900-01-01 07:25:00,2013,13.083333333333334,Long
18406,1900-01-01 18:40:00,1900-01-01 08:10:00,2005,13.5,Long
18407,1900-01-01 00:00:00,1900-01-01 00:00:00,1697,0.0,Long
18408,1900-01-01 13:55:00,1900-01-01 21:30:00,1691,7.583333333333333,Long
18409,1900-01-01 19:00:00,1900-01-01 04:35:00,504,9.583333333333334,Medium
18410,1900-01-01 22:30:00,1900-01-01 08:10:00,503,9.666666666666666,Medium
18413,1900-01-01 18:00:00,1900-01-01 22:30:00,172,4.5,Short
18414,1900-01-01 06:00:00,1900-01-01 09:45:00,172,3.75,Short
18415,1900-01-01 09:25:00,1900-01-01 20:10:00,396,10.75,Medium
18416,1900-01-01 06:00:00,1900-01-01 16:25:00,396,10.416666666666666,Medium
18419,1900-01-01 14:25:00,1900-01-01 13:35:00,998,23.166666666666668,Long
18420,1900-01-01 05:00:00,1900-01-01 03:10:00,998,22.166666666666668,Long
18421,1900-01-01 22:45:00,1900-01-01 21:10:00,2483,22.416666666666668,Long
18422,1900-01-01 17:10:00,1900-01-01 18:15:00,2479,1.0833333333333333,Long
18425,1900-01-01 18:45:00,1900-01-01 11:55:00,810,17.166666666666668,Long
18426,1900-01-01 16:10:00,1900-01-01 09:10:00,803,17.0,Long
18437,1900-01-01 05:25:00,1900-01-01 08:45:00,146,3.3333333333333335,Short
18438,1900-01-01 18:15:00,1900-01-01 21:45:00,146,3.5,Short
18447,1900-01-01 19:35:00,1900-01-01 13:15:00,784,17.666666666666668,Medium
18448,1900-01-01 14:30:00,1900-01-01 08:30:00,784,18.0,Medium
18449,1900-01-01 14:25:00,1900-01-01 10:00:00,926,19.583333333333332,Long
18450,1900-01-01 08:55:00,1900-01-01 03:10:00,926,18.25,Long
18451,1900-01-01 15:55:00,1900-01-01 07:15:00,686,15.333333333333334,Medium
18452,1900-01-01 20:00:00,1900-01-01 11:05:00,686,15.083333333333334,Medium
18463,1900-01-01 05:30:00,1900-01-01 12:05:00,1546,6.583333333333333,Long
18464,1900-01-01 00:00:00,1900-01-01 00:00:00,1545,0.0,Long
18477,1900-01-01 20:55:00,1900-01-01 20:55:00,2347,0.0,Long
18478,1900-01-01 05:45:00,1900-01-01 06:05:00,2354,0.3333333333333333,Long
18495,1900-01-01 08:30:00,1900-01-01 18:40:00,1884,10.166666666666666,Long
18496,1900-01-01 12:00:00,1900-01-01 23:00:00,1884,11.0,Long
18501,1900-01-01 17:35:00,1900-01-01 09:00:00,2116,15.416666666666666,Long
18502,1900-01-01 22:45:00,1900-01-01 14:35:00,2113,15.833333333333334,Long
18503,1900-01-01 09:00:00,1900-01-01 12:15:00,1406,3.25,Long
18504,1900-01-01 19:10:00,1900-01-01 22:05:00,1405,2.9166666666666665,Long
18507,1900-01-01 23:50:00,1900-01-01 23:30:00,2552,23.666666666666668,Long
18508,1900-01-01 23:45:00,1900-01-01 23:50:00,2556,0.08333333333333333,Long
18511,1900-01-01 05:20:00,1900-01-01 12:20:00,357,7.0,Medium
18512,1900-01-01 13:50:00,1900-01-01 20:55:00,357,7.083333333333333,Medium
18517,1900-01-01 16:00:00,1900-01-01 07:00:00,726,15.0,Medium
18518,1900-01-01 19:55:00,1900-01-01 11:00:00,727,15.083333333333334,Medium
18519,1900-01-01 23:25:00,1900-01-01 04:40:00,1512,5.25,Long
18520,1900-01-01 00:00:00,1900-01-01 00:00:00,1497,0.0,Long
18567,1900-01-01 08:20:00,1900-01-01 14:30:00,1572,6.166666666666667,Long
18568,1900-01-01 21:10:00,1900-01-01 01:25:00,1576,4.25,Long
18573,1900-01-01 05:10:00,1900-01-01 21:45:00,2056,16.583333333333332,Long
18574,1900-01-01 14:00:00,1900-01-01 07:55:00,2060,17.916666666666668,Long
18605,1900-01-01 16:00:00,1900-01-01 08:30:00,637,16.5,Medium
18606,1900-01-01 11:00:00,1900-01-01 04:00:00,640,17.0,Medium
18609,1900-01-01 21:05:00,1900-01-01 12:05:00,2014,15.0,Long
18610,1900-01-01 15:50:00,1900-01-01 07:25:00,2018,15.583333333333334,Long
18611,1900-01-01 20:10:00,1900-01-01 08:55:00,574,12.75,Medium
18612,1900-01-01 15:35:00,1900-01-01 04:15:00,576,12.666666666666666,Medium
18613,1900-01-01 07:45:00,1900-01-01 17:45:00,480,10.0,Medium
18614,1900-01-01 09:00:00,1900-01-01 20:25:00,482,11.416666666666666,Medium
18615,1900-01-01 22:10:00,1900-01-01 07:25:00,430,9.25,Medium
18616,1900-01-01 21:10:00,1900-01-01 06:35:00,426,9.416666666666666,Medium
18619,1900-01-01 21:25:00,1900-01-01 07:15:00,400,9.833333333333334,Medium
18620,1900-01-01 18:45:00,1900-01-01 04:35:00,402,9.833333333333334,Medium
18621,1900-01-01 15:05:00,1900-01-01 05:45:00,571,14.666666666666666,Medium
18622,1900-01-01 22:00:00,1900-01-01 13:40:00,569,15.666666666666666,Medium
18623,1900-01-01 21:30:00,1900-01-01 08:45:00,417,11.25,Medium
18624,1900-01-01 19:05:00,1900-01-01 06:30:00,414,11.416666666666666,Medium
18625,1900-01-01 00:00:00,1900-01-01 00:00:00,417,0.0,Medium
18626,1900-01-01 00:00:00,1900-01-01 00:00:00,414,0.0,Medium
18631,1900-01-01 20:10:00,1900-01-01 05:20:00,1663,9.166666666666666,Long
18632,1900-01-01 19:30:00,1900-01-01 04:15:00,1665,8.75,Long
18637,1900-01-01 18:15:00,1900-01-01 04:30:00,1884,10.25,Long
18638,1900-01-01 00:15:00,1900-01-01 12:55:00,1884,12.666666666666666,Long
18645,1900-01-01 11:45:00,1900-01-01 17:55:00,1602,6.166666666666667,Long
18646,1900-01-01 09:50:00,1900-01-01 16:10:00,1602,6.333333333333333,Long
18695,1900-01-01 17:30:00,1900-01-01 20:30:00,64,3.0,Short
18696,1900-01-01 07:50:00,1900-01-01 10:15:00,64,2.4166666666666665,Short
18697,1900-01-01 02:15:00,1900-01-01 10:25:00,314,8.166666666666666,Medium
18698,1900-01-01 16:45:00,1900-01-01 01:15:00,314,8.5,Medium
19015,1900-01-01 08:20:00,1900-01-01 05:35:00,958,21.25,Long
19016,1900-01-01 21:05:00,1900-01-01 19:15:00,958,22.166666666666668,Long
19019,1900-01-01 00:05:00,1900-01-01 17:35:00,1676,17.5,Long
19020,1900-01-01 00:00:00,1900-01-01 00:00:00,1678,0.0,Long
19021,1900-01-01 12:55:00,1900-01-01 19:05:00,1681,6.166666666666667,Long
19022,1900-01-01 00:10:00,1900-01-01 08:00:00,1681,7.833333333333333,Long
19023,1900-01-01 07:25:00,1900-01-01 22:15:00,1759,14.833333333333334,Long
19024,1900-01-01 05:00:00,1900-01-01 19:35:00,1762,14.583333333333334,Long
19025,1900-01-01 00:00:00,1900-01-01 00:00:00,567,0.0,Medium
19026,1900-01-01 00:00:00,1900-01-01 00:00:00,567,0.0,Medium
19027,1900-01-01 12:15:00,1900-01-01 01:25:00,1878,13.166666666666666,Long
19028,1900-01-01 09:30:00,1900-01-01 22:25:00,1879,12.916666666666666,Long
19031,1900-01-01 10:05:00,1900-01-01 12:20:00,1200,2.25,Long
19032,1900-01-01 15:20:00,1900-01-01 17:10:00,1203,1.8333333333333333,Long
19033,1900-01-01 04:05:00,1900-01-01 10:25:00,297,6.333333333333333,Short
19034,1900-01-01 18:10:00,1900-01-01 00:25:00,297,6.25,Short
19035,1900-01-01 18:15:00,1900-01-01 20:30:00,99,2.25,Short
19036,1900-01-01 14:20:00,1900-01-01 17:00:00,99,2.6666666666666665,Short
19037,1900-01-01 22:40:00,1900-01-01 13:45:00,1832,15.083333333333334,Long
19038,1900-01-01 13:20:00,1900-01-01 04:35:00,1831,15.25,Long
19039,1900-01-01 22:40:00,1900-01-01 21:50:00,2142,23.166666666666668,Long
19040,1900-01-01 06:00:00,1900-01-01 04:35:00,2140,22.583333333333332,Long
19041,1900-01-01 23:25:00,1900-01-01 10:30:00,1909,11.083333333333334,Long
19042,1900-01-01 19:30:00,1900-01-01 07:50:00,1910,12.333333333333334,Long
19045,1900-01-01 09:50:00,1900-01-01 18:35:00,1732,8.75,Long
19046,1900-01-01 00:00:00,1900-01-01 00:00:00,1730,0.0,Long
19051,1900-01-01 20:15:00,1900-01-01 07:15:00,1786,11.0,Long
19052,1900-01-01 19:40:00,1900-01-01 05:05:00,1785,9.416666666666666,Long
19053,1900-01-01 06:10:00,1900-01-01 04:30:00,2121,22.333333333333332,Long
19054,1900-01-01 19:40:00,1900-01-01 17:10:00,2120,21.5,Long
19055,1900-01-01 22:25:00,1900-01-01 14:40:00,750,16.25,Medium
19056,1900-01-01 00:00:00,1900-01-01 00:00:00,751,0.0,Medium
19057,1900-01-01 00:00:00,1900-01-01 00:00:00,1403,0.0,Long
19058,1900-01-01 05:20:00,1900-01-01 10:35:00,1402,5.25,Long
19061,1900-01-01 05:10:00,1900-01-01 10:55:00,1635,5.75,Long
19062,1900-01-01 16:20:00,1900-01-01 22:25:00,1636,6.083333333333333,Long
19063,1900-01-01 07:20:00,1900-01-01 13:35:00,1596,6.25,Long
19064,1900-01-01 16:40:00,1900-01-01 23:25:00,1595,6.75,Long
19107,1900-01-01 10:25:00,1900-01-01 17:30:00,1537,7.083333333333333,Long
19108,1900-01-01 20:50:00,1900-01-01 07:00:00,1539,10.166666666666666,Long
19115,1900-01-01 15:00:00,1900-01-01 07:00:00,843,16.0,Long
19116,1900-01-01 22:25:00,1900-01-01 13:45:00,843,15.333333333333334,Long
19119,1900-01-01 10:40:00,1900-01-01 20:00:00,435,9.333333333333334,Medium
19120,1900-01-01 06:25:00,1900-01-01 15:55:00,435,9.5,Medium
19151,1900-01-01 15:50:00,1900-01-01 21:50:00,300,6.0,Medium
19152,1900-01-01 06:00:00,1900-01-01 11:55:00,300,5.916666666666667,Medium
19165,1900-01-01 21:00:00,1900-01-01 19:15:00,1945,22.25,Long
19166,1900-01-01 04:35:00,1900-01-01 03:45:00,1945,23.166666666666668,Long
19167,1900-01-01 21:00:00,1900-01-01 09:35:00,1600,12.583333333333334,Long
19168,1900-01-01 14:30:00,1900-01-01 03:45:00,1601,13.25,Long
19201,1900-01-01 15:00:00,1900-01-01 23:55:00,1690,8.916666666666666,Long
19202,1900-01-01 00:40:00,1900-01-01 10:30:00,1689,9.833333333333334,Long
19215,1900-01-01 08:20:00,1900-01-01 05:35:00,958,21.25,Long
19217,1900-01-01 17:10:00,1900-01-01 08:50:00,807,15.666666666666666,Long
19218,1900-01-01 13:55:00,1900-01-01 05:40:00,807,15.75,Long
19223,1900-01-01 11:20:00,1900-01-01 19:35:00,1474,8.25,Long
19224,1900-01-01 07:50:00,1900-01-01 15:00:00,1476,7.166666666666667,Long
19225,1900-01-01 18:40:00,1900-01-01 06:35:00,489,11.916666666666666,Medium
19226,1900-01-01 21:25:00,1900-01-01 09:40:00,489,12.25,Medium
19251,1900-01-01 22:35:00,1900-01-01 08:25:00,438,9.833333333333334,Medium
19252,1900-01-01 20:05:00,1900-01-01 05:30:00,438,9.416666666666666,Medium
19259,1900-01-01 15:45:00,1900-01-01 13:15:00,2274,21.5,Long
19260,1900-01-01 07:15:00,1900-01-01 02:50:00,2270,19.583333333333332,Long
19261,1900-01-01 11:00:00,1900-01-01 08:30:00,2427,21.5,Long
19262,1900-01-01 18:40:00,1900-01-01 15:15:00,2423,20.583333333333332,Long
19263,1900-01-01 15:10:00,1900-01-01 19:35:00,1394,4.416666666666667,Long
19264,1900-01-01 08:20:00,1900-01-01 12:55:00,1396,4.583333333333333,Long
19269,1900-01-01 15:10:00,1900-01-01 18:05:00,2465,2.9166666666666665,Long
19270,1900-01-01 15:15:00,1900-01-01 17:20:00,2465,2.0833333333333335,Long
19301,1900-01-01 21:05:00,1900-01-01 11:15:00,1895,14.166666666666666,Long
19302,1900-01-01 11:20:00,1900-01-01 05:15:00,1895,17.916666666666668,Long
19303,1900-01-01 23:45:00,1900-01-01 05:20:00,262,5.583333333333332,Short
19304,1900-01-01 22:55:00,1900-01-01 04:35:00,262,5.666666666666668,Short
19307,1900-01-01 05:35:00,1900-01-01 06:45:00,1100,1.1666666666666667,Long
19308,1900-01-01 19:10:00,1900-01-01 17:35:00,1102,22.416666666666668,Long
19309,1900-01-01 18:25:00,1900-01-01 06:30:00,563,12.083333333333334,Medium
19310,1900-01-01 22:45:00,1900-01-01 10:00:00,564,11.25,Medium
19311,1900-01-01 17:30:00,1900-01-01 11:25:00,969,17.916666666666668,Long
19312,1900-01-01 16:50:00,1900-01-01 12:25:00,970,19.583333333333332,Long
19313,1900-01-01 14:00:00,1900-01-01 17:20:00,1347,3.3333333333333335,Long
19314,1900-01-01 11:10:00,1900-01-01 15:05:00,1347,3.9166666666666665,Long
19321,1900-01-01 14:00:00,1900-01-01 17:20:00,1394,3.3333333333333335,Long
19322,1900-01-01 11:10:00,1900-01-01 15:05:00,1395,3.9166666666666665,Long
19323,1900-01-01 06:45:00,1900-01-01 10:50:00,217,4.083333333333333,Short
19324,1900-01-01 17:15:00,1900-01-01 21:35:00,217,4.333333333333333,Short
19325,1900-01-01 16:00:00,1900-01-01 21:05:00,1323,5.083333333333333,Long
19326,1900-01-01 23:15:00,1900-01-01 02:30:00,1326,3.25,Long
19327,1900-01-01 16:45:00,1900-01-01 23:59:00,302,7.233333333333333,Medium
19328,1900-01-01 01:15:00,1900-01-01 08:00:00,302,6.75,Medium
19329,1900-01-01 07:30:00,1900-01-01 19:15:00,481,11.75,Medium
19330,1900-01-01 20:35:00,1900-01-01 09:00:00,481,12.416666666666666,Medium
19331,1900-01-01 11:00:00,1900-01-01 05:15:00,2300,18.25,Long
19332,1900-01-01 21:05:00,1900-01-01 18:30:00,2296,21.416666666666668,Long
19401,1900-01-01 11:35:00,1900-01-01 14:25:00,1298,2.8333333333333335,Long
19402,1900-01-01 22:55:00,1900-01-01 02:50:00,1300,3.916666666666668,Long
19403,1900-01-01 06:05:00,1900-01-01 12:05:00,1550,6.0,Long
19404,1900-01-01 17:50:00,1900-01-01 23:55:00,1552,6.083333333333333,Long
19407,1900-01-01 21:00:00,1900-01-01 05:40:00,1693,8.666666666666666,Long
19408,1900-01-01 15:35:00,1900-01-01 23:55:00,1696,8.333333333333334,Long
19409,1900-01-01 11:35:00,1900-01-01 19:25:00,1569,7.833333333333333,Long
19410,1900-01-01 04:45:00,1900-01-01 13:30:00,1569,8.75,Long
19411,1900-01-01 09:10:00,1900-01-01 18:50:00,489,9.666666666666666,Medium
19412,1900-01-01 00:00:00,1900-01-01 00:00:00,491,0.0,Medium
19413,1900-01-01 06:05:00,1900-01-01 15:15:00,2617,9.166666666666666,Long
19414,1900-01-01 13:10:00,1900-01-01 19:15:00,2618,6.083333333333333,Long
19415,1900-01-01 19:05:00,1900-01-01 06:50:00,1716,11.75,Long
19416,1900-01-01 10:20:00,1900-01-01 23:55:00,1718,13.583333333333334,Long
19419,1900-01-01 20:00:00,1900-01-01 05:45:00,1721,9.75,Long
19420,1900-01-01 09:40:00,1900-01-01 17:10:00,1719,7.5,Long
19421,1900-01-01 21:50:00,1900-01-01 07:50:00,1666,10.0,Long
19422,1900-01-01 10:10:00,1900-01-01 22:20:00,1669,12.166666666666666,Long
19565,1900-01-01 08:30:00,1900-01-01 19:40:00,1662,11.166666666666666,Long
19566,1900-01-01 05:50:00,1900-01-01 16:10:00,1664,10.333333333333334,Long
19567,1900-01-01 22:00:00,1900-01-01 01:35:00,2730,3.583333333333332,Long
19568,1900-01-01 23:55:00,1900-01-01 07:10:00,2730,7.25,Long
19571,1900-01-01 07:15:00,1900-01-01 11:55:00,201,4.666666666666667,Short
19572,1900-01-01 00:00:00,1900-01-01 00:00:00,201,0.0,Short
19573,1900-01-01 19:20:00,1900-01-01 15:15:00,1049,19.916666666666668,Long
19574,1900-01-01 16:40:00,1900-01-01 13:50:00,1051,21.166666666666668,Long
19575,1900-01-01 07:30:00,1900-01-01 05:50:00,1126,22.333333333333332,Long
19576,1900-01-01 21:40:00,1900-01-01 20:50:00,1126,23.166666666666668,Long
19577,1900-01-01 07:45:00,1900-01-01 05:15:00,2438,21.5,Long
19578,1900-01-01 21:00:00,1900-01-01 22:20:00,2434,1.3333333333333333,Long
19579,1900-01-01 12:30:00,1900-01-01 10:15:00,1102,21.75,Long
19580,1900-01-01 13:10:00,1900-01-01 10:40:00,1105,21.5,Long
19601,1900-01-01 00:20:00,1900-01-01 18:35:00,2235,18.25,Long
19602,1900-01-01 08:15:00,1900-01-01 03:55:00,2232,19.666666666666668,Long
19607,1900-01-01 11:25:00,1900-01-01 05:40:00,2000,18.25,Long
19608,1900-01-01 18:55:00,1900-01-01 17:00:00,2004,22.083333333333332,Long
19609,1900-01-01 13:05:00,1900-01-01 10:25:00,968,21.333333333333332,Long
19611,1900-01-01 17:55:00,1900-01-01 14:45:00,1006,20.833333333333332,Long
19612,1900-01-01 14:30:00,1900-01-01 10:00:00,1006,19.5,Long
19613,1900-01-01 17:55:00,1900-01-01 10:45:00,847,16.833333333333332,Long
19614,1900-01-01 17:50:00,1900-01-01 10:00:00,847,16.166666666666668,Long
19659,1900-01-01 20:22:00,1900-01-01 08:55:00,1880,12.55,Long
19660,1900-01-01 20:00:00,1900-01-01 09:55:00,1883,13.916666666666666,Long
19665,1900-01-01 09:25:00,1900-01-01 06:35:00,1080,21.166666666666668,Long
19666,1900-01-01 22:20:00,1900-01-01 19:50:00,1080,21.5,Long
19707,1900-01-01 20:55:00,1900-01-01 18:55:00,1103,22.0,Long
19708,1900-01-01 08:40:00,1900-01-01 06:35:00,1106,21.916666666666668,Long
19709,1900-01-01 23:30:00,1900-01-01 23:55:00,2213,0.4166666666666667,Long
19710,1900-01-01 18:45:00,1900-01-01 18:10:00,2210,23.416666666666668,Long
19711,1900-01-01 18:10:00,1900-01-01 11:25:00,792,17.25,Medium
19712,1900-01-01 16:50:00,1900-01-01 09:25:00,792,16.583333333333332,Medium
19713,1900-01-01 21:05:00,1900-01-01 07:30:00,1726,10.416666666666666,Long
19714,1900-01-01 21:20:00,1900-01-01 06:15:00,1726,8.916666666666666,Long
19715,1900-01-01 21:00:00,1900-01-01 10:25:00,675,13.416666666666666,Medium
19716,1900-01-01 12:10:00,1900-01-01 01:45:00,674,13.583333333333334,Medium
19717,1900-01-01 16:40:00,1900-01-01 04:55:00,569,12.25,Medium
19718,1900-01-01 12:45:00,1900-01-01 00:50:00,569,12.083333333333334,Medium
19803,1900-01-01 14:30:00,1900-01-01 15:20:00,1125,0.8333333333333334,Long
19804,1900-01-01 21:55:00,1900-01-01 23:50:00,1127,1.9166666666666667,Long
19805,1900-01-01 14:30:00,1900-01-01 12:15:00,1084,21.75,Long
19806,1900-01-01 14:35:00,1900-01-01 11:10:00,1086,20.583333333333332,Long
19807,1900-01-01 00:05:00,1900-01-01 04:45:00,238,4.666666666666667,Short
19808,1900-01-01 00:30:00,1900-01-01 05:20:00,239,4.833333333333333,Short
20501,1900-01-01 18:30:00,1900-01-01 11:20:00,2412,16.833333333333332,Long
20502,1900-01-01 19:50:00,1900-01-01 13:30:00,2413,17.666666666666668,Long
20601,1900-01-01 22:30:00,1900-01-01 07:20:00,558,8.833333333333334,Medium
20602,1900-01-01 22:45:00,1900-01-01 07:40:00,554,8.916666666666666,Medium
20651,1900-01-01 15:00:00,1900-01-01 19:55:00,273,4.916666666666667,Short
20652,1900-01-01 00:00:00,1900-01-01 00:00:00,273,0.0,Short
20809,1900-01-01 11:15:00,1900-01-01 14:20:00,1486,3.0833333333333335,Long
20810,1900-01-01 16:35:00,1900-01-01 19:30:00,1484,2.9166666666666665,Long
20811,1900-01-01 20:45:00,1900-01-01 14:20:00,981,17.583333333333332,Long
20812,1900-01-01 16:35:00,1900-01-01 10:15:00,978,17.666666666666668,Long
20813,1900-01-01 16:00:00,1900-01-01 12:00:00,2433,20.0,Long
20814,1900-01-01 14:00:00,1900-01-01 10:00:00,2426,20.0,Long
20815,1900-01-01 13:00:00,1900-01-01 04:30:00,862,15.5,Long
20816,1900-01-01 17:50:00,1900-01-01 09:30:00,862,15.666666666666666,Long
20817,1900-01-01 07:10:00,1900-01-01 10:40:00,1893,3.5,Long
20818,1900-01-01 17:05:00,1900-01-01 20:35:00,1894,3.5,Long
20889,1900-01-01 12:40:00,1900-01-01 07:45:00,1234,19.083333333333332,Long
20890,1900-01-01 23:05:00,1900-01-01 18:30:00,1233,19.416666666666668,Long
20901,1900-01-01 13:40:00,1900-01-01 17:15:00,185,3.5833333333333335,Short
20902,1900-01-01 20:05:00,1900-01-01 23:15:00,185,3.1666666666666665,Short
20903,1900-01-01 19:40:00,1900-01-01 22:20:00,1536,2.6666666666666665,Long
20904,1900-01-01 06:10:00,1900-01-01 09:40:00,1535,3.5,Long
21067,1900-01-01 06:21:00,1900-01-01 08:20:00,95,1.9833333333333334,Short
21068,1900-01-01 16:15:00,1900-01-01 17:55:00,95,1.6666666666666667,Short
21107,1900-01-01 23:50:00,1900-01-01 00:50:00,63,1.0,Short
21108,1900-01-01 04:10:00,1900-01-01 05:20:00,63,1.1666666666666667,Short
21125,1900-01-01 20:05:00,1900-01-01 09:50:00,643,13.75,Medium
21126,1900-01-01 17:10:00,1900-01-01 07:55:00,643,14.75,Medium
22101,1900-01-01 18:45:00,1900-01-01 23:25:00,260,4.666666666666667,Short
22102,1900-01-01 05:25:00,1900-01-01 10:07:00,260,4.7,Short
22103,1900-01-01 14:30:00,1900-01-01 17:50:00,1600,3.3333333333333335,Long
22104,1900-01-01 23:55:00,1900-01-01 05:00:00,1599,5.083333333333332,Long
22105,1900-01-01 05:40:00,1900-01-01 09:05:00,191,3.4166666666666665,Short
22106,1900-01-01 18:35:00,1900-01-01 22:00:00,191,3.4166666666666665,Short
22109,1900-01-01 14:30:00,1900-01-01 10:25:00,1501,19.916666666666668,Long
22110,1900-01-01 15:45:00,1900-01-01 11:45:00,1504,20.0,Long
22111,1900-01-01 05:35:00,1900-01-01 16:10:00,603,10.583333333333334,Medium
22112,1900-01-01 07:20:00,1900-01-01 17:45:00,604,10.416666666666666,Medium
22113,1900-01-01 16:55:00,1900-01-01 20:25:00,1513,3.5,Long
22114,1900-01-01 00:35:00,1900-01-01 04:10:00,1517,3.5833333333333335,Long
22115,1900-01-01 01:10:00,1900-01-01 11:00:00,545,9.833333333333334,Medium
22116,1900-01-01 14:00:00,1900-01-01 23:55:00,547,9.916666666666666,Medium
22117,1900-01-01 15:15:00,1900-01-01 03:15:00,730,12.0,Medium
22118,1900-01-01 18:35:00,1900-01-01 07:40:00,730,13.083333333333334,Medium
22119,1900-01-01 05:00:00,1900-01-01 13:20:00,561,8.333333333333334,Medium
22120,1900-01-01 14:30:00,1900-01-01 23:00:00,563,8.5,Medium
22121,1900-01-01 14:20:00,1900-01-01 13:45:00,1411,23.416666666666668,Long
22122,1900-01-01 16:20:00,1900-01-01 17:30:00,1411,1.1666666666666667,Long
22123,1900-01-01 15:15:00,1900-01-01 05:15:00,892,14.0,Long
22124,1900-01-01 00:00:00,1900-01-01 00:00:00,892,0.0,Long
22125,1900-01-01 17:50:00,1900-01-01 21:05:00,1518,3.25,Long
22126,1900-01-01 04:10:00,1900-01-01 04:25:00,1521,0.25,Long
22127,1900-01-01 11:30:00,1900-01-01 06:45:00,1122,19.25,Long
22128,1900-01-01 18:30:00,1900-01-01 13:45:00,1123,19.25,Long
22131,1900-01-01 16:15:00,1900-01-01 19:20:00,1543,3.0833333333333335,Long
22132,1900-01-01 04:15:00,1900-01-01 08:05:00,1543,3.8333333333333335,Long
22133,1900-01-01 19:20:00,1900-01-01 07:10:00,644,11.833333333333334,Medium
22134,1900-01-01 00:00:00,1900-01-01 00:00:00,644,0.0,Medium
22135,1900-01-01 07:20:00,1900-01-01 19:50:00,780,12.5,Medium
22136,1900-01-01 20:50:00,1900-01-01 10:55:00,780,14.083333333333334,Medium
22137,1900-01-01 10:30:00,1900-01-01 03:25:00,961,16.916666666666668,Long
22138,1900-01-01 17:25:00,1900-01-01 10:40:00,961,17.25,Long
22140,1900-01-01 21:10:00,1900-01-01 05:10:00,457,8.0,Medium
22143,1900-01-01 21:00:00,1900-01-01 09:15:00,667,12.25,Medium
22144,1900-01-01 19:50:00,1900-01-01 07:55:00,667,12.083333333333334,Medium
22145,1900-01-01 21:16:00,1900-01-01 23:45:00,136,2.4833333333333334,Short
22146,1900-01-01 18:25:00,1900-01-01 20:54:00,136,2.4833333333333334,Short
22147,1900-01-01 21:45:00,1900-01-01 03:45:00,330,6.0,Medium
22148,1900-01-01 09:20:00,1900-01-01 15:20:00,330,6.0,Medium
22149,1900-01-01 05:15:00,1900-01-01 05:50:00,1371,0.5833333333333334,Long
22150,1900-01-01 18:45:00,1900-01-01 18:50:00,1366,0.08333333333333333,Long
22151,1900-01-01 00:00:00,1900-01-01 00:00:00,1191,0.0,Long
22152,1900-01-01 13:30:00,1900-01-01 11:05:00,1193,21.583333333333332,Long
22161,1900-01-01 17:55:00,1900-01-01 22:45:00,290,4.833333333333333,Short
22162,1900-01-01 05:00:00,1900-01-01 10:05:00,292,5.083333333333333,Short
22163,1900-01-01 06:50:00,1900-01-01 13:30:00,367,6.666666666666667,Medium
22164,1900-01-01 16:15:00,1900-01-01 22:55:00,367,6.666666666666667,Medium
22165,1900-01-01 21:00:00,1900-01-01 08:45:00,656,11.75,Medium
22166,1900-01-01 20:20:00,1900-01-01 08:20:00,655,12.0,Medium
22168,1900-01-01 00:05:00,1900-01-01 18:40:00,1050,18.583333333333332,Long
22181,1900-01-01 15:00:00,1900-01-01 05:15:00,883,14.25,Long
22182,1900-01-01 17:50:00,1900-01-01 08:20:00,886,14.5,Long
22187,1900-01-01 06:50:00,1900-01-01 12:20:00,330,5.5,Medium
22188,1900-01-01 16:10:00,1900-01-01 22:15:00,330,6.083333333333333,Medium
22189,1900-01-01 17:05:00,1900-01-01 21:20:00,238,4.25,Short
22190,1900-01-01 06:00:00,1900-01-01 10:15:00,238,4.25,Short
22191,1900-01-01 18:40:00,1900-01-01 04:40:00,554,10.0,Medium
22192,1900-01-01 23:55:00,1900-01-01 09:55:00,554,10.0,Medium
22201,1900-01-01 20:00:00,1900-01-01 03:55:00,527,7.916666666666668,Medium
22202,1900-01-01 19:45:00,1900-01-01 04:00:00,526,8.25,Medium
22203,1900-01-01 19:45:00,1900-01-01 06:15:00,708,10.5,Medium
22204,1900-01-01 20:15:00,1900-01-01 06:30:00,708,10.25,Medium
22205,1900-01-01 22:30:00,1900-01-01 07:10:00,553,8.666666666666666,Medium
22206,1900-01-01 22:45:00,1900-01-01 07:20:00,555,8.583333333333334,Medium
22207,1900-01-01 16:25:00,1900-01-01 06:45:00,901,14.333333333333334,Long
22208,1900-01-01 21:30:00,1900-01-01 12:00:00,904,14.5,Long
22209,1900-01-01 23:15:00,1900-01-01 16:30:00,1373,17.25,Long
22210,1900-01-01 23:25:00,1900-01-01 16:15:00,1376,16.833333333333332,Long
22213,1900-01-01 22:05:00,1900-01-01 06:40:00,538,8.583333333333334,Medium
22214,1900-01-01 20:45:00,1900-01-01 05:40:00,539,8.916666666666666,Medium
22307,1900-01-01 05:00:00,1900-01-01 08:45:00,172,3.75,Short
22308,1900-01-01 18:45:00,1900-01-01 21:35:00,173,2.8333333333333335,Short
22309,1900-01-01 23:05:00,1900-01-01 09:00:00,560,9.916666666666666,Medium
22310,1900-01-01 12:35:00,1900-01-01 22:50:00,560,10.25,Medium
22321,1900-01-01 06:45:00,1900-01-01 11:05:00,239,4.333333333333333,Short
22322,1900-01-01 13:40:00,1900-01-01 18:00:00,240,4.333333333333333,Short
22323,1900-01-01 22:45:00,1900-01-01 12:25:00,757,13.666666666666666,Medium
22324,1900-01-01 23:30:00,1900-01-01 13:15:00,758,13.75,Medium
22351,1900-01-01 20:15:00,1900-01-01 20:55:00,2706,0.6666666666666666,Long
22352,1900-01-01 09:55:00,1900-01-01 10:00:00,2712,0.08333333333333333,Long
22356,1900-01-01 22:05:00,1900-01-01 19:15:00,1142,21.166666666666668,Long
22387,1900-01-01 06:15:00,1900-01-01 11:10:00,269,4.916666666666667,Short
22388,1900-01-01 16:25:00,1900-01-01 21:20:00,270,4.916666666666667,Short
22401,1900-01-01 22:15:00,1900-01-01 08:55:00,630,10.666666666666666,Medium
22402,1900-01-01 18:00:00,1900-01-01 04:20:00,630,10.333333333333334,Medium
22403,1900-01-01 09:15:00,1900-01-01 02:10:00,2364,16.916666666666668,Long
22404,1900-01-01 23:45:00,1900-01-01 17:55:00,2363,18.166666666666668,Long
22405,1900-01-01 13:30:00,1900-01-01 08:20:00,1193,18.833333333333332,Long
22406,1900-01-01 16:55:00,1900-01-01 10:45:00,1193,17.833333333333332,Long
22407,1900-01-01 19:30:00,1900-01-01 10:15:00,780,14.75,Medium
22408,1900-01-01 18:15:00,1900-01-01 08:05:00,780,13.833333333333334,Medium
22409,1900-01-01 19:30:00,1900-01-01 11:50:00,968,16.333333333333332,Long
22410,1900-01-01 19:10:00,1900-01-01 09:50:00,968,14.666666666666666,Long
22411,1900-01-01 00:00:00,1900-01-01 00:00:00,2127,0.0,Long
22412,1900-01-01 00:00:00,1900-01-01 00:00:00,2130,0.0,Long
22413,1900-01-01 10:00:00,1900-01-01 12:40:00,1908,2.6666666666666665,Long
22414,1900-01-01 10:55:00,1900-01-01 12:50:00,1907,1.9166666666666667,Long
22415,1900-01-01 08:35:00,1900-01-01 19:05:00,2083,10.5,Long
22416,1900-01-01 06:25:00,1900-01-01 17:50:00,2083,11.416666666666666,Long
22417,1900-01-01 18:55:00,1900-01-01 08:25:00,768,13.5,Medium
22418,1900-01-01 18:35:00,1900-01-01 08:25:00,768,13.833333333333334,Medium
22419,1900-01-01 17:20:00,1900-01-01 08:10:00,809,14.833333333333334,Long
22420,1900-01-01 18:45:00,1900-01-01 09:30:00,809,14.75,Long
22421,1900-01-01 07:05:00,1900-01-01 18:20:00,623,11.25,Medium
22422,1900-01-01 10:55:00,1900-01-01 22:10:00,624,11.25,Medium
22423,1900-01-01 10:45:00,1900-01-01 06:30:00,1086,19.75,Long
22424,1900-01-01 12:35:00,1900-01-01 08:05:00,1087,19.5,Long
22427,1900-01-01 22:10:00,1900-01-01 12:50:00,876,14.666666666666666,Long
22428,1900-01-01 23:55:00,1900-01-01 15:25:00,876,15.5,Long
22429,1900-01-01 08:25:00,1900-01-01 18:30:00,553,10.083333333333334,Medium
22430,1900-01-01 07:00:00,1900-01-01 17:00:00,553,10.0,Medium
22431,1900-01-01 14:45:00,1900-01-01 13:30:00,1255,22.75,Long
22432,1900-01-01 00:00:00,1900-01-01 00:00:00,1255,0.0,Long
22433,1900-01-01 16:00:00,1900-01-01 07:10:00,822,15.166666666666666,Long
22434,1900-01-01 19:10:00,1900-01-01 09:30:00,824,14.333333333333334,Long
22439,1900-01-01 00:00:00,1900-01-01 00:00:00,655,0.0,Medium
22441,1900-01-01 18:30:00,1900-01-01 21:40:00,194,3.1666666666666665,Short
22442,1900-01-01 06:30:00,1900-01-01 09:40:00,194,3.1666666666666665,Short
22443,1900-01-01 18:20:00,1900-01-01 23:05:00,1607,4.75,Long
22444,1900-01-01 05:10:00,1900-01-01 08:35:00,1608,3.4166666666666665,Long
22445,1900-01-01 00:00:00,1900-01-01 00:00:00,897,0.0,Long
22446,1900-01-01 12:35:00,1900-01-01 04:50:00,897,16.25,Long
22447,1900-01-01 18:20:00,1900-01-01 19:35:00,63,1.25,Short
22448,1900-01-01 05:25:00,1900-01-01 06:35:00,63,1.1666666666666667,Short
22451,1900-01-01 12:15:00,1900-01-01 16:20:00,1580,4.083333333333333,Long
22452,1900-01-01 05:45:00,1900-01-01 09:20:00,1583,3.5833333333333335,Long
22453,1900-01-01 14:40:00,1900-01-01 22:35:00,458,7.916666666666667,Medium
22454,1900-01-01 04:55:00,1900-01-01 13:10:00,458,8.25,Medium
22455,1900-01-01 10:00:00,1900-01-01 12:30:00,1615,2.5,Long
22456,1900-01-01 00:00:00,1900-01-01 00:00:00,1618,0.0,Long
22457,1900-01-01 11:00:00,1900-01-01 20:50:00,1849,9.833333333333334,Long
22458,1900-01-01 15:45:00,1900-01-01 23:45:00,1852,8.0,Long
22461,1900-01-01 17:30:00,1900-01-01 05:10:00,654,11.666666666666666,Medium
22462,1900-01-01 23:05:00,1900-01-01 10:35:00,654,11.5,Medium
22463,1900-01-01 06:50:00,1900-01-01 10:30:00,172,3.6666666666666665,Short
22464,1900-01-01 17:05:00,1900-01-01 19:55:00,173,2.8333333333333335,Short
22471,1900-01-01 09:30:00,1900-01-01 17:25:00,455,7.916666666666667,Medium
22472,1900-01-01 08:40:00,1900-01-01 16:35:00,455,7.916666666666667,Medium
22473,1900-01-01 14:50:00,1900-01-01 12:45:00,1211,21.916666666666668,Long
22474,1900-01-01 14:35:00,1900-01-01 12:35:00,1209,22.0,Long
22475,1900-01-01 07:10:00,1900-01-01 02:50:00,2478,19.666666666666668,Long
22476,1900-01-01 15:20:00,1900-01-01 12:25:00,2482,21.083333333333332,Long
22477,1900-01-01 16:25:00,1900-01-01 21:15:00,312,4.833333333333333,Medium
22478,1900-01-01 06:00:00,1900-01-01 10:50:00,311,4.833333333333333,Medium
22481,1900-01-01 18:45:00,1900-01-01 05:20:00,620,10.583333333333334,Medium
22482,1900-01-01 23:15:00,1900-01-01 10:00:00,619,10.75,Medium
22483,1900-01-01 19:10:00,1900-01-01 04:55:00,558,9.75,Medium
22484,1900-01-01 22:45:00,1900-01-01 08:00:00,558,9.25,Medium
22487,1900-01-01 20:00:00,1900-01-01 22:20:00,91,2.3333333333333335,Short
22488,1900-01-01 05:45:00,1900-01-01 08:20:00,91,2.5833333333333335,Short
22497,1900-01-01 02:00:00,1900-01-01 11:20:00,3101,9.333333333333334,Long
22501,1900-01-01 03:10:00,1900-01-01 20:45:00,3617,17.583333333333332,Long
22502,1900-01-01 17:55:00,1900-01-01 11:30:00,3617,17.583333333333332,Long
22511,1900-01-01 11:30:00,1900-01-01 18:25:00,3011,6.916666666666667,Long
22512,1900-01-01 18:00:00,1900-01-01 23:15:00,3006,5.25,Long
22531,1900-01-01 05:30:00,1900-01-01 21:30:00,879,16.0,Long
22532,1900-01-01 23:50:00,1900-01-01 15:55:00,884,16.083333333333332,Long
22601,1900-01-01 00:00:00,1900-01-01 00:00:00,1391,0.0,Long
22602,1900-01-01 08:25:00,1900-01-01 09:40:00,1391,1.25,Long
22603,1900-01-01 14:05:00,1900-01-01 21:20:00,1779,7.25,Long
22604,1900-01-01 11:40:00,1900-01-01 19:25:00,1782,7.75,Long
22605,1900-01-01 10:35:00,1900-01-01 21:20:00,1984,10.75,Long
22606,1900-01-01 11:40:00,1900-01-01 23:05:00,1986,11.416666666666666,Long
22607,1900-01-01 17:00:00,1900-01-01 04:15:00,617,11.25,Medium
22608,1900-01-01 18:50:00,1900-01-01 06:00:00,616,11.166666666666666,Medium
22609,1900-01-01 11:45:00,1900-01-01 19:05:00,404,7.333333333333333,Medium
22610,1900-01-01 06:40:00,1900-01-01 13:50:00,405,7.166666666666667,Medium
22611,1900-01-01 11:00:00,1900-01-01 04:30:00,2295,17.5,Long
22612,1900-01-01 21:10:00,1900-01-01 14:55:00,2295,17.75,Long
22613,1900-01-01 14:40:00,1900-01-01 18:30:00,1661,3.8333333333333335,Long
22614,1900-01-01 11:30:00,1900-01-01 15:35:00,1662,4.083333333333333,Long
22615,1900-01-01 14:50:00,1900-01-01 22:40:00,466,7.833333333333333,Medium
22616,1900-01-01 06:00:00,1900-01-01 13:40:00,469,7.666666666666667,Medium
22617,1900-01-01 07:40:00,1900-01-01 13:40:00,336,6.0,Medium
22618,1900-01-01 14:50:00,1900-01-01 20:40:00,336,5.833333333333333,Medium
22619,1900-01-01 08:10:00,1900-01-01 05:15:00,2494,21.083333333333332,Long
22620,1900-01-01 01:15:00,1900-01-01 21:35:00,2494,20.333333333333332,Long
22621,1900-01-01 20:45:00,1900-01-01 04:05:00,399,7.333333333333332,Medium
22622,1900-01-01 22:00:00,1900-01-01 05:20:00,398,7.333333333333332,Medium
22623,1900-01-01 22:40:00,1900-01-01 08:40:00,556,10.0,Medium
22624,1900-01-01 21:15:00,1900-01-01 07:20:00,557,10.083333333333334,Medium
22625,1900-01-01 07:25:00,1900-01-01 13:10:00,360,5.75,Medium
22626,1900-01-01 14:30:00,1900-01-01 20:30:00,361,6.0,Medium
22627,1900-01-01 07:05:00,1900-01-01 15:25:00,457,8.333333333333334,Medium
22628,1900-01-01 11:50:00,1900-01-01 20:10:00,457,8.333333333333334,Medium
22629,1900-01-01 00:00:00,1900-01-01 00:00:00,1758,0.0,Long
22630,1900-01-01 07:20:00,1900-01-01 15:10:00,1763,7.833333333333333,Long
22631,1900-01-01 21:10:00,1900-01-01 17:45:00,2560,20.583333333333332,Long
22632,1900-01-01 14:50:00,1900-01-01 10:10:00,2558,19.333333333333332,Long
22633,1900-01-01 14:15:00,1900-01-01 14:15:00,2841,0.0,Long
22634,1900-01-01 23:35:00,1900-01-01 02:40:00,2840,3.083333333333332,Long
22635,1900-01-01 16:15:00,1900-01-01 22:00:00,319,5.75,Medium
22636,1900-01-01 08:15:00,1900-01-01 14:00:00,320,5.75,Medium
22637,1900-01-01 12:05:00,1900-01-01 04:30:00,896,16.416666666666668,Long
22638,1900-01-01 22:20:00,1900-01-01 14:40:00,898,16.333333333333332,Long
22639,1900-01-01 20:55:00,1900-01-01 10:40:00,753,13.75,Medium
22640,1900-01-01 00:00:00,1900-01-01 00:00:00,755,0.0,Medium
22641,1900-01-01 16:55:00,1900-01-01 13:50:00,2565,20.916666666666668,Long
22642,1900-01-01 23:05:00,1900-01-01 20:45:00,2564,21.666666666666668,Long
22643,1900-01-01 17:15:00,1900-01-01 20:00:00,2785,2.75,Long
22644,1900-01-01 14:00:00,1900-01-01 16:15:00,2782,2.25,Long
22645,1900-01-01 16:50:00,1900-01-01 17:15:00,2643,0.4166666666666667,Long
22646,1900-01-01 06:15:00,1900-01-01 05:15:00,2648,23.0,Long
22647,1900-01-01 19:40:00,1900-01-01 17:15:00,2510,21.583333333333332,Long
22648,1900-01-01 06:15:00,1900-01-01 03:30:00,2508,21.25,Long
22649,1900-01-01 22:40:00,1900-01-01 05:50:00,390,7.166666666666668,Medium
22650,1900-01-01 21:00:00,1900-01-01 04:05:00,393,7.083333333333332,Medium
22651,1900-01-01 21:40:00,1900-01-01 11:00:00,669,13.333333333333334,Medium
22652,1900-01-01 00:00:00,1900-01-01 00:00:00,671,0.0,Medium
22653,1900-01-01 00:30:00,1900-01-01 01:40:00,2854,1.1666666666666667,Long
22654,1900-01-01 10:05:00,1900-01-01 14:20:00,2852,4.25,Long
22655,1900-01-01 01:00:00,1900-01-01 01:40:00,2841,0.6666666666666666,Long
22656,1900-01-01 10:05:00,1900-01-01 14:20:00,2840,4.25,Long
22659,1900-01-01 08:45:00,1900-01-01 18:10:00,3154,9.416666666666666,Long
22660,1900-01-01 00:00:00,1900-01-01 00:00:00,3152,0.0,Long
22661,1900-01-01 17:50:00,1900-01-01 04:35:00,592,10.75,Medium
22662,1900-01-01 20:15:00,1900-01-01 07:05:00,592,10.833333333333334,Medium
22663,1900-01-01 15:15:00,1900-01-01 10:00:00,2353,18.75,Long
22664,1900-01-01 21:35:00,1900-01-01 16:25:00,2352,18.833333333333332,Long
22667,1900-01-01 21:30:00,1900-01-01 07:00:00,531,9.5,Medium
22668,1900-01-01 19:30:00,1900-01-01 04:50:00,532,9.333333333333334,Medium
22669,1900-01-01 22:35:00,1900-01-01 23:15:00,31,0.6666666666666666,Short
22670,1900-01-01 03:15:00,1900-01-01 03:55:00,31,0.6666666666666666,Short
22677,1900-01-01 15:20:00,1900-01-01 06:50:00,844,15.5,Long
22678,1900-01-01 00:00:00,1900-01-01 00:00:00,845,0.0,Long
22679,1900-01-01 18:15:00,1900-01-01 21:25:00,226,3.1666666666666665,Short
22680,1900-01-01 06:10:00,1900-01-01 09:20:00,211,3.1666666666666665,Short
22681,1900-01-01 20:10:00,1900-01-01 05:15:00,499,9.083333333333334,Medium
22682,1900-01-01 23:30:00,1900-01-01 08:20:00,498,8.833333333333334,Medium
22683,1900-01-01 00:00:00,1900-01-01 00:00:00,2352,0.0,Long
22684,1900-01-01 00:00:00,1900-01-01 00:00:00,2338,0.0,Long
22685,1900-01-01 13:45:00,1900-01-01 18:20:00,2846,4.583333333333333,Long
22686,1900-01-01 03:25:00,1900-01-01 06:20:00,2845,2.9166666666666665,Long
22687,1900-01-01 02:00:00,1900-01-01 04:25:00,126,2.4166666666666665,Short
22688,1900-01-01 07:50:00,1900-01-01 10:05:00,126,2.25,Short
22691,1900-01-01 00:00:00,1900-01-01 00:00:00,2337,0.0,Long
22692,1900-01-01 20:45:00,1900-01-01 06:40:00,2355,9.916666666666666,Long
22697,1900-01-01 20:25:00,1900-01-01 11:45:00,828,15.333333333333334,Long
22698,1900-01-01 15:00:00,1900-01-01 06:20:00,829,15.333333333333334,Long
22705,1900-01-01 17:15:00,1900-01-01 21:10:00,2964,3.9166666666666665,Long
22706,1900-01-01 05:30:00,1900-01-01 11:25:00,2965,5.916666666666667,Long
22707,1900-01-01 22:25:00,1900-01-01 11:35:00,760,13.166666666666666,Medium
22708,1900-01-01 21:50:00,1900-01-01 11:00:00,759,13.166666666666666,Medium
22801,1900-01-01 18:55:00,1900-01-01 09:30:00,804,14.583333333333334,Long
22803,1900-01-01 20:55:00,1900-01-01 07:40:00,664,10.75,Medium
22804,1900-01-01 20:05:00,1900-01-01 07:05:00,663,11.0,Medium
22805,1900-01-01 12:45:00,1900-01-01 20:50:00,1871,8.083333333333334,Long
22806,1900-01-01 07:05:00,1900-01-01 16:05:00,1869,9.0,Long
22807,1900-01-01 19:00:00,1900-01-01 22:45:00,1657,3.75,Long
22808,1900-01-01 08:10:00,1900-01-01 10:25:00,1656,2.25,Long
22809,1900-01-01 23:00:00,1900-01-01 08:20:00,552,9.333333333333334,Medium
22810,1900-01-01 23:50:00,1900-01-01 09:05:00,552,9.25,Medium
22811,1900-01-01 11:40:00,1900-01-01 10:40:00,1717,23.0,Long
22812,1900-01-01 17:05:00,1900-01-01 15:50:00,1718,22.75,Long
22813,1900-01-01 20:40:00,1900-01-01 03:55:00,490,7.25,Medium
22814,1900-01-01 23:55:00,1900-01-01 08:45:00,489,8.833333333333334,Medium
22815,1900-01-01 08:10:00,1900-01-01 21:30:00,2144,13.333333333333334,Long
22816,1900-01-01 08:50:00,1900-01-01 21:35:00,2145,12.75,Long
22817,1900-01-01 16:10:00,1900-01-01 03:45:00,2106,11.583333333333334,Long
22818,1900-01-01 00:30:00,1900-01-01 14:50:00,2107,14.333333333333334,Long
22819,1900-01-01 07:35:00,1900-01-01 14:55:00,442,7.333333333333333,Medium
22821,1900-01-01 10:50:00,1900-01-01 14:10:00,188,3.3333333333333335,Short
22822,1900-01-01 14:40:00,1900-01-01 17:55:00,189,3.25,Short
22823,1900-01-01 09:30:00,1900-01-01 10:40:00,1802,1.1666666666666667,Long
22824,1900-01-01 17:05:00,1900-01-01 17:25:00,1802,0.3333333333333333,Long
22825,1900-01-01 12:10:00,1900-01-01 15:35:00,1662,3.4166666666666665,Long
22826,1900-01-01 16:25:00,1900-01-01 21:30:00,1661,5.083333333333333,Long
22827,1900-01-01 19:45:00,1900-01-01 03:20:00,1766,7.583333333333332,Long
22828,1900-01-01 08:30:00,1900-01-01 16:10:00,1759,7.666666666666667,Long
22829,1900-01-01 14:20:00,1900-01-01 09:55:00,2431,19.583333333333332,Long
22830,1900-01-01 20:22:00,1900-01-01 16:35:00,2431,20.21666666666667,Long
22831,1900-01-01 15:35:00,1900-01-01 22:25:00,1765,6.833333333333333,Long
22832,1900-01-01 00:00:00,1900-01-01 00:00:00,1764,0.0,Long
22833,1900-01-01 12:00:00,1900-01-01 13:00:00,1511,1.0,Long
22834,1900-01-01 16:05:00,1900-01-01 17:50:00,1514,1.75,Long
22835,1900-01-01 20:55:00,1900-01-01 05:40:00,502,8.75,Medium
22836,1900-01-01 22:15:00,1900-01-01 07:10:00,500,8.916666666666666,Medium
22837,1900-01-01 18:15:00,1900-01-01 10:55:00,2234,16.666666666666668,Long
22838,1900-01-01 00:25:00,1900-01-01 17:05:00,2238,16.666666666666668,Long
22839,1900-01-01 05:10:00,1900-01-01 12:30:00,417,7.333333333333333,Medium
22840,1900-01-01 14:10:00,1900-01-01 21:40:00,417,7.5,Medium
22843,1900-01-01 20:30:00,1900-01-01 14:05:00,966,17.583333333333332,Long
22844,1900-01-01 23:55:00,1900-01-01 17:25:00,964,17.5,Long
22845,1900-01-01 10:45:00,1900-01-01 17:05:00,1771,6.333333333333333,Long
22846,1900-01-01 20:00:00,1900-01-01 02:45:00,1779,6.75,Long
22847,1900-01-01 09:00:00,1900-01-01 13:35:00,1662,4.583333333333333,Long
22848,1900-01-01 00:15:00,1900-01-01 05:20:00,1655,5.083333333333333,Long
22849,1900-01-01 12:10:00,1900-01-01 14:25:00,1590,2.25,Long
22850,1900-01-01 05:40:00,1900-01-01 09:05:00,1589,3.4166666666666665,Long
22851,1900-01-01 15:50:00,1900-01-01 09:30:00,2485,17.666666666666668,Long
22852,1900-01-01 23:00:00,1900-01-01 18:00:00,2485,19.0,Long
22853,1900-01-01 18:15:00,1900-01-01 08:20:00,882,14.083333333333334,Long
22854,1900-01-01 17:50:00,1900-01-01 09:05:00,880,15.25,Long
22855,1900-01-01 15:50:00,1900-01-01 17:40:00,1613,1.8333333333333333,Long
22856,1900-01-01 19:50:00,1900-01-01 22:20:00,1612,2.5,Long
22857,1900-01-01 08:55:00,1900-01-01 11:50:00,1567,2.9166666666666665,Long
22858,1900-01-01 13:45:00,1900-01-01 16:55:00,1566,3.1666666666666665,Long
22859,1900-01-01 17:30:00,1900-01-01 14:55:00,1247,21.416666666666668,Long
22860,1900-01-01 16:25:00,1900-01-01 14:55:00,1247,22.5,Long
22861,1900-01-01 06:30:00,1900-01-01 11:20:00,288,4.833333333333333,Short
22862,1900-01-01 11:55:00,1900-01-01 17:05:00,288,5.166666666666667,Short
22863,1900-01-01 10:55:00,1900-01-01 16:00:00,1957,5.083333333333333,Long
22864,1900-01-01 11:00:00,1900-01-01 16:15:00,1959,5.25,Long
22865,1900-01-01 00:15:00,1900-01-01 08:45:00,1853,8.5,Long
22866,1900-01-01 05:30:00,1900-01-01 13:35:00,1860,8.083333333333334,Long
22867,1900-01-01 07:10:00,1900-01-01 04:30:00,1255,21.333333333333332,Long
22868,1900-01-01 08:25:00,1900-01-01 06:30:00,1266,22.083333333333332,Long
22869,1900-01-01 19:05:00,1900-01-01 08:55:00,780,13.833333333333334,Medium
22870,1900-01-01 21:10:00,1900-01-01 10:25:00,780,13.25,Medium
22871,1900-01-01 12:00:00,1900-01-01 08:45:00,1178,20.75,Long
22872,1900-01-01 12:15:00,1900-01-01 09:35:00,1178,21.333333333333332,Long
22873,1900-01-01 17:15:00,1900-01-01 08:20:00,930,15.083333333333334,Long
22874,1900-01-01 17:50:00,1900-01-01 09:25:00,930,15.583333333333334,Long
22875,1900-01-01 07:25:00,1900-01-01 11:20:00,207,3.9166666666666665,Short
22876,1900-01-01 11:55:00,1900-01-01 15:50:00,207,3.9166666666666665,Short
22877,1900-01-01 17:00:00,1900-01-01 06:00:00,2289,13.0,Long
22878,1900-01-01 00:25:00,1900-01-01 14:50:00,2293,14.416666666666666,Long
22879,1900-01-01 12:00:00,1900-01-01 08:45:00,1178,20.75,Long
22880,1900-01-01 12:15:00,1900-01-01 09:35:00,1178,21.333333333333332,Long
22881,1900-01-01 11:15:00,1900-01-01 17:20:00,1705,6.083333333333333,Long
22882,1900-01-01 22:20:00,1900-01-01 05:00:00,1706,6.666666666666668,Long
22883,1900-01-01 15:00:00,1900-01-01 20:00:00,1493,5.0,Long
22884,1900-01-01 22:40:00,1900-01-01 05:40:00,1504,7.0,Long
22885,1900-01-01 13:20:00,1900-01-01 14:20:00,1701,1.0,Long
22886,1900-01-01 21:55:00,1900-01-01 23:45:00,1704,1.8333333333333333,Long
22887,1900-01-01 12:40:00,1900-01-01 21:35:00,1970,8.916666666666666,Long
22888,1900-01-01 09:55:00,1900-01-01 18:30:00,1973,8.583333333333334,Long
22889,1900-01-01 17:15:00,1900-01-01 03:10:00,550,9.916666666666666,Medium
22890,1900-01-01 23:45:00,1900-01-01 09:25:00,550,9.666666666666666,Medium
22891,1900-01-01 12:50:00,1900-01-01 21:10:00,469,8.333333333333334,Medium
22892,1900-01-01 06:55:00,1900-01-01 15:15:00,466,8.333333333333334,Medium
22893,1900-01-01 13:55:00,1900-01-01 19:30:00,1795,5.583333333333333,Long
22894,1900-01-01 14:35:00,1900-01-01 20:00:00,1801,5.416666666666667,Long
22897,1900-01-01 14:15:00,1900-01-01 17:37:00,185,3.3666666666666667,Short
22898,1900-01-01 18:15:00,1900-01-01 21:37:00,186,3.3666666666666667,Short
22901,1900-01-01 23:25:00,1900-01-01 16:20:00,944,16.916666666666668,Long
22902,1900-01-01 21:00:00,1900-01-01 13:40:00,945,16.666666666666668,Long
22903,1900-01-01 23:45:00,1900-01-01 12:30:00,838,12.75,Long
22904,1900-01-01 16:00:00,1900-01-01 05:15:00,838,13.25,Long
22905,1900-01-01 07:05:00,1900-01-01 10:05:00,176,3.0,Short
22906,1900-01-01 16:20:00,1900-01-01 20:00:00,176,3.6666666666666665,Short
22907,1900-01-01 10:40:00,1900-01-01 10:20:00,1352,23.666666666666668,Long
22908,1900-01-01 03:15:00,1900-01-01 04:30:00,1348,1.25,Long
22909,1900-01-01 20:15:00,1900-01-01 09:45:00,2073,13.5,Long
22910,1900-01-01 06:30:00,1900-01-01 19:50:00,2075,13.333333333333334,Long
22911,1900-01-01 23:30:00,1900-01-01 06:45:00,1744,7.25,Long
22912,1900-01-01 17:45:00,1900-01-01 01:35:00,1745,7.833333333333332,Long
22914,1900-01-01 23:10:00,1900-01-01 07:35:00,1846,8.416666666666666,Long
22915,1900-01-01 12:55:00,1900-01-01 13:25:00,1404,0.5,Long
22916,1900-01-01 15:45:00,1900-01-01 16:45:00,1405,1.0,Long
22917,1900-01-01 11:45:00,1900-01-01 15:50:00,1610,4.083333333333333,Long
22918,1900-01-01 18:45:00,1900-01-01 22:00:00,1613,3.25,Long
22919,1900-01-01 20:10:00,1900-01-01 03:15:00,1721,7.083333333333332,Long
22920,1900-01-01 15:30:00,1900-01-01 22:35:00,1719,7.083333333333333,Long
22925,1900-01-01 15:15:00,1900-01-01 16:45:00,69,1.5,Short
22926,1900-01-01 10:20:00,1900-01-01 12:05:00,69,1.75,Short
22927,1900-01-01 19:40:00,1900-01-01 04:20:00,480,8.666666666666666,Medium
22928,1900-01-01 21:10:00,1900-01-01 05:50:00,480,8.666666666666666,Medium
22929,1900-01-01 16:25:00,1900-01-01 20:35:00,234,4.166666666666667,Short
22930,1900-01-01 07:00:00,1900-01-01 11:05:00,234,4.083333333333333,Short
22931,1900-01-01 14:35:00,1900-01-01 12:50:00,1226,22.25,Long
22932,1900-01-01 19:20:00,1900-01-01 17:35:00,1227,22.25,Long
22933,1900-01-01 15:50:00,1900-01-01 10:45:00,1146,18.916666666666668,Long
22934,1900-01-01 12:45:00,1900-01-01 07:35:00,1147,18.833333333333332,Long
22935,1900-01-01 15:25:00,1900-01-01 05:30:00,787,14.083333333333334,Medium
22936,1900-01-01 20:05:00,1900-01-01 10:20:00,787,14.25,Medium
22937,1900-01-01 13:30:00,1900-01-01 16:45:00,1600,3.25,Long
22938,1900-01-01 18:30:00,1900-01-01 22:50:00,1600,4.333333333333333,Long
22939,1900-01-01 22:25:00,1900-01-01 04:50:00,1689,6.416666666666668,Long
22940,1900-01-01 08:10:00,1900-01-01 14:50:00,1697,6.666666666666667,Long
22941,1900-01-01 23:55:00,1900-01-01 01:25:00,1393,1.5,Long
22942,1900-01-01 05:00:00,1900-01-01 05:15:00,1396,0.25,Long
22943,1900-01-01 15:35:00,1900-01-01 08:30:00,963,16.916666666666668,Long
22944,1900-01-01 14:35:00,1900-01-01 08:05:00,963,17.5,Long
22945,1900-01-01 21:35:00,1900-01-01 15:35:00,986,18.0,Long
22946,1900-01-01 13:10:00,1900-01-01 07:10:00,986,18.0,Long
22949,1900-01-01 12:55:00,1900-01-01 13:20:00,1342,0.4166666666666667,Long
22951,1900-01-01 23:55:00,1900-01-01 15:30:00,853,15.583333333333334,Long
22952,1900-01-01 06:50:00,1900-01-01 22:25:00,853,15.583333333333334,Long
22953,1900-01-01 05:45:00,1900-01-01 14:40:00,490,8.916666666666666,Medium
22954,1900-01-01 07:00:00,1900-01-01 15:55:00,490,8.916666666666666,Medium
22955,1900-01-01 17:45:00,1900-01-01 08:50:00,838,15.083333333333334,Long
22956,1900-01-01 20:15:00,1900-01-01 11:25:00,838,15.166666666666666,Long
22957,1900-01-01 22:10:00,1900-01-01 06:00:00,430,7.833333333333332,Medium
22959,1900-01-01 13:30:00,1900-01-01 23:40:00,556,10.166666666666666,Medium
22960,1900-01-01 04:45:00,1900-01-01 14:50:00,556,10.083333333333334,Medium
22961,1900-01-01 13:30:00,1900-01-01 23:15:00,547,9.75,Medium
22962,1900-01-01 04:55:00,1900-01-01 14:50:00,547,9.916666666666666,Medium
22963,1900-01-01 15:25:00,1900-01-01 05:20:00,780,13.916666666666666,Medium
22964,1900-01-01 17:30:00,1900-01-01 07:35:00,780,14.083333333333334,Medium
22965,1900-01-01 23:55:00,1900-01-01 16:50:00,929,16.916666666666668,Long
22966,1900-01-01 19:40:00,1900-01-01 12:45:00,931,17.083333333333332,Long
22967,1900-01-01 14:00:00,1900-01-01 16:40:00,1488,2.6666666666666665,Long
22968,1900-01-01 21:00:00,1900-01-01 00:05:00,1487,3.083333333333332,Long
22969,1900-01-01 13:45:00,1900-01-01 02:50:00,2023,13.083333333333334,Long
22970,1900-01-01 21:55:00,1900-01-01 08:50:00,2024,10.916666666666666,Long
22971,1900-01-01 16:35:00,1900-01-01 02:05:00,1847,9.5,Long
22972,1900-01-01 23:10:00,1900-01-01 07:33:00,1846,8.383333333333333,Long
22973,1900-01-01 23:00:00,1900-01-01 19:00:00,2436,20.0,Long
22974,1900-01-01 10:30:00,1900-01-01 06:40:00,2443,20.166666666666668,Long
22981,1900-01-01 17:20:00,1900-01-01 10:00:00,918,16.666666666666668,Long
22982,1900-01-01 17:40:00,1900-01-01 09:50:00,919,16.166666666666668,Long
22983,1900-01-01 06:30:00,1900-01-01 14:15:00,432,7.75,Medium
22989,1900-01-01 11:45:00,1900-01-01 03:20:00,881,15.583333333333334,Long
22990,1900-01-01 13:00:00,1900-01-01 04:45:00,881,15.75,Long
22991,1900-01-01 12:45:00,1900-01-01 04:35:00,910,15.833333333333334,Long
22992,1900-01-01 12:45:00,1900-01-01 05:15:00,910,16.5,Long
22993,1900-01-01 15:25:00,1900-01-01 07:10:00,881,15.75,Long
22994,1900-01-01 19:55:00,1900-01-01 11:55:00,881,16.0,Long
22995,1900-01-01 06:20:00,1900-01-01 09:50:00,185,3.5,Short
22996,1900-01-01 20:30:00,1900-01-01 23:40:00,185,3.1666666666666665,Short
23141,1900-01-01 04:15:00,1900-01-01 05:05:00,30,0.8333333333333334,Short
23142,1900-01-01 13:35:00,1900-01-01 14:20:00,30,0.75,Short
23225,1900-01-01 00:00:00,1900-01-01 00:00:00,109,0.0,Short
23226,1900-01-01 10:35:00,1900-01-01 14:15:00,109,3.6666666666666665,Short
23345,1900-01-01 19:35:00,1900-01-01 22:00:00,81,2.4166666666666665,Short
23346,1900-01-01 05:00:00,1900-01-01 06:55:00,81,1.9166666666666667,Short
23347,1900-01-01 17:00:00,1900-01-01 23:00:00,204,6.0,Short
23348,1900-01-01 03:20:00,1900-01-01 09:00:00,204,5.666666666666667,Short
24041,1900-01-01 05:35:00,1900-01-01 06:25:00,24,0.8333333333333334,Short
24042,1900-01-01 22:05:00,1900-01-01 23:00:00,24,0.9166666666666666,Short
24227,1900-01-01 04:45:00,1900-01-01 11:35:00,349,6.833333333333333,Medium
24228,1900-01-01 16:00:00,1900-01-01 23:30:00,349,7.5,Medium
24369,1900-01-01 15:55:00,1900-01-01 12:35:00,740,20.666666666666668,Medium
24370,1900-01-01 12:10:00,1900-01-01 08:10:00,740,20.0,Medium
24887,1900-01-01 00:00:00,1900-01-01 00:00:00,157,0.0,Short
24888,1900-01-01 04:45:00,1900-01-01 09:05:00,157,4.333333333333333,Short
25013,1900-01-01 02:20:00,1900-01-01 04:50:00,76,2.5,Short
25014,1900-01-01 22:00:00,1900-01-01 00:05:00,76,2.083333333333332,Short
25035,1900-01-01 19:15:00,1900-01-01 20:45:00,76,1.5,Short
25036,1900-01-01 09:50:00,1900-01-01 11:45:00,76,1.9166666666666667,Short
25201,1900-01-01 22:20:00,1900-01-01 23:55:00,58,1.5833333333333333,Short
25202,1900-01-01 04:35:00,1900-01-01 05:50:00,58,1.25,Short
25631,1900-01-01 00:00:00,1900-01-01 00:00:00,173,0.0,Short
25632,1900-01-01 00:00:00,1900-01-01 00:00:00,172,0.0,Short
25657,1900-01-01 06:35:00,1900-01-01 16:15:00,1358,9.666666666666666,Long
25658,1900-01-01 10:30:00,1900-01-01 19:25:00,1357,8.916666666666666,Long
28181,1900-01-01 09:20:00,1900-01-01 14:15:00,179,4.916666666666667,Short
28182,1900-01-01 15:00:00,1900-01-01 19:30:00,179,4.5,Short
29019,1900-01-01 14:05:00,1900-01-01 18:45:00,276,4.666666666666667,Short
29020,1900-01-01 08:45:00,1900-01-01 13:40:00,276,4.916666666666667,Short
30111,1900-01-01 18:14:00,1900-01-01 20:18:00,45,2.066666666666667,Short
30112,1900-01-01 17:20:00,1900-01-01 19:07:00,33,1.7833333333333334,Short
30116,1900-01-01 09:34:00,1900-01-01 10:25:00,25,0.85,Short
30121,1900-01-01 11:00:00,1900-01-01 12:56:00,51,1.9333333333333333,Short
30122,1900-01-01 15:15:00,1900-01-01 17:28:00,60,2.216666666666667,Short
30123,1900-01-01 19:43:00,1900-01-01 21:22:00,49,1.65,Short
30128,1900-01-01 08:14:00,1900-01-01 10:41:00,66,2.45,Short
30135,1900-01-01 18:14:00,1900-01-01 20:55:00,84,2.683333333333333,Short
30142,1900-01-01 05:37:00,1900-01-01 08:50:00,128,3.216666666666667,Short
30145,1900-01-01 08:25:00,1900-01-01 11:02:00,102,2.6166666666666667,Short
30152,1900-01-01 16:18:00,1900-01-01 17:59:00,53,1.6833333333333333,Short
30154,1900-01-01 17:52:00,1900-01-01 19:27:00,53,1.5833333333333333,Short
30211,1900-01-01 10:33:00,1900-01-01 11:02:00,9,0.48333333333333334,Short
30311,1900-01-01 13:10:00,1900-01-01 14:25:00,28,1.25,Short
30312,1900-01-01 15:50:00,1900-01-01 17:22:00,33,1.5333333333333334,Short
30313,1900-01-01 20:10:00,1900-01-01 21:38:00,33,1.4666666666666666,Short
30314,1900-01-01 18:08:00,1900-01-01 19:40:00,41,1.5333333333333334,Short
30317,1900-01-01 16:33:00,1900-01-01 18:22:00,41,1.8166666666666667,Short
30321,1900-01-01 00:00:00,1900-01-01 00:00:00,85,0.0,Short
30322,1900-01-01 05:47:00,1900-01-01 08:10:00,77,2.3833333333333333,Short
30324,1900-01-01 08:35:00,1900-01-01 11:39:00,80,3.066666666666667,Short
30331,1900-01-01 17:30:00,1900-01-01 19:34:00,55,2.066666666666667,Short
30332,1900-01-01 14:15:00,1900-01-01 16:29:00,55,2.2333333333333334,Short
30333,1900-01-01 11:48:00,1900-01-01 13:50:00,55,2.033333333333333,Short
30342,1900-01-01 06:35:00,1900-01-01 09:12:00,87,2.6166666666666667,Short
30344,1900-01-01 07:30:00,1900-01-01 10:08:00,87,2.6333333333333333,Short
30346,1900-01-01 09:50:00,1900-01-01 12:35:00,87,2.75,Short
30351,1900-01-01 10:12:00,1900-01-01 11:32:00,37,1.3333333333333333,Short
30353,1900-01-01 16:30:00,1900-01-01 17:58:00,45,1.4666666666666666,Short
30357,1900-01-01 08:56:00,1900-01-01 10:25:00,33,1.4833333333333334,Short
30358,1900-01-01 10:35:00,1900-01-01 11:47:00,33,1.2,Short
30361,1900-01-01 00:00:00,1900-01-01 00:00:00,90,0.0,Short
30411,1900-01-01 10:40:00,1900-01-01 12:00:00,24,1.3333333333333333,Short
30412,1900-01-01 09:02:00,1900-01-01 10:05:00,24,1.05,Short
30413,1900-01-01 11:05:00,1900-01-01 12:30:00,24,1.4166666666666667,Short
30414,1900-01-01 09:35:00,1900-01-01 10:36:00,24,1.0166666666666666,Short
30416,1900-01-01 17:10:00,1900-01-01 18:11:00,24,1.0166666666666666,Short
30451,1900-01-01 18:19:00,1900-01-01 19:25:00,24,1.1,Short
30452,1900-01-01 15:25:00,1900-01-01 16:55:00,31,1.5,Short
30511,1900-01-01 08:08:00,1900-01-01 09:14:00,30,1.1,Short
30552,1900-01-01 19:08:00,1900-01-01 20:44:00,37,1.6,Short
30612,1900-01-01 17:10:00,1900-01-01 19:33:00,46,2.3833333333333333,Short
30711,1900-01-01 14:34:00,1900-01-01 16:31:00,67,1.95,Short
30712,1900-01-01 09:40:00,1900-01-01 11:46:00,67,2.1,Short
31051,1900-01-01 07:12:00,1900-01-01 09:17:00,67,2.0833333333333335,Short
31053,1900-01-01 14:05:00,1900-01-01 16:06:00,67,2.0166666666666666,Short
31055,1900-01-01 17:52:00,1900-01-01 20:00:00,67,2.1333333333333333,Short
31111,1900-01-01 08:06:00,1900-01-01 11:40:00,154,3.566666666666667,Short
31112,1900-01-01 15:50:00,1900-01-01 19:30:00,154,3.6666666666666665,Short
31151,1900-01-01 10:15:00,1900-01-01 13:03:00,116,2.8,Short
31152,1900-01-01 14:40:00,1900-01-01 17:40:00,116,3.0,Short
31191,1900-01-01 04:10:00,1900-01-01 04:40:00,15,0.5,Short
31192,1900-01-01 23:46:00,1900-01-01 00:10:00,15,0.3999999999999986,Short
31211,1900-01-01 05:50:00,1900-01-01 06:30:00,25,0.6666666666666666,Short
31212,1900-01-01 06:40:00,1900-01-01 07:23:00,25,0.7166666666666667,Short
31213,1900-01-01 06:48:00,1900-01-01 07:25:00,25,0.6166666666666667,Short
31214,1900-01-01 07:40:00,1900-01-01 08:20:00,25,0.6666666666666666,Short
31215,1900-01-01 07:33:00,1900-01-01 08:10:00,25,0.6166666666666667,Short
31216,1900-01-01 08:22:00,1900-01-01 09:05:00,25,0.7166666666666667,Short
31217,1900-01-01 07:46:00,1900-01-01 08:27:00,25,0.6833333333333333,Short
31218,1900-01-01 08:35:00,1900-01-01 09:17:00,25,0.7,Short
31219,1900-01-01 08:00:00,1900-01-01 08:38:00,25,0.6333333333333333,Short
31220,1900-01-01 08:48:00,1900-01-01 09:33:00,25,0.75,Short
31221,1900-01-01 08:38:00,1900-01-01 09:18:00,25,0.6666666666666666,Short
31222,1900-01-01 09:02:00,1900-01-01 09:45:00,25,0.7166666666666667,Short
31223,1900-01-01 09:10:00,1900-01-01 09:48:00,25,0.6333333333333333,Short
31224,1900-01-01 09:57:00,1900-01-01 10:38:00,25,0.6833333333333333,Short
31225,1900-01-01 09:34:00,1900-01-01 10:14:00,25,0.6666666666666666,Short
31226,1900-01-01 10:25:00,1900-01-01 11:05:00,25,0.6666666666666666,Short
31227,1900-01-01 09:40:00,1900-01-01 10:20:00,25,0.6666666666666666,Short
31228,1900-01-01 10:32:00,1900-01-01 11:14:00,25,0.7,Short
31229,1900-01-01 10:05:00,1900-01-01 10:45:00,25,0.6666666666666666,Short
31230,1900-01-01 11:00:00,1900-01-01 11:42:00,25,0.7,Short
31231,1900-01-01 13:42:00,1900-01-01 14:22:00,25,0.6666666666666666,Short
31232,1900-01-01 14:42:00,1900-01-01 15:20:00,25,0.6333333333333333,Short
31233,1900-01-01 14:50:00,1900-01-01 15:30:00,25,0.6666666666666666,Short
31234,1900-01-01 15:45:00,1900-01-01 16:25:00,25,0.6666666666666666,Short
31235,1900-01-01 16:08:00,1900-01-01 16:48:00,25,0.6666666666666666,Short
31236,1900-01-01 18:30:00,1900-01-01 19:10:00,25,0.6666666666666666,Short
31237,1900-01-01 18:28:00,1900-01-01 19:10:00,25,0.7,Short
31238,1900-01-01 19:25:00,1900-01-01 20:05:00,25,0.6666666666666666,Short
31239,1900-01-01 00:00:00,1900-01-01 00:00:00,25,0.0,Short
31240,1900-01-01 20:27:00,1900-01-01 21:07:00,25,0.6666666666666666,Short
31241,1900-01-01 08:13:00,1900-01-01 08:52:00,25,0.65,Short
31261,1900-01-01 17:42:00,1900-01-01 18:18:00,20,0.6,Short
31311,1900-01-01 04:12:00,1900-01-01 05:43:00,55,1.5166666666666666,Short
31312,1900-01-01 05:02:00,1900-01-01 06:30:00,55,1.4666666666666666,Short
31313,1900-01-01 05:30:00,1900-01-01 07:00:00,55,1.5,Short
31314,1900-01-01 06:02:00,1900-01-01 07:30:00,55,1.4666666666666666,Short
31315,1900-01-01 06:30:00,1900-01-01 07:58:00,55,1.4666666666666666,Short
31316,1900-01-01 07:10:00,1900-01-01 08:40:00,55,1.5,Short
31317,1900-01-01 07:18:00,1900-01-01 08:48:00,55,1.5,Short
31318,1900-01-01 09:15:00,1900-01-01 10:45:00,55,1.5,Short
31319,1900-01-01 08:30:00,1900-01-01 10:00:00,55,1.5,Short
31320,1900-01-01 10:12:00,1900-01-01 11:35:00,55,1.3833333333333333,Short
31321,1900-01-01 09:20:00,1900-01-01 10:52:00,55,1.5333333333333334,Short
31322,1900-01-01 13:18:00,1900-01-01 15:06:00,55,1.8,Short
31323,1900-01-01 11:22:00,1900-01-01 12:52:00,55,1.5,Short
31324,1900-01-01 14:16:00,1900-01-01 15:45:00,55,1.4833333333333334,Short
31325,1900-01-01 12:30:00,1900-01-01 14:03:00,55,1.55,Short
31326,1900-01-01 15:20:00,1900-01-01 16:50:00,55,1.5,Short
31327,1900-01-01 13:35:00,1900-01-01 15:07:00,55,1.5333333333333334,Short
31328,1900-01-01 16:32:00,1900-01-01 18:00:00,55,1.4666666666666666,Short
31329,1900-01-01 14:40:00,1900-01-01 16:10:00,55,1.5,Short
31330,1900-01-01 17:32:00,1900-01-01 19:02:00,55,1.5,Short
31331,1900-01-01 15:35:00,1900-01-01 17:06:00,55,1.5166666666666666,Short
31332,1900-01-01 19:07:00,1900-01-01 20:35:00,55,1.4666666666666666,Short
31333,1900-01-01 16:50:00,1900-01-01 18:20:00,55,1.5,Short
31334,1900-01-01 20:02:00,1900-01-01 21:32:00,55,1.5,Short
31335,1900-01-01 18:12:00,1900-01-01 19:46:00,55,1.5666666666666667,Short
31336,1900-01-01 21:14:00,1900-01-01 22:45:00,55,1.5166666666666666,Short
31337,1900-01-01 19:10:00,1900-01-01 20:34:00,55,1.4,Short
31338,1900-01-01 22:12:00,1900-01-01 23:42:00,55,1.5,Short
31339,1900-01-01 20:10:00,1900-01-01 21:43:00,55,1.55,Short
31411,1900-01-01 04:40:00,1900-01-01 05:40:00,40,1.0,Short
31412,1900-01-01 04:05:00,1900-01-01 05:10:00,40,1.0833333333333333,Short
31413,1900-01-01 06:38:00,1900-01-01 07:42:00,40,1.0666666666666667,Short
31414,1900-01-01 04:50:00,1900-01-01 05:55:00,40,1.0833333333333333,Short
31415,1900-01-01 07:52:00,1900-01-01 08:55:00,40,1.05,Short
31416,1900-01-01 07:52:00,1900-01-01 08:58:00,40,1.1,Short
31417,1900-01-01 09:28:00,1900-01-01 10:30:00,40,1.0333333333333334,Short
31418,1900-01-01 08:30:00,1900-01-01 09:38:00,40,1.1333333333333333,Short
31420,1900-01-01 09:10:00,1900-01-01 10:13:00,40,1.05,Short
31421,1900-01-01 10:45:00,1900-01-01 11:48:00,40,1.05,Short
31422,1900-01-01 09:27:00,1900-01-01 10:30:00,40,1.05,Short
31423,1900-01-01 11:15:00,1900-01-01 12:18:00,40,1.05,Short
31424,1900-01-01 10:45:00,1900-01-01 11:50:00,40,1.0833333333333333,Short
31425,1900-01-01 12:20:00,1900-01-01 13:25:00,40,1.0833333333333333,Short
31426,1900-01-01 12:00:00,1900-01-01 13:05:00,40,1.0833333333333333,Short
31427,1900-01-01 13:07:00,1900-01-01 14:12:00,40,1.0833333333333333,Short
31428,1900-01-01 12:28:00,1900-01-01 13:32:00,40,1.0666666666666667,Short
31429,1900-01-01 13:52:00,1900-01-01 14:57:00,40,1.0833333333333333,Short
31430,1900-01-01 13:20:00,1900-01-01 14:25:00,40,1.0833333333333333,Short
31431,1900-01-01 16:02:00,1900-01-01 17:07:00,40,1.0833333333333333,Short
31432,1900-01-01 13:40:00,1900-01-01 14:42:00,40,1.0333333333333334,Short
31433,1900-01-01 16:32:00,1900-01-01 17:38:00,40,1.1,Short
31434,1900-01-01 14:50:00,1900-01-01 15:55:00,40,1.0833333333333333,Short
31435,1900-01-01 17:22:00,1900-01-01 18:27:00,40,1.0833333333333333,Short
31436,1900-01-01 17:22:00,1900-01-01 18:25:00,40,1.05,Short
31437,1900-01-01 18:05:00,1900-01-01 19:10:00,40,1.0833333333333333,Short
31438,1900-01-01 19:20:00,1900-01-01 20:24:00,40,1.0666666666666667,Short
31439,1900-01-01 18:35:00,1900-01-01 19:39:00,40,1.0666666666666667,Short
31440,1900-01-01 19:47:00,1900-01-01 20:48:00,40,1.0166666666666666,Short
31441,1900-01-01 19:42:00,1900-01-01 20:45:00,40,1.05,Short
31442,1900-01-01 20:15:00,1900-01-01 21:20:00,40,1.0833333333333333,Short
31443,1900-01-01 20:52:00,1900-01-01 21:55:00,40,1.05,Short
31444,1900-01-01 21:08:00,1900-01-01 22:13:00,40,1.0833333333333333,Short
31445,1900-01-01 21:20:00,1900-01-01 22:25:00,40,1.0833333333333333,Short
31446,1900-01-01 21:32:00,1900-01-01 22:35:00,40,1.05,Short
31447,1900-01-01 22:22:00,1900-01-01 23:27:00,40,1.0833333333333333,Short
31448,1900-01-01 22:08:00,1900-01-01 23:12:00,40,1.0666666666666667,Short
31449,1900-01-01 23:15:00,1900-01-01 00:18:00,40,1.0500000000000007,Short
31450,1900-01-01 23:15:00,1900-01-01 00:20:00,40,1.0833333333333321,Short
31451,1900-01-01 00:00:00,1900-01-01 00:00:00,40,0.0,Short
31471,1900-01-01 07:15:00,1900-01-01 08:12:00,35,0.95,Short
31511,1900-01-01 04:35:00,1900-01-01 06:55:00,96,2.3333333333333335,Short
31512,1900-01-01 03:22:00,1900-01-01 05:40:00,96,2.3,Short
31513,1900-01-01 06:00:00,1900-01-01 08:15:00,96,2.25,Short
31514,1900-01-01 04:46:00,1900-01-01 07:05:00,96,2.316666666666667,Short
31515,1900-01-01 07:25:00,1900-01-01 09:42:00,96,2.283333333333333,Short
31516,1900-01-01 05:52:00,1900-01-01 08:07:00,96,2.25,Short
31517,1900-01-01 08:50:00,1900-01-01 11:08:00,96,2.3,Short
31518,1900-01-01 07:28:00,1900-01-01 09:40:00,96,2.2,Short
31519,1900-01-01 10:32:00,1900-01-01 12:50:00,96,2.3,Short
31520,1900-01-01 08:37:00,1900-01-01 10:52:00,96,2.25,Short
31521,1900-01-01 11:35:00,1900-01-01 13:58:00,96,2.3833333333333333,Short
31522,1900-01-01 10:05:00,1900-01-01 12:22:00,96,2.283333333333333,Short
31523,1900-01-01 13:00:00,1900-01-01 15:20:00,96,2.3333333333333335,Short
31524,1900-01-01 11:30:00,1900-01-01 13:42:00,96,2.2,Short
31525,1900-01-01 14:20:00,1900-01-01 16:38:00,96,2.3,Short
31526,1900-01-01 13:12:00,1900-01-01 15:32:00,96,2.3333333333333335,Short
31527,1900-01-01 15:45:00,1900-01-01 18:05:00,96,2.3333333333333335,Short
31528,1900-01-01 14:27:00,1900-01-01 16:40:00,96,2.216666666666667,Short
31529,1900-01-01 16:57:00,1900-01-01 19:18:00,96,2.35,Short
31530,1900-01-01 15:40:00,1900-01-01 17:55:00,96,2.25,Short
31531,1900-01-01 17:52:00,1900-01-01 20:00:00,96,2.1333333333333333,Short
31532,1900-01-01 17:10:00,1900-01-01 19:25:00,96,2.25,Short
31533,1900-01-01 18:50:00,1900-01-01 21:10:00,96,2.3333333333333335,Short
31534,1900-01-01 18:28:00,1900-01-01 20:45:00,96,2.283333333333333,Short
31535,1900-01-01 19:50:00,1900-01-01 22:10:00,96,2.3333333333333335,Short
31536,1900-01-01 19:52:00,1900-01-01 22:05:00,96,2.216666666666667,Short
31537,1900-01-01 20:45:00,1900-01-01 23:03:00,96,2.3,Short
31538,1900-01-01 20:55:00,1900-01-01 23:15:00,96,2.3333333333333335,Short
31539,1900-01-01 21:50:00,1900-01-01 00:05:00,96,2.25,Short
31540,1900-01-01 21:30:00,1900-01-01 23:50:00,96,2.3333333333333335,Short
31541,1900-01-01 22:40:00,1900-01-01 00:55:00,96,2.25,Short
31542,1900-01-01 22:45:00,1900-01-01 00:58:00,96,2.216666666666665,Short
31571,1900-01-01 05:47:00,1900-01-01 06:52:00,35,1.0833333333333333,Short
31584,1900-01-01 07:02:00,1900-01-01 07:40:00,15,0.6333333333333333,Short
31585,1900-01-01 08:35:00,1900-01-01 09:13:00,15,0.6333333333333333,Short
31586,1900-01-01 09:25:00,1900-01-01 10:02:00,15,0.6166666666666667,Short
31601,1900-01-01 17:52:00,1900-01-01 19:40:00,76,1.8,Short
31602,1900-01-01 07:45:00,1900-01-01 09:26:00,76,1.6833333333333333,Short
31611,1900-01-01 05:05:00,1900-01-01 06:55:00,76,1.8333333333333333,Short
31612,1900-01-01 04:20:00,1900-01-01 06:05:00,76,1.75,Short
31613,1900-01-01 05:37:00,1900-01-01 07:25:00,76,1.8,Short
31614,1900-01-01 06:05:00,1900-01-01 07:50:00,76,1.75,Short
31615,1900-01-01 06:20:00,1900-01-01 08:10:00,76,1.8333333333333333,Short
31616,1900-01-01 07:20:00,1900-01-01 09:10:00,76,1.8333333333333333,Short
31617,1900-01-01 08:00:00,1900-01-01 09:48:00,76,1.8,Short
31618,1900-01-01 07:30:00,1900-01-01 09:10:00,76,1.6666666666666667,Short
31619,1900-01-01 09:50:00,1900-01-01 11:28:00,76,1.6333333333333333,Short
31620,1900-01-01 08:35:00,1900-01-01 10:18:00,76,1.7166666666666666,Short
31621,1900-01-01 11:45:00,1900-01-01 13:37:00,76,1.8666666666666667,Short
31622,1900-01-01 10:12:00,1900-01-01 11:58:00,76,1.7666666666666666,Short
31623,1900-01-01 15:00:00,1900-01-01 16:48:00,76,1.8,Short
31624,1900-01-01 12:50:00,1900-01-01 14:36:00,76,1.7666666666666666,Short
31625,1900-01-01 16:25:00,1900-01-01 18:12:00,76,1.7833333333333334,Short
31626,1900-01-01 15:30:00,1900-01-01 17:02:00,76,1.5333333333333334,Short
31627,1900-01-01 20:25:00,1900-01-01 22:15:00,76,1.8333333333333333,Short
31628,1900-01-01 17:25:00,1900-01-01 19:10:00,76,1.75,Short
31629,1900-01-01 21:40:00,1900-01-01 23:28:00,76,1.8,Short
31630,1900-01-01 18:42:00,1900-01-01 20:30:00,76,1.8,Short
31631,1900-01-01 22:50:00,1900-01-01 00:38:00,76,1.8000000000000007,Short
31632,1900-01-01 19:25:00,1900-01-01 21:15:00,76,1.8333333333333333,Short
31633,1900-01-01 23:40:00,1900-01-01 01:28:00,76,1.8000000000000007,Short
31634,1900-01-01 20:08:00,1900-01-01 21:55:00,76,1.7833333333333334,Short
31636,1900-01-01 21:37:00,1900-01-01 23:25:00,76,1.8,Short
31711,1900-01-01 05:00:00,1900-01-01 05:42:00,35,0.7,Short
31712,1900-01-01 04:05:00,1900-01-01 04:47:00,35,0.7,Short
31713,1900-01-01 12:32:00,1900-01-01 13:12:00,35,0.6666666666666666,Short
31714,1900-01-01 11:40:00,1900-01-01 12:20:00,35,0.6666666666666666,Short
31721,1900-01-01 04:42:00,1900-01-01 05:11:00,26,0.48333333333333334,Short
31722,1900-01-01 07:58:00,1900-01-01 08:32:00,26,0.5666666666666667,Short
31723,1900-01-01 06:05:00,1900-01-01 06:38:00,26,0.55,Short
31724,1900-01-01 20:44:00,1900-01-01 21:15:00,26,0.5166666666666667,Short
31725,1900-01-01 22:20:00,1900-01-01 22:50:00,26,0.5,Short
31726,1900-01-01 23:25:00,1900-01-01 23:58:00,26,0.55,Short
31741,1900-01-01 04:42:00,1900-01-01 05:32:00,43,0.8333333333333334,Short
31742,1900-01-01 06:22:00,1900-01-01 07:12:00,43,0.8333333333333334,Short
31743,1900-01-01 05:27:00,1900-01-01 06:14:00,43,0.7833333333333333,Short
31744,1900-01-01 07:38:00,1900-01-01 08:28:00,43,0.8333333333333334,Short
31745,1900-01-01 07:30:00,1900-01-01 08:20:00,43,0.8333333333333334,Short
31746,1900-01-01 09:52:00,1900-01-01 10:45:00,43,0.8833333333333333,Short
31747,1900-01-01 08:50:00,1900-01-01 09:40:00,43,0.8333333333333334,Short
31748,1900-01-01 11:55:00,1900-01-01 12:48:00,43,0.8833333333333333,Short
31749,1900-01-01 10:53:00,1900-01-01 11:47:00,43,0.9,Short
31750,1900-01-01 16:30:00,1900-01-01 17:20:00,43,0.8333333333333334,Short
31751,1900-01-01 13:40:00,1900-01-01 14:30:00,43,0.8333333333333334,Short
31752,1900-01-01 17:30:00,1900-01-01 18:20:00,43,0.8333333333333334,Short
31753,1900-01-01 15:20:00,1900-01-01 16:10:00,43,0.8333333333333334,Short
31754,1900-01-01 18:30:00,1900-01-01 19:20:00,43,0.8333333333333334,Short
31755,1900-01-01 17:50:00,1900-01-01 18:40:00,43,0.8333333333333334,Short
31756,1900-01-01 20:50:00,1900-01-01 21:40:00,43,0.8333333333333334,Short
31757,1900-01-01 19:45:00,1900-01-01 20:35:00,43,0.8333333333333334,Short
31758,1900-01-01 21:58:00,1900-01-01 22:47:00,43,0.8166666666666667,Short
31765,1900-01-01 05:00:00,1900-01-01 08:15:00,154,3.25,Short
31766,1900-01-01 08:25:00,1900-01-01 11:45:00,153,3.3333333333333335,Short
31767,1900-01-01 07:35:00,1900-01-01 10:50:00,154,3.25,Short
31768,1900-01-01 03:25:00,1900-01-01 06:55:00,153,3.5,Short
31770,1900-01-01 11:55:00,1900-01-01 15:35:00,153,3.6666666666666665,Short
31771,1900-01-01 17:05:00,1900-01-01 20:20:00,154,3.25,Short
31772,1900-01-01 19:30:00,1900-01-01 23:03:00,153,3.55,Short
31781,1900-01-01 08:15:00,1900-01-01 08:42:00,20,0.45,Short
31782,1900-01-01 08:58:00,1900-01-01 09:25:00,19,0.45,Short
31783,1900-01-01 13:05:00,1900-01-01 13:32:00,20,0.45,Short
31784,1900-01-01 10:46:00,1900-01-01 11:15:00,19,0.48333333333333334,Short
31786,1900-01-01 14:07:00,1900-01-01 14:35:00,19,0.4666666666666667,Short
31801,1900-01-01 17:05:00,1900-01-01 19:29:00,102,2.4,Short
31802,1900-01-01 08:42:00,1900-01-01 11:00:00,102,2.3,Short
31811,1900-01-01 03:20:00,1900-01-01 05:48:00,102,2.466666666666667,Short
31812,1900-01-01 04:20:00,1900-01-01 06:45:00,102,2.4166666666666665,Short
31813,1900-01-01 05:20:00,1900-01-01 07:42:00,102,2.3666666666666667,Short
31814,1900-01-01 05:00:00,1900-01-01 07:12:00,102,2.2,Short
31815,1900-01-01 06:10:00,1900-01-01 08:34:00,102,2.4,Short
31816,1900-01-01 06:07:00,1900-01-01 08:27:00,102,2.3333333333333335,Short
31817,1900-01-01 06:55:00,1900-01-01 09:22:00,102,2.45,Short
31818,1900-01-01 07:04:00,1900-01-01 09:22:00,102,2.3,Short
31819,1900-01-01 09:35:00,1900-01-01 11:50:00,102,2.25,Short
31820,1900-01-01 09:04:00,1900-01-01 11:24:00,102,2.3333333333333335,Short
31821,1900-01-01 10:52:00,1900-01-01 13:15:00,102,2.3833333333333333,Short
31822,1900-01-01 09:50:00,1900-01-01 12:10:00,102,2.3333333333333335,Short
31823,1900-01-01 12:05:00,1900-01-01 14:26:00,102,2.35,Short
31824,1900-01-01 12:07:00,1900-01-01 14:25:00,102,2.3,Short
31825,1900-01-01 13:15:00,1900-01-01 15:35:00,102,2.3333333333333335,Short
31826,1900-01-01 13:50:00,1900-01-01 16:00:00,102,2.1666666666666665,Short
31827,1900-01-01 15:25:00,1900-01-01 17:50:00,102,2.4166666666666665,Short
31828,1900-01-01 15:20:00,1900-01-01 17:37:00,102,2.283333333333333,Short
31829,1900-01-01 16:15:00,1900-01-01 18:35:00,102,2.3333333333333335,Short
31830,1900-01-01 16:27:00,1900-01-01 18:45:00,102,2.3,Short
31831,1900-01-01 17:36:00,1900-01-01 19:49:00,102,2.216666666666667,Short
31832,1900-01-01 18:32:00,1900-01-01 20:58:00,102,2.433333333333333,Short
31833,1900-01-01 18:42:00,1900-01-01 20:59:00,102,2.283333333333333,Short
31834,1900-01-01 19:24:00,1900-01-01 21:43:00,102,2.316666666666667,Short
31835,1900-01-01 19:35:00,1900-01-01 21:57:00,102,2.3666666666666667,Short
31836,1900-01-01 20:00:00,1900-01-01 22:25:00,102,2.4166666666666665,Short
31837,1900-01-01 21:00:00,1900-01-01 23:22:00,102,2.3666666666666667,Short
31838,1900-01-01 22:17:00,1900-01-01 00:40:00,102,2.383333333333333,Short
31839,1900-01-01 07:46:00,1900-01-01 09:58:00,102,2.2,Short
31840,1900-01-01 20:25:00,1900-01-01 22:55:00,102,2.5,Short
31841,1900-01-01 10:28:00,1900-01-01 12:35:00,102,2.1166666666666667,Short
31842,1900-01-01 21:10:00,1900-01-01 23:25:00,102,2.25,Short
31843,1900-01-01 19:30:00,1900-01-01 21:40:00,102,2.1666666666666665,Short
31844,1900-01-01 14:17:00,1900-01-01 16:15:00,102,1.9666666666666666,Short
31861,1900-01-01 10:28:00,1900-01-01 13:10:00,128,2.7,Short
31862,1900-01-01 16:55:00,1900-01-01 19:55:00,127,3.0,Short
31863,1900-01-01 13:05:00,1900-01-01 15:45:00,128,2.6666666666666665,Short
31864,1900-01-01 17:55:00,1900-01-01 20:40:00,127,2.75,Short
31865,1900-01-01 22:10:00,1900-01-01 00:40:00,128,2.5,Short
31866,1900-01-01 11:05:00,1900-01-01 13:47:00,127,2.7,Short
31911,1900-01-01 04:20:00,1900-01-01 07:02:00,119,2.7,Short
31912,1900-01-01 03:50:00,1900-01-01 06:25:00,119,2.5833333333333335,Short
31913,1900-01-01 07:40:00,1900-01-01 10:28:00,119,2.8,Short
31914,1900-01-01 05:05:00,1900-01-01 07:37:00,119,2.533333333333333,Short
31915,1900-01-01 09:58:00,1900-01-01 12:39:00,119,2.683333333333333,Short
31916,1900-01-01 07:12:00,1900-01-01 09:52:00,119,2.6666666666666665,Short
31917,1900-01-01 12:45:00,1900-01-01 15:40:00,119,2.9166666666666665,Short
31918,1900-01-01 08:52:00,1900-01-01 11:30:00,119,2.6333333333333333,Short
31919,1900-01-01 14:05:00,1900-01-01 16:46:00,119,2.683333333333333,Short
31920,1900-01-01 10:40:00,1900-01-01 13:14:00,119,2.566666666666667,Short
31921,1900-01-01 17:15:00,1900-01-01 19:58:00,119,2.716666666666667,Short
31922,1900-01-01 14:05:00,1900-01-01 17:00:00,119,2.9166666666666665,Short
31923,1900-01-01 18:20:00,1900-01-01 21:04:00,119,2.7333333333333334,Short
31924,1900-01-01 15:35:00,1900-01-01 18:12:00,119,2.6166666666666667,Short
31925,1900-01-01 19:17:00,1900-01-01 21:54:00,119,2.6166666666666667,Short
31926,1900-01-01 19:54:00,1900-01-01 22:35:00,119,2.683333333333333,Short
31927,1900-01-01 20:32:00,1900-01-01 23:15:00,119,2.716666666666667,Short
31928,1900-01-01 21:25:00,1900-01-01 00:02:00,119,2.616666666666667,Short
31929,1900-01-01 21:30:00,1900-01-01 00:11:00,119,2.6833333333333336,Short
32211,1900-01-01 04:07:00,1900-01-01 04:50:00,28,0.7166666666666667,Short
32212,1900-01-01 05:00:00,1900-01-01 05:45:00,28,0.75,Short
32213,1900-01-01 04:57:00,1900-01-01 05:44:00,28,0.7833333333333333,Short
32214,1900-01-01 05:52:00,1900-01-01 06:35:00,28,0.7166666666666667,Short
32215,1900-01-01 05:42:00,1900-01-01 06:25:00,28,0.7166666666666667,Short
32216,1900-01-01 06:35:00,1900-01-01 07:18:00,28,0.7166666666666667,Short
32217,1900-01-01 06:05:00,1900-01-01 06:52:00,28,0.7833333333333333,Short
32218,1900-01-01 07:02:00,1900-01-01 07:46:00,28,0.7333333333333333,Short
32219,1900-01-01 06:42:00,1900-01-01 07:25:00,28,0.7166666666666667,Short
32220,1900-01-01 07:40:00,1900-01-01 08:27:00,28,0.7833333333333333,Short
32221,1900-01-01 00:00:00,1900-01-01 00:00:00,28,0.0,Short
32222,1900-01-01 08:44:00,1900-01-01 09:28:00,28,0.7333333333333333,Short
32223,1900-01-01 08:23:00,1900-01-01 09:07:00,28,0.7333333333333333,Short
32224,1900-01-01 09:15:00,1900-01-01 10:00:00,28,0.75,Short
32225,1900-01-01 08:48:00,1900-01-01 09:31:00,28,0.7166666666666667,Short
32226,1900-01-01 09:50:00,1900-01-01 10:35:00,28,0.75,Short
32227,1900-01-01 09:50:00,1900-01-01 10:32:00,28,0.7,Short
32228,1900-01-01 10:58:00,1900-01-01 11:45:00,28,0.7833333333333333,Short
32229,1900-01-01 10:15:00,1900-01-01 11:02:00,28,0.7833333333333333,Short
32230,1900-01-01 11:25:00,1900-01-01 12:10:00,28,0.75,Short
32231,1900-01-01 10:50:00,1900-01-01 11:35:00,28,0.75,Short
32232,1900-01-01 12:08:00,1900-01-01 12:52:00,28,0.7333333333333333,Short
32233,1900-01-01 12:12:00,1900-01-01 12:57:00,28,0.75,Short
32234,1900-01-01 13:10:00,1900-01-01 14:05:00,28,0.9166666666666666,Short
32235,1900-01-01 13:25:00,1900-01-01 14:07:00,28,0.7,Short
32236,1900-01-01 14:22:00,1900-01-01 15:05:00,28,0.7166666666666667,Short
32237,1900-01-01 15:26:00,1900-01-01 16:10:00,28,0.7333333333333333,Short
32238,1900-01-01 16:25:00,1900-01-01 17:07:00,28,0.7,Short
32239,1900-01-01 16:05:00,1900-01-01 16:45:00,28,0.6666666666666666,Short
32240,1900-01-01 17:10:00,1900-01-01 17:55:00,28,0.75,Short
32241,1900-01-01 17:17:00,1900-01-01 18:02:00,28,0.75,Short
32242,1900-01-01 18:10:00,1900-01-01 18:55:00,28,0.75,Short
32243,1900-01-01 18:06:00,1900-01-01 18:49:00,28,0.7166666666666667,Short
32244,1900-01-01 18:30:00,1900-01-01 19:15:00,28,0.75,Short
32245,1900-01-01 19:05:00,1900-01-01 19:50:00,28,0.75,Short
32246,1900-01-01 19:15:00,1900-01-01 19:58:00,28,0.7166666666666667,Short
32247,1900-01-01 21:32:00,1900-01-01 22:15:00,28,0.7166666666666667,Short
32248,1900-01-01 20:32:00,1900-01-01 21:20:00,28,0.8,Short
32249,1900-01-01 22:22:00,1900-01-01 23:07:00,28,0.75,Short
32250,1900-01-01 22:32:00,1900-01-01 23:20:00,28,0.8,Short
32252,1900-01-01 23:45:00,1900-01-01 00:28:00,28,0.716666666666665,Short
32411,1900-01-01 14:12:00,1900-01-01 15:12:00,39,1.0,Short
32412,1900-01-01 15:23:00,1900-01-01 16:30:00,39,1.1166666666666667,Short
32413,1900-01-01 20:40:00,1900-01-01 21:50:00,39,1.1666666666666667,Short
32414,1900-01-01 22:50:00,1900-01-01 23:50:00,39,1.0,Short
33061,1900-01-01 14:32:00,1900-01-01 16:44:00,66,2.2,Short
33212,1900-01-01 11:33:00,1900-01-01 11:50:00,9,0.2833333333333333,Short
33231,1900-01-01 18:17:00,1900-01-01 18:42:00,15,0.4166666666666667,Short
33232,1900-01-01 18:52:00,1900-01-01 19:17:00,15,0.4166666666666667,Short
33262,1900-01-01 17:12:00,1900-01-01 17:40:00,15,0.4666666666666667,Short
33271,1900-01-01 19:25:00,1900-01-01 20:45:00,50,1.3333333333333333,Short
33282,1900-01-01 16:15:00,1900-01-01 18:05:00,67,1.8333333333333333,Short
33291,1900-01-01 17:50:00,1900-01-01 18:18:00,18,0.4666666666666667,Short
33311,1900-01-01 00:00:00,1900-01-01 00:00:00,52,0.0,Short
33312,1900-01-01 05:10:00,1900-01-01 06:32:00,52,1.3666666666666667,Short
33313,1900-01-01 00:00:00,1900-01-01 00:00:00,52,0.0,Short
33314,1900-01-01 09:28:00,1900-01-01 10:46:00,52,1.3,Short
33315,1900-01-01 00:00:00,1900-01-01 00:00:00,52,0.0,Short
33316,1900-01-01 19:40:00,1900-01-01 21:04:00,52,1.4,Short
33317,1900-01-01 00:00:00,1900-01-01 00:00:00,52,0.0,Short
33318,1900-01-01 22:24:00,1900-01-01 23:40:00,52,1.2666666666666666,Short
33319,1900-01-01 00:00:00,1900-01-01 00:00:00,52,0.0,Short
33320,1900-01-01 20:28:00,1900-01-01 21:48:00,52,1.3333333333333333,Short
33321,1900-01-01 00:00:00,1900-01-01 00:00:00,52,0.0,Short
33323,1900-01-01 00:00:00,1900-01-01 00:00:00,52,0.0,Short
33325,1900-01-01 21:30:00,1900-01-01 22:55:00,52,1.4166666666666667,Short
33351,1900-01-01 15:42:00,1900-01-01 16:15:00,22,0.55,Short
33357,1900-01-01 07:02:00,1900-01-01 07:15:00,7,0.21666666666666667,Short
33361,1900-01-01 07:45:00,1900-01-01 08:55:00,54,1.1666666666666667,Short
33362,1900-01-01 09:25:00,1900-01-01 10:30:00,54,1.0833333333333333,Short
33363,1900-01-01 08:25:00,1900-01-01 09:30:00,54,1.0833333333333333,Short
33364,1900-01-01 20:08:00,1900-01-01 21:22:00,54,1.2333333333333334,Short
33365,1900-01-01 11:30:00,1900-01-01 12:35:00,54,1.0833333333333333,Short
33366,1900-01-01 22:10:00,1900-01-01 23:20:00,54,1.1666666666666667,Short
33367,1900-01-01 17:40:00,1900-01-01 18:48:00,54,1.1333333333333333,Short
33382,1900-01-01 22:15:00,1900-01-01 23:03:00,35,0.8,Short
33401,1900-01-01 18:12:00,1900-01-01 18:57:00,24,0.75,Short
33402,1900-01-01 09:35:00,1900-01-01 10:20:00,25,0.75,Short
33411,1900-01-01 09:28:00,1900-01-01 09:49:00,12,0.35,Short
33412,1900-01-01 10:03:00,1900-01-01 10:25:00,12,0.36666666666666664,Short
33421,1900-01-01 07:32:00,1900-01-01 08:12:00,20,0.6666666666666666,Short
33422,1900-01-01 08:52:00,1900-01-01 09:35:00,20,0.7166666666666667,Short
33431,1900-01-01 08:58:00,1900-01-01 09:45:00,24,0.7833333333333333,Short
33432,1900-01-01 05:16:00,1900-01-01 06:05:00,25,0.8166666666666667,Short
33433,1900-01-01 09:40:00,1900-01-01 10:26:00,24,0.7666666666666667,Short
33434,1900-01-01 08:15:00,1900-01-01 09:02:00,25,0.7833333333333333,Short
33435,1900-01-01 10:22:00,1900-01-01 11:12:00,24,0.8333333333333334,Short
33436,1900-01-01 10:40:00,1900-01-01 11:27:00,25,0.7833333333333333,Short
33437,1900-01-01 10:34:00,1900-01-01 11:22:00,24,0.8,Short
33438,1900-01-01 14:40:00,1900-01-01 15:25:00,25,0.75,Short
33439,1900-01-01 10:56:00,1900-01-01 11:42:00,24,0.7666666666666667,Short
33440,1900-01-01 16:12:00,1900-01-01 16:57:00,25,0.75,Short
33441,1900-01-01 16:16:00,1900-01-01 17:00:00,24,0.7333333333333333,Short
33443,1900-01-01 20:38:00,1900-01-01 21:24:00,24,0.7666666666666667,Short
33445,1900-01-01 21:12:00,1900-01-01 21:56:00,24,0.7333333333333333,Short
33447,1900-01-01 21:25:00,1900-01-01 22:10:00,24,0.75,Short
33511,1900-01-01 00:00:00,1900-01-01 00:00:00,77,0.0,Short
33512,1900-01-01 03:03:00,1900-01-01 05:30:00,77,2.45,Short
33513,1900-01-01 00:00:00,1900-01-01 00:00:00,77,0.0,Short
33514,1900-01-01 04:48:00,1900-01-01 06:55:00,77,2.1166666666666667,Short
33515,1900-01-01 07:40:00,1900-01-01 09:55:00,77,2.25,Short
33516,1900-01-01 06:46:00,1900-01-01 08:55:00,77,2.15,Short
33517,1900-01-01 00:00:00,1900-01-01 00:00:00,77,0.0,Short
33518,1900-01-01 07:42:00,1900-01-01 09:52:00,77,2.1666666666666665,Short
33519,1900-01-01 09:18:00,1900-01-01 11:30:00,77,2.2,Short
33520,1900-01-01 10:47:00,1900-01-01 13:00:00,77,2.216666666666667,Short
33521,1900-01-01 00:00:00,1900-01-01 00:00:00,77,0.0,Short
33522,1900-01-01 11:32:00,1900-01-01 13:40:00,77,2.1333333333333333,Short
33523,1900-01-01 00:00:00,1900-01-01 00:00:00,77,0.0,Short
33524,1900-01-01 12:05:00,1900-01-01 14:10:00,77,2.0833333333333335,Short
33525,1900-01-01 00:00:00,1900-01-01 00:00:00,77,0.0,Short
33526,1900-01-01 13:15:00,1900-01-01 15:18:00,77,2.05,Short
33527,1900-01-01 00:00:00,1900-01-01 00:00:00,77,0.0,Short
33528,1900-01-01 13:42:00,1900-01-01 15:47:00,77,2.0833333333333335,Short
33529,1900-01-01 00:00:00,1900-01-01 00:00:00,77,0.0,Short
33530,1900-01-01 14:54:00,1900-01-01 17:12:00,77,2.3,Short
33531,1900-01-01 00:00:00,1900-01-01 00:00:00,77,0.0,Short
33532,1900-01-01 17:22:00,1900-01-01 19:37:00,77,2.25,Short
33533,1900-01-01 00:00:00,1900-01-01 00:00:00,77,0.0,Short
33534,1900-01-01 18:02:00,1900-01-01 20:07:00,77,2.0833333333333335,Short
33536,1900-01-01 18:53:00,1900-01-01 21:10:00,77,2.283333333333333,Short
33538,1900-01-01 21:26:00,1900-01-01 23:35:00,77,2.15,Short
33611,1900-01-01 05:02:00,1900-01-01 06:04:00,32,1.0333333333333334,Short
33612,1900-01-01 05:42:00,1900-01-01 06:40:00,32,0.9666666666666667,Short
33613,1900-01-01 07:25:00,1900-01-01 08:25:00,32,1.0,Short
33614,1900-01-01 06:25:00,1900-01-01 07:25:00,32,1.0,Short
33615,1900-01-01 08:30:00,1900-01-01 09:30:00,32,1.0,Short
33616,1900-01-01 07:32:00,1900-01-01 08:32:00,32,1.0,Short
33617,1900-01-01 09:57:00,1900-01-01 10:57:00,32,1.0,Short
33618,1900-01-01 08:45:00,1900-01-01 09:45:00,32,1.0,Short
33619,1900-01-01 16:24:00,1900-01-01 17:25:00,32,1.0166666666666666,Short
33620,1900-01-01 09:43:00,1900-01-01 10:45:00,32,1.0333333333333334,Short
33621,1900-01-01 18:47:00,1900-01-01 19:46:00,32,0.9833333333333333,Short
33622,1900-01-01 11:10:00,1900-01-01 12:05:00,32,0.9166666666666666,Short
33623,1900-01-01 19:50:00,1900-01-01 20:52:00,32,1.0333333333333334,Short
33624,1900-01-01 17:35:00,1900-01-01 18:32:00,32,0.95,Short
33626,1900-01-01 18:45:00,1900-01-01 19:45:00,32,1.0,Short
33628,1900-01-01 20:15:00,1900-01-01 21:15:00,32,1.0,Short
33630,1900-01-01 21:05:00,1900-01-01 22:03:00,32,0.9666666666666667,Short
33651,1900-01-01 04:45:00,1900-01-01 06:03:00,47,1.3,Short
33652,1900-01-01 06:35:00,1900-01-01 07:55:00,47,1.3333333333333333,Short
33653,1900-01-01 06:48:00,1900-01-01 08:08:00,47,1.3333333333333333,Short
33654,1900-01-01 08:55:00,1900-01-01 10:15:00,47,1.3333333333333333,Short
33655,1900-01-01 11:20:00,1900-01-01 12:37:00,47,1.2833333333333334,Short
33656,1900-01-01 12:47:00,1900-01-01 14:03:00,47,1.2666666666666666,Short
33657,1900-01-01 11:57:00,1900-01-01 13:15:00,47,1.3,Short
33658,1900-01-01 13:40:00,1900-01-01 15:00:00,47,1.3333333333333333,Short
33659,1900-01-01 13:32:00,1900-01-01 14:50:00,47,1.3,Short
33660,1900-01-01 14:58:00,1900-01-01 16:15:00,47,1.2833333333333334,Short
33664,1900-01-01 16:35:00,1900-01-01 17:50:00,47,1.25,Short
33666,1900-01-01 20:05:00,1900-01-01 21:27:00,47,1.3666666666666667,Short
33681,1900-01-01 09:10:00,1900-01-01 10:47:00,59,1.6166666666666667,Short
33682,1900-01-01 11:37:00,1900-01-01 13:10:00,60,1.55,Short
33685,1900-01-01 20:23:00,1900-01-01 21:57:00,59,1.5666666666666667,Short
33686,1900-01-01 21:20:00,1900-01-01 22:54:00,60,1.5666666666666667,Short
33687,1900-01-01 14:05:00,1900-01-01 15:40:00,59,1.5833333333333333,Short
33688,1900-01-01 15:55:00,1900-01-01 17:35:00,60,1.6666666666666667,Short
33711,1900-01-01 04:25:00,1900-01-01 05:08:00,32,0.7166666666666667,Short
33712,1900-01-01 04:22:00,1900-01-01 05:08:00,32,0.7666666666666667,Short
33713,1900-01-01 06:22:00,1900-01-01 07:08:00,32,0.7666666666666667,Short
33714,1900-01-01 06:20:00,1900-01-01 07:05:00,32,0.75,Short
33715,1900-01-01 07:22:00,1900-01-01 08:10:00,32,0.8,Short
33716,1900-01-01 07:20:00,1900-01-01 08:05:00,32,0.75,Short
33717,1900-01-01 08:34:00,1900-01-01 09:15:00,32,0.6833333333333333,Short
33718,1900-01-01 09:23:00,1900-01-01 10:09:00,32,0.7666666666666667,Short
33719,1900-01-01 00:00:00,1900-01-01 00:00:00,32,0.0,Short
33720,1900-01-01 10:20:00,1900-01-01 11:05:00,32,0.75,Short
33721,1900-01-01 10:22:00,1900-01-01 11:06:00,32,0.7333333333333333,Short
33722,1900-01-01 12:20:00,1900-01-01 13:00:00,32,0.6666666666666666,Short
33723,1900-01-01 11:20:00,1900-01-01 12:05:00,32,0.75,Short
33724,1900-01-01 13:00:00,1900-01-01 13:45:00,32,0.75,Short
33725,1900-01-01 14:20:00,1900-01-01 15:05:00,32,0.75,Short
33726,1900-01-01 14:15:00,1900-01-01 14:57:00,32,0.7,Short
33727,1900-01-01 15:25:00,1900-01-01 16:10:00,32,0.75,Short
33728,1900-01-01 15:20:00,1900-01-01 16:03:00,32,0.7166666666666667,Short
33729,1900-01-01 16:34:00,1900-01-01 17:20:00,32,0.7666666666666667,Short
33730,1900-01-01 16:30:00,1900-01-01 17:12:00,32,0.7,Short
33731,1900-01-01 18:05:00,1900-01-01 18:50:00,32,0.75,Short
33732,1900-01-01 18:00:00,1900-01-01 18:42:00,32,0.7,Short
33733,1900-01-01 18:50:00,1900-01-01 19:32:00,32,0.7,Short
33734,1900-01-01 19:36:00,1900-01-01 20:17:00,32,0.6833333333333333,Short
33735,1900-01-01 19:40:00,1900-01-01 20:26:00,32,0.7666666666666667,Short
33736,1900-01-01 20:54:00,1900-01-01 21:37:00,32,0.7166666666666667,Short
33737,1900-01-01 20:58:00,1900-01-01 21:43:00,32,0.75,Short
33738,1900-01-01 23:09:00,1900-01-01 23:52:00,32,0.7166666666666667,Short
33739,1900-01-01 23:12:00,1900-01-01 23:58:00,32,0.7666666666666667,Short
33751,1900-01-01 12:36:00,1900-01-01 13:45:00,52,1.15,Short
33752,1900-01-01 11:16:00,1900-01-01 12:28:00,52,1.2,Short
33801,1900-01-01 17:30:00,1900-01-01 19:26:00,79,1.9333333333333333,Short
33802,1900-01-01 07:15:00,1900-01-01 09:15:00,79,2.0,Short
33811,1900-01-01 03:15:00,1900-01-01 05:02:00,79,1.7833333333333334,Short
33812,1900-01-01 02:58:00,1900-01-01 05:05:00,79,2.1166666666666667,Short
33813,1900-01-01 04:15:00,1900-01-01 06:08:00,79,1.8833333333333333,Short
33814,1900-01-01 04:25:00,1900-01-01 06:17:00,79,1.8666666666666667,Short
33815,1900-01-01 04:55:00,1900-01-01 06:50:00,79,1.9166666666666667,Short
33816,1900-01-01 05:15:00,1900-01-01 07:05:00,79,1.8333333333333333,Short
33817,1900-01-01 05:56:00,1900-01-01 07:45:00,79,1.8166666666666667,Short
33818,1900-01-01 05:40:00,1900-01-01 07:36:00,79,1.9333333333333333,Short
33819,1900-01-01 07:10:00,1900-01-01 09:10:00,79,2.0,Short
33820,1900-01-01 06:15:00,1900-01-01 08:05:00,79,1.8333333333333333,Short
33821,1900-01-01 08:10:00,1900-01-01 10:05:00,79,1.9166666666666667,Short
33822,1900-01-01 06:50:00,1900-01-01 08:48:00,79,1.9666666666666666,Short
33823,1900-01-01 08:42:00,1900-01-01 10:37:00,79,1.9166666666666667,Short
33824,1900-01-01 08:08:00,1900-01-01 10:05:00,79,1.95,Short
33825,1900-01-01 10:05:00,1900-01-01 12:00:00,79,1.9166666666666667,Short
33826,1900-01-01 08:32:00,1900-01-01 10:30:00,79,1.9666666666666666,Short
33827,1900-01-01 11:28:00,1900-01-01 13:25:00,79,1.95,Short
33828,1900-01-01 09:05:00,1900-01-01 11:05:00,79,2.0,Short
33829,1900-01-01 12:27:00,1900-01-01 14:20:00,79,1.8833333333333333,Short
33830,1900-01-01 10:28:00,1900-01-01 12:30:00,79,2.033333333333333,Short
33831,1900-01-01 12:47:00,1900-01-01 14:40:00,79,1.8833333333333333,Short
33832,1900-01-01 11:30:00,1900-01-01 13:58:00,79,2.466666666666667,Short
33833,1900-01-01 13:55:00,1900-01-01 15:50:00,79,1.9166666666666667,Short
33834,1900-01-01 12:47:00,1900-01-01 14:45:00,79,1.9666666666666666,Short
33835,1900-01-01 15:10:00,1900-01-01 17:05:00,79,1.9166666666666667,Short
33836,1900-01-01 14:12:00,1900-01-01 16:05:00,79,1.8833333333333333,Short
33837,1900-01-01 15:50:00,1900-01-01 17:45:00,79,1.9166666666666667,Short
33838,1900-01-01 14:55:00,1900-01-01 16:48:00,79,1.8833333333333333,Short
33839,1900-01-01 16:42:00,1900-01-01 18:35:00,79,1.8833333333333333,Short
33840,1900-01-01 15:22:00,1900-01-01 17:20:00,79,1.9666666666666666,Short
33841,1900-01-01 17:10:00,1900-01-01 19:05:00,79,1.9166666666666667,Short
33842,1900-01-01 16:55:00,1900-01-01 18:50:00,79,1.9166666666666667,Short
33843,1900-01-01 17:45:00,1900-01-01 19:45:00,79,2.0,Short
33844,1900-01-01 17:30:00,1900-01-01 19:30:00,79,2.0,Short
33845,1900-01-01 18:36:00,1900-01-01 20:30:00,79,1.9,Short
33846,1900-01-01 18:28:00,1900-01-01 20:25:00,79,1.95,Short
33847,1900-01-01 18:55:00,1900-01-01 20:50:00,79,1.9166666666666667,Short
33848,1900-01-01 18:57:00,1900-01-01 20:53:00,79,1.9333333333333333,Short
33849,1900-01-01 19:25:00,1900-01-01 21:25:00,79,2.0,Short
33850,1900-01-01 19:40:00,1900-01-01 21:37:00,79,1.95,Short
33851,1900-01-01 20:05:00,1900-01-01 22:00:00,79,1.9166666666666667,Short
33852,1900-01-01 20:40:00,1900-01-01 22:40:00,79,2.0,Short
33853,1900-01-01 21:02:00,1900-01-01 22:55:00,79,1.8833333333333333,Short
33854,1900-01-01 21:15:00,1900-01-01 23:10:00,79,1.9166666666666667,Short
33855,1900-01-01 21:45:00,1900-01-01 23:40:00,79,1.9166666666666667,Short
33856,1900-01-01 21:35:00,1900-01-01 23:30:00,79,1.9166666666666667,Short
33857,1900-01-01 22:32:00,1900-01-01 00:25:00,79,1.8833333333333329,Short
33858,1900-01-01 22:40:00,1900-01-01 00:30:00,79,1.8333333333333321,Short
33859,1900-01-01 22:58:00,1900-01-01 00:50:00,79,1.8666666666666671,Short
33860,1900-01-01 16:15:00,1900-01-01 18:12:00,79,1.95,Short
33861,1900-01-01 23:40:00,1900-01-01 01:35:00,79,1.9166666666666679,Short
33863,1900-01-01 14:25:00,1900-01-01 16:25:00,79,2.0,Short
33895,1900-01-01 15:32:00,1900-01-01 17:02:00,65,1.5,Short
33896,1900-01-01 18:15:00,1900-01-01 19:50:00,65,1.5833333333333333,Short
34052,1900-01-01 05:52:00,1900-01-01 07:52:00,67,2.0,Short
34054,1900-01-01 18:38:00,1900-01-01 20:42:00,67,2.066666666666667,Short
34056,1900-01-01 11:07:00,1900-01-01 13:40:00,82,2.55,Short
34062,1900-01-01 10:47:00,1900-01-01 14:14:00,120,3.45,Short
34111,1900-01-01 04:40:00,1900-01-01 05:30:00,30,0.8333333333333334,Short
34112,1900-01-01 03:40:00,1900-01-01 04:30:00,30,0.8333333333333334,Short
34113,1900-01-01 05:45:00,1900-01-01 06:42:00,30,0.95,Short
34114,1900-01-01 04:36:00,1900-01-01 05:30:00,30,0.9,Short
34115,1900-01-01 06:35:00,1900-01-01 07:30:00,30,0.9166666666666666,Short
34116,1900-01-01 05:32:00,1900-01-01 06:25:00,30,0.8833333333333333,Short
34117,1900-01-01 08:05:00,1900-01-01 09:02:00,30,0.95,Short
34118,1900-01-01 06:10:00,1900-01-01 07:03:00,30,0.8833333333333333,Short
34119,1900-01-01 08:25:00,1900-01-01 09:20:00,30,0.9166666666666666,Short
34120,1900-01-01 07:20:00,1900-01-01 08:15:00,30,0.9166666666666666,Short
34121,1900-01-01 09:06:00,1900-01-01 09:59:00,30,0.8833333333333333,Short
34122,1900-01-01 08:10:00,1900-01-01 08:58:00,30,0.8,Short
34123,1900-01-01 09:37:00,1900-01-01 10:32:00,30,0.9166666666666666,Short
34124,1900-01-01 08:35:00,1900-01-01 09:26:00,30,0.85,Short
34125,1900-01-01 10:23:00,1900-01-01 11:15:00,30,0.8666666666666667,Short
34126,1900-01-01 09:22:00,1900-01-01 10:15:00,30,0.8833333333333333,Short
34127,1900-01-01 10:55:00,1900-01-01 11:50:00,30,0.9166666666666666,Short
34128,1900-01-01 09:45:00,1900-01-01 10:40:00,30,0.9166666666666666,Short
34129,1900-01-01 11:23:00,1900-01-01 12:20:00,30,0.95,Short
34130,1900-01-01 10:18:00,1900-01-01 11:12:00,30,0.9,Short
34131,1900-01-01 11:58:00,1900-01-01 13:02:00,30,1.0666666666666667,Short
34132,1900-01-01 10:50:00,1900-01-01 11:45:00,30,0.9166666666666666,Short
34133,1900-01-01 12:34:00,1900-01-01 13:28:00,30,0.9,Short
34134,1900-01-01 11:32:00,1900-01-01 12:25:00,30,0.8833333333333333,Short
34135,1900-01-01 12:57:00,1900-01-01 13:52:00,30,0.9166666666666666,Short
34136,1900-01-01 11:56:00,1900-01-01 12:49:00,30,0.8833333333333333,Short
34137,1900-01-01 13:30:00,1900-01-01 14:20:00,30,0.8333333333333334,Short
34138,1900-01-01 12:18:00,1900-01-01 13:10:00,30,0.8666666666666667,Short
34139,1900-01-01 14:20:00,1900-01-01 15:12:00,30,0.8666666666666667,Short
34140,1900-01-01 13:15:00,1900-01-01 14:10:00,30,0.9166666666666666,Short
34141,1900-01-01 14:58:00,1900-01-01 15:52:00,30,0.9,Short
34142,1900-01-01 13:55:00,1900-01-01 14:47:00,30,0.8666666666666667,Short
34143,1900-01-01 15:32:00,1900-01-01 16:25:00,30,0.8833333333333333,Short
34144,1900-01-01 14:32:00,1900-01-01 15:23:00,30,0.85,Short
34145,1900-01-01 16:19:00,1900-01-01 17:08:00,30,0.8166666666666667,Short
34146,1900-01-01 15:08:00,1900-01-01 16:02:00,30,0.9,Short
34147,1900-01-01 17:00:00,1900-01-01 17:50:00,30,0.8333333333333334,Short
34148,1900-01-01 15:57:00,1900-01-01 16:49:00,30,0.8666666666666667,Short
34149,1900-01-01 18:13:00,1900-01-01 19:04:00,30,0.85,Short
34150,1900-01-01 16:30:00,1900-01-01 17:26:00,30,0.9333333333333333,Short
34151,1900-01-01 19:00:00,1900-01-01 19:55:00,30,0.9166666666666666,Short
34152,1900-01-01 17:00:00,1900-01-01 17:55:00,30,0.9166666666666666,Short
34153,1900-01-01 19:28:00,1900-01-01 20:22:00,30,0.9,Short
34154,1900-01-01 17:45:00,1900-01-01 18:40:00,30,0.9166666666666666,Short
34155,1900-01-01 20:12:00,1900-01-01 21:04:00,30,0.8666666666666667,Short
34156,1900-01-01 18:25:00,1900-01-01 19:20:00,30,0.9166666666666666,Short
34157,1900-01-01 20:55:00,1900-01-01 21:49:00,30,0.9,Short
34158,1900-01-01 19:12:00,1900-01-01 20:04:00,30,0.8666666666666667,Short
34159,1900-01-01 21:40:00,1900-01-01 22:35:00,30,0.9166666666666666,Short
34160,1900-01-01 20:35:00,1900-01-01 21:30:00,30,0.9166666666666666,Short
34161,1900-01-01 22:18:00,1900-01-01 23:06:00,30,0.8,Short
34162,1900-01-01 21:15:00,1900-01-01 22:08:00,30,0.8833333333333333,Short
34163,1900-01-01 23:03:00,1900-01-01 23:55:00,30,0.8666666666666667,Short
34164,1900-01-01 22:02:00,1900-01-01 22:55:00,30,0.8833333333333333,Short
34165,1900-01-01 23:55:00,1900-01-01 00:43:00,30,0.8000000000000007,Short
34166,1900-01-01 23:00:00,1900-01-01 23:48:00,30,0.8,Short
34311,1900-01-01 21:15:00,1900-01-01 21:30:00,8,0.25,Short
34312,1900-01-01 08:55:00,1900-01-01 09:10:00,8,0.25,Short
34313,1900-01-01 22:00:00,1900-01-01 22:15:00,8,0.25,Short
34331,1900-01-01 08:20:00,1900-01-01 09:12:00,36,0.8666666666666667,Short
34332,1900-01-01 18:30:00,1900-01-01 19:25:00,36,0.9166666666666666,Short
34334,1900-01-01 07:15:00,1900-01-01 08:10:00,36,0.9166666666666666,Short
34351,1900-01-01 06:24:00,1900-01-01 07:10:00,29,0.7666666666666667,Short
34352,1900-01-01 04:50:00,1900-01-01 05:32:00,28,0.7,Short
34353,1900-01-01 07:55:00,1900-01-01 08:38:00,29,0.7166666666666667,Short
34354,1900-01-01 05:30:00,1900-01-01 06:12:00,29,0.7,Short
34355,1900-01-01 21:55:00,1900-01-01 22:32:00,29,0.6166666666666667,Short
34356,1900-01-01 05:57:00,1900-01-01 06:38:00,29,0.6833333333333333,Short
34358,1900-01-01 06:40:00,1900-01-01 07:20:00,29,0.6666666666666666,Short
34360,1900-01-01 07:20:00,1900-01-01 08:02:00,28,0.7,Short
34411,1900-01-01 04:30:00,1900-01-01 05:02:00,16,0.5333333333333333,Short
34412,1900-01-01 04:15:00,1900-01-01 04:43:00,16,0.4666666666666667,Short
34413,1900-01-01 07:20:00,1900-01-01 07:54:00,16,0.5666666666666667,Short
34414,1900-01-01 08:20:00,1900-01-01 08:52:00,16,0.5333333333333333,Short
34415,1900-01-01 08:42:00,1900-01-01 09:15:00,16,0.55,Short
34416,1900-01-01 08:40:00,1900-01-01 09:12:00,16,0.5333333333333333,Short
34417,1900-01-01 09:22:00,1900-01-01 09:54:00,16,0.5333333333333333,Short
34418,1900-01-01 09:30:00,1900-01-01 10:01:00,16,0.5166666666666667,Short
34419,1900-01-01 10:11:00,1900-01-01 10:44:00,16,0.55,Short
34420,1900-01-01 09:50:00,1900-01-01 10:22:00,16,0.5333333333333333,Short
34421,1900-01-01 14:35:00,1900-01-01 15:07:00,16,0.5333333333333333,Short
34422,1900-01-01 10:30:00,1900-01-01 11:02:00,16,0.5333333333333333,Short
34423,1900-01-01 16:05:00,1900-01-01 16:37:00,16,0.5333333333333333,Short
34424,1900-01-01 10:45:00,1900-01-01 11:17:00,16,0.5333333333333333,Short
34425,1900-01-01 17:05:00,1900-01-01 17:38:00,16,0.55,Short
34426,1900-01-01 10:55:00,1900-01-01 11:24:00,16,0.48333333333333334,Short
34427,1900-01-01 17:40:00,1900-01-01 18:15:00,16,0.5833333333333334,Short
34428,1900-01-01 11:08:00,1900-01-01 11:39:00,16,0.5166666666666667,Short
34429,1900-01-01 18:04:00,1900-01-01 18:37:00,16,0.55,Short
34430,1900-01-01 13:47:00,1900-01-01 14:20:00,16,0.55,Short
34431,1900-01-01 19:17:00,1900-01-01 19:50:00,16,0.55,Short
34432,1900-01-01 17:20:00,1900-01-01 17:49:00,16,0.48333333333333334,Short
34434,1900-01-01 18:30:00,1900-01-01 19:00:00,16,0.5,Short
34436,1900-01-01 22:27:00,1900-01-01 22:57:00,16,0.5,Short
34501,1900-01-01 08:33:00,1900-01-01 09:48:00,45,1.25,Short
34502,1900-01-01 18:20:00,1900-01-01 19:35:00,45,1.25,Short
34511,1900-01-01 03:50:00,1900-01-01 05:10:00,45,1.3333333333333333,Short
34512,1900-01-01 05:45:00,1900-01-01 06:57:00,45,1.2,Short
34513,1900-01-01 04:32:00,1900-01-01 05:47:00,45,1.25,Short
34514,1900-01-01 06:30:00,1900-01-01 07:44:00,45,1.2333333333333334,Short
34515,1900-01-01 05:17:00,1900-01-01 06:35:00,45,1.3,Short
34516,1900-01-01 07:42:00,1900-01-01 08:56:00,45,1.2333333333333334,Short
34517,1900-01-01 06:00:00,1900-01-01 07:17:00,45,1.2833333333333334,Short
34518,1900-01-01 08:28:00,1900-01-01 09:44:00,45,1.2666666666666666,Short
34519,1900-01-01 06:55:00,1900-01-01 08:15:00,45,1.3333333333333333,Short
34520,1900-01-01 09:10:00,1900-01-01 10:25:00,45,1.25,Short
34521,1900-01-01 07:23:00,1900-01-01 08:37:00,45,1.2333333333333334,Short
34522,1900-01-01 10:24:00,1900-01-01 11:40:00,45,1.2666666666666666,Short
34523,1900-01-01 08:15:00,1900-01-01 09:30:00,45,1.25,Short
34524,1900-01-01 11:25:00,1900-01-01 12:40:00,45,1.25,Short
34525,1900-01-01 09:08:00,1900-01-01 10:22:00,45,1.2333333333333334,Short
34526,1900-01-01 12:10:00,1900-01-01 13:25:00,45,1.25,Short
34527,1900-01-01 10:05:00,1900-01-01 11:20:00,45,1.25,Short
34528,1900-01-01 13:40:00,1900-01-01 14:55:00,45,1.25,Short
34529,1900-01-01 10:50:00,1900-01-01 12:05:00,45,1.25,Short
34530,1900-01-01 14:02:00,1900-01-01 15:15:00,45,1.2166666666666666,Short
34531,1900-01-01 12:05:00,1900-01-01 13:23:00,45,1.3,Short
34532,1900-01-01 14:48:00,1900-01-01 16:04:00,45,1.2666666666666666,Short
34533,1900-01-01 13:10:00,1900-01-01 14:40:00,45,1.5,Short
34534,1900-01-01 15:33:00,1900-01-01 16:50:00,45,1.2833333333333334,Short
34535,1900-01-01 14:00:00,1900-01-01 15:17:00,45,1.2833333333333334,Short
34536,1900-01-01 16:35:00,1900-01-01 17:50:00,45,1.25,Short
34537,1900-01-01 15:08:00,1900-01-01 16:20:00,45,1.2,Short
34538,1900-01-01 17:15:00,1900-01-01 18:30:00,45,1.25,Short
34539,1900-01-01 15:45:00,1900-01-01 17:02:00,45,1.2833333333333334,Short
34540,1900-01-01 17:52:00,1900-01-01 19:07:00,45,1.25,Short
34541,1900-01-01 16:14:00,1900-01-01 17:30:00,45,1.2666666666666666,Short
34542,1900-01-01 18:38:00,1900-01-01 19:52:00,45,1.2333333333333334,Short
34543,1900-01-01 17:08:00,1900-01-01 18:25:00,45,1.2833333333333334,Short
34544,1900-01-01 19:30:00,1900-01-01 20:44:00,45,1.2333333333333334,Short
34545,1900-01-01 18:18:00,1900-01-01 19:35:00,45,1.2833333333333334,Short
34546,1900-01-01 20:10:00,1900-01-01 21:25:00,45,1.25,Short
34547,1900-01-01 18:45:00,1900-01-01 20:02:00,45,1.2833333333333334,Short
34548,1900-01-01 20:48:00,1900-01-01 22:02:00,45,1.2333333333333334,Short
34549,1900-01-01 19:20:00,1900-01-01 20:34:00,45,1.2333333333333334,Short
34550,1900-01-01 21:36:00,1900-01-01 22:57:00,45,1.35,Short
34551,1900-01-01 20:05:00,1900-01-01 21:20:00,45,1.25,Short
34552,1900-01-01 22:35:00,1900-01-01 23:49:00,45,1.2333333333333334,Short
34553,1900-01-01 21:05:00,1900-01-01 22:20:00,45,1.25,Short
34554,1900-01-01 23:18:00,1900-01-01 00:30:00,45,1.1999999999999993,Short
34555,1900-01-01 21:35:00,1900-01-01 22:50:00,45,1.25,Short
34557,1900-01-01 22:20:00,1900-01-01 23:36:00,45,1.2666666666666666,Short
34601,1900-01-01 09:42:00,1900-01-01 10:27:00,24,0.75,Short
34602,1900-01-01 17:35:00,1900-01-01 18:17:00,24,0.7,Short
34611,1900-01-01 06:13:00,1900-01-01 07:00:00,24,0.7833333333333333,Short
34612,1900-01-01 05:05:00,1900-01-01 05:47:00,24,0.7,Short
34613,1900-01-01 06:58:00,1900-01-01 07:45:00,24,0.7833333333333333,Short
34614,1900-01-01 06:02:00,1900-01-01 06:44:00,24,0.7,Short
34615,1900-01-01 07:35:00,1900-01-01 08:22:00,24,0.7833333333333333,Short
34616,1900-01-01 06:40:00,1900-01-01 07:25:00,24,0.75,Short
34617,1900-01-01 07:58:00,1900-01-01 08:45:00,24,0.7833333333333333,Short
34618,1900-01-01 07:08:00,1900-01-01 07:50:00,24,0.7,Short
34619,1900-01-01 08:22:00,1900-01-01 09:08:00,24,0.7666666666666667,Short
34620,1900-01-01 07:30:00,1900-01-01 08:14:00,24,0.7333333333333333,Short
34621,1900-01-01 08:58:00,1900-01-01 09:43:00,24,0.75,Short
34622,1900-01-01 08:00:00,1900-01-01 08:45:00,24,0.75,Short
34623,1900-01-01 09:24:00,1900-01-01 10:10:00,24,0.7666666666666667,Short
34624,1900-01-01 08:50:00,1900-01-01 09:35:00,24,0.75,Short
34625,1900-01-01 09:50:00,1900-01-01 10:38:00,24,0.8,Short
34626,1900-01-01 09:40:00,1900-01-01 10:22:00,24,0.7,Short
34627,1900-01-01 10:40:00,1900-01-01 11:27:00,24,0.7833333333333333,Short
34628,1900-01-01 10:12:00,1900-01-01 10:56:00,24,0.7333333333333333,Short
34629,1900-01-01 11:08:00,1900-01-01 11:55:00,24,0.7833333333333333,Short
34630,1900-01-01 11:15:00,1900-01-01 12:00:00,24,0.75,Short
34631,1900-01-01 12:10:00,1900-01-01 12:57:00,24,0.7833333333333333,Short
34632,1900-01-01 12:25:00,1900-01-01 13:09:00,24,0.7333333333333333,Short
34633,1900-01-01 13:18:00,1900-01-01 14:05:00,24,0.7833333333333333,Short
34634,1900-01-01 13:32:00,1900-01-01 14:17:00,24,0.75,Short
34635,1900-01-01 14:40:00,1900-01-01 15:27:00,24,0.7833333333333333,Short
34636,1900-01-01 15:02:00,1900-01-01 15:47:00,24,0.75,Short
34637,1900-01-01 16:10:00,1900-01-01 16:57:00,24,0.7833333333333333,Short
34638,1900-01-01 16:18:00,1900-01-01 17:02:00,24,0.7333333333333333,Short
34639,1900-01-01 17:10:00,1900-01-01 17:57:00,24,0.7833333333333333,Short
34640,1900-01-01 17:05:00,1900-01-01 17:49:00,24,0.7333333333333333,Short
34641,1900-01-01 17:58:00,1900-01-01 18:44:00,24,0.7666666666666667,Short
34642,1900-01-01 17:40:00,1900-01-01 18:25:00,24,0.75,Short
34643,1900-01-01 18:42:00,1900-01-01 19:30:00,24,0.8,Short
34644,1900-01-01 19:18:00,1900-01-01 20:02:00,24,0.7333333333333333,Short
34645,1900-01-01 19:43:00,1900-01-01 20:28:00,24,0.75,Short
34646,1900-01-01 20:00:00,1900-01-01 20:45:00,24,0.75,Short
34647,1900-01-01 20:40:00,1900-01-01 21:27:00,24,0.7833333333333333,Short
34648,1900-01-01 20:40:00,1900-01-01 21:25:00,24,0.75,Short
34711,1900-01-01 03:00:00,1900-01-01 04:50:00,61,1.8333333333333333,Short
34712,1900-01-01 04:00:00,1900-01-01 05:36:00,61,1.6,Short
34713,1900-01-01 03:35:00,1900-01-01 05:20:00,61,1.75,Short
34714,1900-01-01 04:30:00,1900-01-01 06:10:00,61,1.6666666666666667,Short
34715,1900-01-01 04:15:00,1900-01-01 05:58:00,61,1.7166666666666666,Short
34716,1900-01-01 05:12:00,1900-01-01 06:52:00,61,1.6666666666666667,Short
34717,1900-01-01 04:44:00,1900-01-01 06:20:00,61,1.6,Short
34718,1900-01-01 05:55:00,1900-01-01 07:33:00,61,1.6333333333333333,Short
34719,1900-01-01 05:44:00,1900-01-01 07:23:00,61,1.65,Short
34720,1900-01-01 07:14:00,1900-01-01 08:56:00,61,1.7,Short
34721,1900-01-01 06:28:00,1900-01-01 08:08:00,61,1.6666666666666667,Short
34722,1900-01-01 08:15:00,1900-01-01 09:57:00,61,1.7,Short
34723,1900-01-01 07:10:00,1900-01-01 08:52:00,61,1.7,Short
34724,1900-01-01 09:16:00,1900-01-01 10:58:00,61,1.7,Short
34725,1900-01-01 07:55:00,1900-01-01 09:37:00,61,1.7,Short
34726,1900-01-01 11:02:00,1900-01-01 12:42:00,61,1.6666666666666667,Short
34727,1900-01-01 08:35:00,1900-01-01 10:17:00,61,1.7,Short
34728,1900-01-01 11:50:00,1900-01-01 13:30:00,61,1.6666666666666667,Short
34729,1900-01-01 09:26:00,1900-01-01 11:03:00,61,1.6166666666666667,Short
34730,1900-01-01 12:50:00,1900-01-01 14:30:00,61,1.6666666666666667,Short
34731,1900-01-01 10:30:00,1900-01-01 12:15:00,61,1.75,Short
34732,1900-01-01 14:20:00,1900-01-01 16:00:00,61,1.6666666666666667,Short
34733,1900-01-01 11:27:00,1900-01-01 13:17:00,61,1.8333333333333333,Short
34734,1900-01-01 15:15:00,1900-01-01 16:57:00,61,1.7,Short
34735,1900-01-01 13:10:00,1900-01-01 14:50:00,61,1.6666666666666667,Short
34736,1900-01-01 15:50:00,1900-01-01 17:34:00,61,1.7333333333333334,Short
34737,1900-01-01 13:58:00,1900-01-01 15:37:00,61,1.65,Short
34738,1900-01-01 16:48:00,1900-01-01 18:30:00,61,1.7,Short
34739,1900-01-01 15:08:00,1900-01-01 16:46:00,61,1.6333333333333333,Short
34740,1900-01-01 17:28:00,1900-01-01 19:10:00,61,1.7,Short
34741,1900-01-01 16:23:00,1900-01-01 18:04:00,61,1.6833333333333333,Short
34742,1900-01-01 18:15:00,1900-01-01 19:58:00,61,1.7166666666666666,Short
34743,1900-01-01 17:10:00,1900-01-01 18:55:00,61,1.75,Short
34744,1900-01-01 18:57:00,1900-01-01 20:36:00,61,1.65,Short
34745,1900-01-01 18:05:00,1900-01-01 19:44:00,61,1.65,Short
34746,1900-01-01 19:35:00,1900-01-01 21:15:00,61,1.6666666666666667,Short
34747,1900-01-01 18:38:00,1900-01-01 20:17:00,61,1.65,Short
34748,1900-01-01 21:00:00,1900-01-01 22:40:00,61,1.6666666666666667,Short
34749,1900-01-01 19:35:00,1900-01-01 21:14:00,61,1.65,Short
34750,1900-01-01 21:45:00,1900-01-01 23:25:00,61,1.6666666666666667,Short
34751,1900-01-01 20:12:00,1900-01-01 21:55:00,61,1.7166666666666666,Short
34752,1900-01-01 22:20:00,1900-01-01 00:00:00,61,1.6666666666666679,Short
34753,1900-01-01 20:48:00,1900-01-01 22:28:00,61,1.6666666666666667,Short
34754,1900-01-01 23:05:00,1900-01-01 00:43:00,61,1.6333333333333329,Short
34755,1900-01-01 21:45:00,1900-01-01 23:30:00,61,1.75,Short
34757,1900-01-01 22:20:00,1900-01-01 00:02:00,61,1.6999999999999993,Short
34782,1900-01-01 20:30:00,1900-01-01 22:56:00,94,2.433333333333333,Short
34791,1900-01-01 04:10:00,1900-01-01 06:52:00,108,2.7,Short
34792,1900-01-01 13:20:00,1900-01-01 16:02:00,108,2.7,Short
34793,1900-01-01 16:33:00,1900-01-01 19:18:00,108,2.75,Short
34794,1900-01-01 21:30:00,1900-01-01 00:15:00,108,2.75,Short
34811,1900-01-01 03:00:00,1900-01-01 04:45:00,59,1.75,Short
34812,1900-01-01 03:54:00,1900-01-01 05:20:00,59,1.4333333333333333,Short
34813,1900-01-01 04:00:00,1900-01-01 05:35:00,59,1.5833333333333333,Short
34814,1900-01-01 04:45:00,1900-01-01 06:20:00,59,1.5833333333333333,Short
34815,1900-01-01 04:40:00,1900-01-01 06:14:00,59,1.5666666666666667,Short
34816,1900-01-01 05:25:00,1900-01-01 07:00:00,59,1.5833333333333333,Short
34817,1900-01-01 05:30:00,1900-01-01 07:08:00,59,1.6333333333333333,Short
34818,1900-01-01 06:20:00,1900-01-01 08:00:00,59,1.6666666666666667,Short
34819,1900-01-01 05:52:00,1900-01-01 07:36:00,59,1.7333333333333334,Short
34820,1900-01-01 06:55:00,1900-01-01 08:35:00,59,1.6666666666666667,Short
34821,1900-01-01 06:52:00,1900-01-01 08:30:00,59,1.6333333333333333,Short
34822,1900-01-01 07:25:00,1900-01-01 09:00:00,59,1.5833333333333333,Short
34823,1900-01-01 07:42:00,1900-01-01 09:25:00,59,1.7166666666666666,Short
34824,1900-01-01 07:50:00,1900-01-01 09:30:00,59,1.6666666666666667,Short
34825,1900-01-01 08:25:00,1900-01-01 10:05:00,59,1.6666666666666667,Short
34826,1900-01-01 08:57:00,1900-01-01 10:35:00,59,1.6333333333333333,Short
34827,1900-01-01 09:15:00,1900-01-01 10:52:00,59,1.6166666666666667,Short
34828,1900-01-01 09:57:00,1900-01-01 11:35:00,59,1.6333333333333333,Short
34829,1900-01-01 09:37:00,1900-01-01 11:08:00,59,1.5166666666666666,Short
34830,1900-01-01 10:38:00,1900-01-01 12:17:00,59,1.65,Short
34831,1900-01-01 10:08:00,1900-01-01 11:45:00,59,1.6166666666666667,Short
34832,1900-01-01 11:42:00,1900-01-01 13:20:00,59,1.6333333333333333,Short
34833,1900-01-01 11:02:00,1900-01-01 12:40:00,59,1.6333333333333333,Short
34834,1900-01-01 12:35:00,1900-01-01 14:15:00,59,1.6666666666666667,Short
34835,1900-01-01 11:55:00,1900-01-01 13:38:00,59,1.7166666666666666,Short
34836,1900-01-01 13:26:00,1900-01-01 15:05:00,59,1.65,Short
34837,1900-01-01 12:50:00,1900-01-01 14:28:00,59,1.6333333333333333,Short
34838,1900-01-01 14:10:00,1900-01-01 15:50:00,59,1.6666666666666667,Short
34839,1900-01-01 14:00:00,1900-01-01 16:00:00,59,2.0,Short
34840,1900-01-01 15:40:00,1900-01-01 17:20:00,59,1.6666666666666667,Short
34841,1900-01-01 14:50:00,1900-01-01 16:30:00,59,1.6666666666666667,Short
34842,1900-01-01 16:55:00,1900-01-01 18:32:00,59,1.6166666666666667,Short
34843,1900-01-01 15:40:00,1900-01-01 17:18:00,59,1.6333333333333333,Short
34844,1900-01-01 18:02:00,1900-01-01 19:40:00,59,1.6333333333333333,Short
34845,1900-01-01 16:05:00,1900-01-01 17:45:00,59,1.6666666666666667,Short
34846,1900-01-01 18:45:00,1900-01-01 20:23:00,59,1.6333333333333333,Short
34847,1900-01-01 17:32:00,1900-01-01 19:10:00,59,1.6333333333333333,Short
34848,1900-01-01 19:45:00,1900-01-01 21:20:00,59,1.5833333333333333,Short
34849,1900-01-01 19:07:00,1900-01-01 20:45:00,59,1.6333333333333333,Short
34850,1900-01-01 20:20:00,1900-01-01 21:58:00,59,1.6333333333333333,Short
34851,1900-01-01 20:07:00,1900-01-01 21:44:00,59,1.6166666666666667,Short
34852,1900-01-01 21:10:00,1900-01-01 22:50:00,59,1.6666666666666667,Short
34853,1900-01-01 21:00:00,1900-01-01 22:40:00,59,1.6666666666666667,Short
34854,1900-01-01 21:55:00,1900-01-01 23:32:00,59,1.6166666666666667,Short
34855,1900-01-01 21:40:00,1900-01-01 23:19:00,59,1.65,Short
34856,1900-01-01 22:45:00,1900-01-01 00:20:00,59,1.5833333333333321,Short
34857,1900-01-01 22:15:00,1900-01-01 23:50:00,59,1.5833333333333333,Short
34858,1900-01-01 23:42:00,1900-01-01 01:12:00,59,1.5,Short
34859,1900-01-01 16:53:00,1900-01-01 18:31:00,59,1.6333333333333333,Short
34860,1900-01-01 14:55:00,1900-01-01 16:35:00,59,1.6666666666666667,Short
34881,1900-01-01 10:45:00,1900-01-01 11:50:00,43,1.0833333333333333,Short
34882,1900-01-01 04:50:00,1900-01-01 05:55:00,43,1.0833333333333333,Short
34891,1900-01-01 06:13:00,1900-01-01 07:05:00,34,0.8666666666666667,Short
34892,1900-01-01 09:22:00,1900-01-01 10:15:00,34,0.8833333333333333,Short
34898,1900-01-01 19:05:00,1900-01-01 20:10:00,39,1.0833333333333333,Short
34899,1900-01-01 21:00:00,1900-01-01 22:10:00,39,1.1666666666666667,Short
34911,1900-01-01 04:37:00,1900-01-01 05:42:00,46,1.0833333333333333,Short
34912,1900-01-01 03:08:00,1900-01-01 04:05:00,46,0.95,Short
34913,1900-01-01 05:55:00,1900-01-01 06:55:00,46,1.0,Short
34914,1900-01-01 04:10:00,1900-01-01 05:15:00,46,1.0833333333333333,Short
34915,1900-01-01 07:26:00,1900-01-01 08:31:00,46,1.0833333333333333,Short
34916,1900-01-01 05:55:00,1900-01-01 06:57:00,46,1.0333333333333334,Short
34917,1900-01-01 08:12:00,1900-01-01 09:08:00,46,0.9333333333333333,Short
34918,1900-01-01 07:01:00,1900-01-01 08:00:00,46,0.9833333333333333,Short
34919,1900-01-01 10:20:00,1900-01-01 11:18:00,46,0.9666666666666667,Short
34920,1900-01-01 09:10:00,1900-01-01 10:08:00,46,0.9666666666666667,Short
34921,1900-01-01 12:28:00,1900-01-01 13:30:00,46,1.0333333333333334,Short
34922,1900-01-01 11:20:00,1900-01-01 12:18:00,46,0.9666666666666667,Short
34923,1900-01-01 13:32:00,1900-01-01 14:32:00,46,1.0,Short
34924,1900-01-01 12:05:00,1900-01-01 13:05:00,46,1.0,Short
34925,1900-01-01 15:00:00,1900-01-01 16:00:00,46,1.0,Short
34926,1900-01-01 13:32:00,1900-01-01 14:34:00,46,1.0333333333333334,Short
34927,1900-01-01 17:32:00,1900-01-01 18:30:00,46,0.9666666666666667,Short
34928,1900-01-01 16:06:00,1900-01-01 17:08:00,46,1.0333333333333334,Short
34929,1900-01-01 19:40:00,1900-01-01 20:42:00,46,1.0333333333333334,Short
34930,1900-01-01 18:32:00,1900-01-01 19:31:00,46,0.9833333333333333,Short
34931,1900-01-01 20:46:00,1900-01-01 21:48:00,46,1.0333333333333334,Short
34932,1900-01-01 19:15:00,1900-01-01 20:16:00,46,1.0166666666666666,Short
34933,1900-01-01 22:10:00,1900-01-01 23:11:00,46,1.0166666666666666,Short
34934,1900-01-01 20:45:00,1900-01-01 21:45:00,46,1.0,Short
34981,1900-01-01 23:30:00,1900-01-01 00:16:00,33,0.7666666666666657,Short
35011,1900-01-01 05:10:00,1900-01-01 05:45:00,26,0.5833333333333334,Short
35012,1900-01-01 06:15:00,1900-01-01 06:50:00,26,0.5833333333333334,Short
35013,1900-01-01 07:25:00,1900-01-01 08:00:00,26,0.5833333333333334,Short
35014,1900-01-01 07:25:00,1900-01-01 08:00:00,26,0.5833333333333334,Short
35015,1900-01-01 07:25:00,1900-01-01 08:00:00,26,0.5833333333333334,Short
35016,1900-01-01 10:40:00,1900-01-01 11:15:00,26,0.5833333333333334,Short
35017,1900-01-01 14:00:00,1900-01-01 15:10:00,46,1.1666666666666667,Short
35018,1900-01-01 16:10:00,1900-01-01 17:20:00,46,1.1666666666666667,Short
35019,1900-01-01 18:15:00,1900-01-01 18:50:00,26,0.5833333333333334,Short
35020,1900-01-01 19:10:00,1900-01-01 19:45:00,26,0.5833333333333334,Short
35021,1900-01-01 20:20:00,1900-01-01 20:55:00,26,0.5833333333333334,Short
35022,1900-01-01 21:10:00,1900-01-01 21:45:00,26,0.5833333333333334,Short
36011,1900-01-01 09:40:00,1900-01-01 10:20:00,26,0.6666666666666666,Short
36012,1900-01-01 00:00:00,1900-01-01 00:00:00,26,0.0,Short
36031,1900-01-01 08:45:00,1900-01-01 09:44:00,40,0.9833333333333333,Short
36032,1900-01-01 00:00:00,1900-01-01 00:00:00,40,0.0,Short
36033,1900-01-01 10:30:00,1900-01-01 11:28:00,40,0.9666666666666667,Short
36034,1900-01-01 00:00:00,1900-01-01 00:00:00,40,0.0,Short
36035,1900-01-01 00:00:00,1900-01-01 00:00:00,40,0.0,Short
36036,1900-01-01 00:00:00,1900-01-01 00:00:00,40,0.0,Short
36037,1900-01-01 17:55:00,1900-01-01 18:54:00,40,0.9833333333333333,Short
36038,1900-01-01 00:00:00,1900-01-01 00:00:00,40,0.0,Short
36071,1900-01-01 05:05:00,1900-01-01 06:30:00,58,1.4166666666666667,Short
36072,1900-01-01 07:07:00,1900-01-01 08:32:00,58,1.4166666666666667,Short
36081,1900-01-01 05:40:00,1900-01-01 07:36:00,72,1.9333333333333333,Short
36082,1900-01-01 08:06:00,1900-01-01 09:45:00,72,1.65,Short
36083,1900-01-01 15:05:00,1900-01-01 16:50:00,72,1.75,Short
36084,1900-01-01 00:00:00,1900-01-01 00:00:00,72,0.0,Short
36085,1900-01-01 16:30:00,1900-01-01 18:15:00,72,1.75,Short
36086,1900-01-01 00:00:00,1900-01-01 00:00:00,72,0.0,Short
36087,1900-01-01 19:20:00,1900-01-01 21:07:00,72,1.7833333333333334,Short
36088,1900-01-01 00:00:00,1900-01-01 00:00:00,72,0.0,Short
36811,1900-01-01 03:55:00,1900-01-01 06:00:00,94,2.0833333333333335,Short
36812,1900-01-01 02:50:00,1900-01-01 05:20:00,94,2.5,Short
36813,1900-01-01 04:55:00,1900-01-01 07:00:00,94,2.0833333333333335,Short
36814,1900-01-01 04:00:00,1900-01-01 06:15:00,94,2.25,Short
36815,1900-01-01 06:10:00,1900-01-01 08:18:00,94,2.1333333333333333,Short
36816,1900-01-01 04:56:00,1900-01-01 07:04:00,94,2.1333333333333333,Short
36817,1900-01-01 07:07:00,1900-01-01 09:15:00,94,2.1333333333333333,Short
36818,1900-01-01 05:40:00,1900-01-01 07:45:00,94,2.0833333333333335,Short
36819,1900-01-01 08:25:00,1900-01-01 10:40:00,94,2.25,Short
36820,1900-01-01 06:10:00,1900-01-01 08:15:00,94,2.0833333333333335,Short
36821,1900-01-01 09:20:00,1900-01-01 11:40:00,94,2.3333333333333335,Short
36822,1900-01-01 06:48:00,1900-01-01 08:57:00,94,2.15,Short
36823,1900-01-01 10:15:00,1900-01-01 12:20:00,94,2.0833333333333335,Short
36824,1900-01-01 07:22:00,1900-01-01 09:25:00,94,2.05,Short
36825,1900-01-01 11:22:00,1900-01-01 13:38:00,94,2.2666666666666666,Short
36826,1900-01-01 07:35:00,1900-01-01 09:37:00,94,2.033333333333333,Short
36827,1900-01-01 12:05:00,1900-01-01 14:15:00,94,2.1666666666666665,Short
36828,1900-01-01 08:10:00,1900-01-01 10:15:00,94,2.0833333333333335,Short
36829,1900-01-01 00:00:00,1900-01-01 00:00:00,94,0.0,Short
36830,1900-01-01 08:35:00,1900-01-01 10:05:00,94,1.5,Short
36831,1900-01-01 14:45:00,1900-01-01 16:50:00,94,2.0833333333333335,Short
36832,1900-01-01 09:18:00,1900-01-01 11:20:00,94,2.033333333333333,Short
36833,1900-01-01 15:30:00,1900-01-01 17:35:00,94,2.0833333333333335,Short
36834,1900-01-01 10:00:00,1900-01-01 12:05:00,94,2.0833333333333335,Short
36835,1900-01-01 17:27:00,1900-01-01 18:55:00,94,1.4666666666666666,Short
36836,1900-01-01 11:10:00,1900-01-01 13:15:00,94,2.0833333333333335,Short
36837,1900-01-01 17:33:00,1900-01-01 19:40:00,94,2.1166666666666667,Short
36838,1900-01-01 11:45:00,1900-01-01 14:15:00,94,2.5,Short
36839,1900-01-01 18:05:00,1900-01-01 20:15:00,94,2.1666666666666665,Short
36840,1900-01-01 13:10:00,1900-01-01 15:25:00,94,2.25,Short
36841,1900-01-01 00:00:00,1900-01-01 00:00:00,94,0.0,Short
36842,1900-01-01 14:20:00,1900-01-01 16:20:00,94,2.0,Short
36843,1900-01-01 00:00:00,1900-01-01 00:00:00,94,0.0,Short
36844,1900-01-01 15:25:00,1900-01-01 17:30:00,94,2.0833333333333335,Short
36845,1900-01-01 19:47:00,1900-01-01 22:00:00,94,2.216666666666667,Short
36846,1900-01-01 16:40:00,1900-01-01 18:45:00,94,2.0833333333333335,Short
36847,1900-01-01 20:20:00,1900-01-01 22:34:00,94,2.2333333333333334,Short
36848,1900-01-01 17:50:00,1900-01-01 19:55:00,94,2.0833333333333335,Short
36849,1900-01-01 20:48:00,1900-01-01 23:00:00,94,2.2,Short
36850,1900-01-01 18:45:00,1900-01-01 20:47:00,94,2.033333333333333,Short
36851,1900-01-01 21:42:00,1900-01-01 00:03:00,94,2.3500000000000014,Short
36852,1900-01-01 19:20:00,1900-01-01 21:40:00,94,2.3333333333333335,Short
36853,1900-01-01 22:10:00,1900-01-01 00:20:00,94,2.166666666666668,Short
36854,1900-01-01 20:05:00,1900-01-01 22:10:00,94,2.0833333333333335,Short
36855,1900-01-01 23:15:00,1900-01-01 01:25:00,94,2.166666666666668,Short
36856,1900-01-01 20:20:00,1900-01-01 22:25:00,94,2.0833333333333335,Short
36858,1900-01-01 20:43:00,1900-01-01 22:45:00,94,2.033333333333333,Short
36860,1900-01-01 22:00:00,1900-01-01 00:03:00,94,2.0500000000000007,Short
37011,1900-01-01 07:45:00,1900-01-01 08:16:00,19,0.5166666666666667,Short
37012,1900-01-01 08:40:00,1900-01-01 09:15:00,19,0.5833333333333334,Short
37013,1900-01-01 09:20:00,1900-01-01 09:53:00,19,0.55,Short
37014,1900-01-01 10:00:00,1900-01-01 10:36:00,19,0.6,Short
37017,1900-01-01 11:20:00,1900-01-01 11:52:00,19,0.5333333333333333,Short
37018,1900-01-01 12:30:00,1900-01-01 13:08:00,19,0.6333333333333333,Short
37019,1900-01-01 14:35:00,1900-01-01 15:07:00,19,0.5333333333333333,Short
37020,1900-01-01 15:20:00,1900-01-01 15:55:00,19,0.5833333333333334,Short
37021,1900-01-01 17:15:00,1900-01-01 17:49:00,19,0.5666666666666667,Short
37022,1900-01-01 17:59:00,1900-01-01 18:35:00,19,0.6,Short
37041,1900-01-01 07:30:00,1900-01-01 08:08:00,22,0.6333333333333333,Short
37042,1900-01-01 08:20:00,1900-01-01 09:00:00,22,0.6666666666666666,Short
37043,1900-01-01 08:12:00,1900-01-01 08:50:00,22,0.6333333333333333,Short
37044,1900-01-01 09:01:00,1900-01-01 09:40:00,22,0.65,Short
37045,1900-01-01 08:50:00,1900-01-01 09:30:00,22,0.6666666666666666,Short
37046,1900-01-01 09:50:00,1900-01-01 10:30:00,22,0.6666666666666666,Short
37047,1900-01-01 09:15:00,1900-01-01 09:53:00,22,0.6333333333333333,Short
37048,1900-01-01 10:15:00,1900-01-01 10:56:00,22,0.6833333333333333,Short
37049,1900-01-01 09:40:00,1900-01-01 10:17:00,22,0.6166666666666667,Short
37050,1900-01-01 10:32:00,1900-01-01 11:10:00,22,0.6333333333333333,Short
37053,1900-01-01 11:00:00,1900-01-01 11:37:00,22,0.6166666666666667,Short
37054,1900-01-01 12:15:00,1900-01-01 12:57:00,22,0.7,Short
37055,1900-01-01 11:52:00,1900-01-01 12:27:00,22,0.5833333333333334,Short
37056,1900-01-01 12:40:00,1900-01-01 13:30:00,22,0.8333333333333334,Short
37057,1900-01-01 15:50:00,1900-01-01 16:28:00,22,0.6333333333333333,Short
37058,1900-01-01 16:40:00,1900-01-01 17:23:00,22,0.7166666666666667,Short
37060,1900-01-01 00:00:00,1900-01-01 00:00:00,22,0.0,Short
37061,1900-01-01 16:50:00,1900-01-01 17:27:00,22,0.6166666666666667,Short
37062,1900-01-01 17:38:00,1900-01-01 18:20:00,22,0.7,Short
37063,1900-01-01 17:00:00,1900-01-01 17:42:00,22,0.7,Short
37064,1900-01-01 18:13:00,1900-01-01 18:55:00,22,0.7,Short
37065,1900-01-01 18:25:00,1900-01-01 19:03:00,22,0.6333333333333333,Short
37066,1900-01-01 19:22:00,1900-01-01 20:05:00,22,0.7166666666666667,Short
37067,1900-01-01 10:25:00,1900-01-01 11:03:00,22,0.6333333333333333,Short
37068,1900-01-01 11:25:00,1900-01-01 12:05:00,22,0.6666666666666666,Short
37111,1900-01-01 07:40:00,1900-01-01 08:05:00,6,0.4166666666666667,Short
37112,1900-01-01 08:23:00,1900-01-01 08:48:00,6,0.4166666666666667,Short
37113,1900-01-01 08:55:00,1900-01-01 09:20:00,6,0.4166666666666667,Short
37114,1900-01-01 09:28:00,1900-01-01 09:55:00,6,0.45,Short
37115,1900-01-01 10:10:00,1900-01-01 10:32:00,6,0.36666666666666664,Short
37116,1900-01-01 10:55:00,1900-01-01 11:20:00,6,0.4166666666666667,Short
37117,1900-01-01 16:05:00,1900-01-01 16:30:00,6,0.4166666666666667,Short
37118,1900-01-01 16:45:00,1900-01-01 17:10:00,6,0.4166666666666667,Short
37119,1900-01-01 17:20:00,1900-01-01 17:46:00,6,0.43333333333333335,Short
37120,1900-01-01 18:00:00,1900-01-01 18:25:00,6,0.4166666666666667,Short
37121,1900-01-01 18:30:00,1900-01-01 19:00:00,6,0.5,Short
37122,1900-01-01 19:10:00,1900-01-01 19:35:00,6,0.4166666666666667,Short
37201,1900-01-01 18:55:00,1900-01-01 19:55:00,39,1.0,Short
37202,1900-01-01 08:40:00,1900-01-01 09:43:00,39,1.05,Short
37211,1900-01-01 04:47:00,1900-01-01 05:45:00,39,0.9666666666666667,Short
37212,1900-01-01 03:07:00,1900-01-01 04:08:00,39,1.0166666666666666,Short
37213,1900-01-01 05:16:00,1900-01-01 06:15:00,39,0.9833333333333333,Short
37214,1900-01-01 03:50:00,1900-01-01 04:50:00,39,1.0,Short
37215,1900-01-01 06:26:00,1900-01-01 07:27:00,39,1.0166666666666666,Short
37216,1900-01-01 04:45:00,1900-01-01 05:50:00,39,1.0833333333333333,Short
37217,1900-01-01 07:05:00,1900-01-01 08:05:00,39,1.0,Short
37218,1900-01-01 05:10:00,1900-01-01 06:12:00,39,1.0333333333333334,Short
37219,1900-01-01 07:35:00,1900-01-01 08:40:00,39,1.0833333333333333,Short
37220,1900-01-01 05:40:00,1900-01-01 06:45:00,39,1.0833333333333333,Short
37221,1900-01-01 08:20:00,1900-01-01 09:20:00,39,1.0,Short
37222,1900-01-01 06:30:00,1900-01-01 07:35:00,39,1.0833333333333333,Short
37223,1900-01-01 08:45:00,1900-01-01 09:45:00,39,1.0,Short
37224,1900-01-01 06:48:00,1900-01-01 07:52:00,39,1.0666666666666667,Short
37225,1900-01-01 09:10:00,1900-01-01 10:10:00,39,1.0,Short
37226,1900-01-01 07:15:00,1900-01-01 08:18:00,39,1.05,Short
37227,1900-01-01 09:25:00,1900-01-01 10:25:00,39,1.0,Short
37228,1900-01-01 08:05:00,1900-01-01 09:05:00,39,1.0,Short
37229,1900-01-01 09:50:00,1900-01-01 10:50:00,39,1.0,Short
37230,1900-01-01 08:32:00,1900-01-01 09:34:00,39,1.0333333333333334,Short
37231,1900-01-01 10:15:00,1900-01-01 11:15:00,39,1.0,Short
37232,1900-01-01 08:52:00,1900-01-01 09:55:00,39,1.05,Short
37233,1900-01-01 10:30:00,1900-01-01 11:28:00,39,0.9666666666666667,Short
37234,1900-01-01 09:08:00,1900-01-01 10:09:00,39,1.0166666666666666,Short
37235,1900-01-01 10:45:00,1900-01-01 11:44:00,39,0.9833333333333333,Short
37236,1900-01-01 09:46:00,1900-01-01 10:48:00,39,1.0333333333333334,Short
37237,1900-01-01 10:55:00,1900-01-01 11:55:00,39,1.0,Short
37238,1900-01-01 10:30:00,1900-01-01 11:32:00,39,1.0333333333333334,Short
37239,1900-01-01 11:15:00,1900-01-01 12:18:00,39,1.05,Short
37240,1900-01-01 10:45:00,1900-01-01 11:50:00,39,1.0833333333333333,Short
37241,1900-01-01 12:00:00,1900-01-01 13:00:00,39,1.0,Short
37242,1900-01-01 11:22:00,1900-01-01 12:25:00,39,1.05,Short
37243,1900-01-01 12:20:00,1900-01-01 13:20:00,39,1.0,Short
37244,1900-01-01 12:15:00,1900-01-01 13:20:00,39,1.0833333333333333,Short
37245,1900-01-01 12:55:00,1900-01-01 13:55:00,39,1.0,Short
37246,1900-01-01 12:30:00,1900-01-01 13:47:00,39,1.2833333333333334,Short
37247,1900-01-01 13:15:00,1900-01-01 14:13:00,39,0.9666666666666667,Short
37248,1900-01-01 13:15:00,1900-01-01 14:20:00,39,1.0833333333333333,Short
37249,1900-01-01 13:25:00,1900-01-01 14:24:00,39,0.9833333333333333,Short
37250,1900-01-01 13:35:00,1900-01-01 14:35:00,39,1.0,Short
37251,1900-01-01 13:33:00,1900-01-01 14:30:00,39,0.95,Short
37252,1900-01-01 14:12:00,1900-01-01 15:16:00,39,1.0666666666666667,Short
37253,1900-01-01 14:40:00,1900-01-01 15:40:00,39,1.0,Short
37254,1900-01-01 14:50:00,1900-01-01 15:57:00,39,1.1166666666666667,Short
37255,1900-01-01 15:00:00,1900-01-01 16:05:00,39,1.0833333333333333,Short
37256,1900-01-01 15:10:00,1900-01-01 16:10:00,39,1.0,Short
37257,1900-01-01 15:35:00,1900-01-01 16:35:00,39,1.0,Short
37258,1900-01-01 15:35:00,1900-01-01 16:38:00,39,1.05,Short
37259,1900-01-01 16:16:00,1900-01-01 17:20:00,39,1.0666666666666667,Short
37260,1900-01-01 16:05:00,1900-01-01 17:08:00,39,1.05,Short
37261,1900-01-01 16:55:00,1900-01-01 17:55:00,39,1.0,Short
37262,1900-01-01 16:40:00,1900-01-01 17:42:00,39,1.0333333333333334,Short
37263,1900-01-01 17:47:00,1900-01-01 18:48:00,39,1.0166666666666666,Short
37264,1900-01-01 16:48:00,1900-01-01 17:50:00,39,1.0333333333333334,Short
37265,1900-01-01 18:15:00,1900-01-01 19:14:00,39,0.9833333333333333,Short
37266,1900-01-01 17:12:00,1900-01-01 18:12:00,39,1.0,Short
37267,1900-01-01 18:20:00,1900-01-01 19:20:00,39,1.0,Short
37268,1900-01-01 17:30:00,1900-01-01 18:30:00,39,1.0,Short
37269,1900-01-01 18:45:00,1900-01-01 19:45:00,39,1.0,Short
37270,1900-01-01 18:05:00,1900-01-01 19:10:00,39,1.0833333333333333,Short
37271,1900-01-01 19:30:00,1900-01-01 20:28:00,39,0.9666666666666667,Short
37272,1900-01-01 18:20:00,1900-01-01 19:22:00,39,1.0333333333333334,Short
37273,1900-01-01 19:40:00,1900-01-01 20:40:00,39,1.0,Short
37274,1900-01-01 18:50:00,1900-01-01 19:55:00,39,1.0833333333333333,Short
37275,1900-01-01 20:10:00,1900-01-01 21:10:00,39,1.0,Short
37276,1900-01-01 19:30:00,1900-01-01 20:36:00,39,1.1,Short
37277,1900-01-01 21:05:00,1900-01-01 22:04:00,39,0.9833333333333333,Short
37278,1900-01-01 19:45:00,1900-01-01 20:48:00,39,1.05,Short
37279,1900-01-01 21:10:00,1900-01-01 22:10:00,39,1.0,Short
37280,1900-01-01 20:33:00,1900-01-01 21:35:00,39,1.0333333333333334,Short
37281,1900-01-01 21:30:00,1900-01-01 22:30:00,39,1.0,Short
37282,1900-01-01 21:00:00,1900-01-01 22:00:00,39,1.0,Short
37283,1900-01-01 21:50:00,1900-01-01 22:50:00,39,1.0,Short
37284,1900-01-01 21:45:00,1900-01-01 22:50:00,39,1.0833333333333333,Short
37285,1900-01-01 22:20:00,1900-01-01 23:20:00,39,1.0,Short
37286,1900-01-01 22:18:00,1900-01-01 23:20:00,39,1.0333333333333334,Short
37287,1900-01-01 22:30:00,1900-01-01 23:28:00,39,0.9666666666666667,Short
37288,1900-01-01 22:30:00,1900-01-01 23:33:00,39,1.05,Short
37289,1900-01-01 23:15:00,1900-01-01 00:20:00,39,1.0833333333333321,Short
37290,1900-01-01 22:45:00,1900-01-01 23:45:00,39,1.0,Short
37291,1900-01-01 23:45:00,1900-01-01 00:45:00,39,1.0,Short
37303,1900-01-01 05:32:00,1900-01-01 06:30:00,33,0.9666666666666667,Short
37304,1900-01-01 08:12:00,1900-01-01 09:09:00,33,0.95,Short
37305,1900-01-01 19:15:00,1900-01-01 20:17:00,33,1.0333333333333334,Short
37306,1900-01-01 21:05:00,1900-01-01 22:10:00,33,1.0833333333333333,Short
37307,1900-01-01 06:52:00,1900-01-01 08:02:00,44,1.1666666666666667,Short
37308,1900-01-01 08:30:00,1900-01-01 09:48:00,44,1.3,Short
37311,1900-01-01 05:55:00,1900-01-01 07:25:00,57,1.5,Short
37312,1900-01-01 03:50:00,1900-01-01 05:20:00,57,1.5,Short
37313,1900-01-01 06:32:00,1900-01-01 08:05:00,57,1.55,Short
37314,1900-01-01 04:50:00,1900-01-01 06:20:00,57,1.5,Short
37315,1900-01-01 08:25:00,1900-01-01 09:55:00,57,1.5,Short
37316,1900-01-01 05:35:00,1900-01-01 07:05:00,57,1.5,Short
37317,1900-01-01 09:05:00,1900-01-01 10:32:00,57,1.45,Short
37318,1900-01-01 06:20:00,1900-01-01 07:55:00,57,1.5833333333333333,Short
37319,1900-01-01 10:20:00,1900-01-01 11:48:00,57,1.4666666666666666,Short
37320,1900-01-01 07:05:00,1900-01-01 08:40:00,57,1.5833333333333333,Short
37321,1900-01-01 10:50:00,1900-01-01 12:20:00,57,1.5,Short
37322,1900-01-01 07:55:00,1900-01-01 09:24:00,57,1.4833333333333334,Short
37323,1900-01-01 11:36:00,1900-01-01 13:05:00,57,1.4833333333333334,Short
37324,1900-01-01 09:32:00,1900-01-01 11:02:00,57,1.5,Short
37325,1900-01-01 13:20:00,1900-01-01 14:50:00,57,1.5,Short
37326,1900-01-01 10:25:00,1900-01-01 11:58:00,57,1.55,Short
37327,1900-01-01 13:38:00,1900-01-01 15:03:00,57,1.4166666666666667,Short
37328,1900-01-01 11:15:00,1900-01-01 12:47:00,57,1.5333333333333334,Short
37329,1900-01-01 14:10:00,1900-01-01 15:40:00,57,1.5,Short
37330,1900-01-01 12:00:00,1900-01-01 13:35:00,57,1.5833333333333333,Short
37331,1900-01-01 15:05:00,1900-01-01 16:40:00,57,1.5833333333333333,Short
37332,1900-01-01 12:40:00,1900-01-01 14:12:00,57,1.5333333333333334,Short
37333,1900-01-01 16:10:00,1900-01-01 17:40:00,57,1.5,Short
37334,1900-01-01 13:25:00,1900-01-01 15:00:00,57,1.5833333333333333,Short
37335,1900-01-01 17:42:00,1900-01-01 19:15:00,57,1.55,Short
37336,1900-01-01 14:18:00,1900-01-01 15:50:00,57,1.5333333333333334,Short
37337,1900-01-01 18:10:00,1900-01-01 19:40:00,57,1.5,Short
37338,1900-01-01 15:15:00,1900-01-01 16:45:00,57,1.5,Short
37339,1900-01-01 19:05:00,1900-01-01 20:38:00,57,1.55,Short
37340,1900-01-01 16:18:00,1900-01-01 17:43:00,57,1.4166666666666667,Short
37341,1900-01-01 19:50:00,1900-01-01 21:20:00,57,1.5,Short
37342,1900-01-01 17:05:00,1900-01-01 18:40:00,57,1.5833333333333333,Short
37343,1900-01-01 20:05:00,1900-01-01 21:35:00,57,1.5,Short
37344,1900-01-01 18:07:00,1900-01-01 19:42:00,57,1.5833333333333333,Short
37345,1900-01-01 20:40:00,1900-01-01 22:05:00,57,1.4166666666666667,Short
37346,1900-01-01 19:00:00,1900-01-01 20:28:00,57,1.4666666666666666,Short
37347,1900-01-01 21:15:00,1900-01-01 22:42:00,57,1.45,Short
37348,1900-01-01 19:33:00,1900-01-01 21:05:00,57,1.5333333333333334,Short
37349,1900-01-01 22:05:00,1900-01-01 23:34:00,57,1.4833333333333334,Short
37350,1900-01-01 20:55:00,1900-01-01 22:35:00,57,1.6666666666666667,Short
37351,1900-01-01 23:00:00,1900-01-01 00:30:00,57,1.5,Short
37352,1900-01-01 21:38:00,1900-01-01 23:08:00,57,1.5,Short
37354,1900-01-01 22:50:00,1900-01-01 00:20:00,57,1.5,Short
37361,1900-01-01 05:10:00,1900-01-01 07:40:00,81,2.5,Short
37362,1900-01-01 08:30:00,1900-01-01 10:45:00,81,2.25,Short
37363,1900-01-01 09:55:00,1900-01-01 12:00:00,81,2.0833333333333335,Short
37364,1900-01-01 12:20:00,1900-01-01 14:40:00,81,2.3333333333333335,Short
37365,1900-01-01 12:15:00,1900-01-01 14:40:00,81,2.4166666666666665,Short
37366,1900-01-01 14:50:00,1900-01-01 17:02:00,81,2.2,Short
37367,1900-01-01 17:10:00,1900-01-01 19:15:00,81,2.0833333333333335,Short
37368,1900-01-01 19:46:00,1900-01-01 21:53:00,81,2.1166666666666667,Short
37371,1900-01-01 04:22:00,1900-01-01 06:42:00,81,2.3333333333333335,Short
37372,1900-01-01 07:45:00,1900-01-01 10:02:00,81,2.283333333333333,Short
37373,1900-01-01 07:25:00,1900-01-01 09:44:00,81,2.316666666666667,Short
37374,1900-01-01 13:25:00,1900-01-01 15:30:00,81,2.0833333333333335,Short
37375,1900-01-01 10:35:00,1900-01-01 12:44:00,81,2.15,Short
37376,1900-01-01 19:20:00,1900-01-01 21:28:00,81,2.1333333333333333,Short
37378,1900-01-01 21:40:00,1900-01-01 23:58:00,81,2.3,Short
37379,1900-01-01 18:40:00,1900-01-01 20:57:00,81,2.283333333333333,Short
37385,1900-01-01 00:00:00,1900-01-01 00:00:00,24,0.0,Short
37386,1900-01-01 00:00:00,1900-01-01 00:00:00,24,0.0,Short
37387,1900-01-01 05:32:00,1900-01-01 06:08:00,24,0.6,Short
37388,1900-01-01 06:18:00,1900-01-01 06:58:00,24,0.6666666666666666,Short
37389,1900-01-01 16:00:00,1900-01-01 16:34:00,24,0.5666666666666667,Short
37390,1900-01-01 00:00:00,1900-01-01 00:00:00,24,0.0,Short
37391,1900-01-01 22:25:00,1900-01-01 23:05:00,24,0.6666666666666666,Short
37392,1900-01-01 17:20:00,1900-01-01 17:58:00,24,0.6333333333333333,Short
37394,1900-01-01 23:15:00,1900-01-01 23:55:00,24,0.6666666666666666,Short
37411,1900-01-01 05:15:00,1900-01-01 06:05:00,34,0.8333333333333334,Short
37412,1900-01-01 04:15:00,1900-01-01 05:05:00,34,0.8333333333333334,Short
37413,1900-01-01 23:10:00,1900-01-01 23:58:00,34,0.8,Short
37414,1900-01-01 22:00:00,1900-01-01 22:48:00,34,0.8,Short
37511,1900-01-01 17:50:00,1900-01-01 18:37:00,30,0.7833333333333333,Short
37512,1900-01-01 16:25:00,1900-01-01 17:10:00,30,0.75,Short
37521,1900-01-01 04:40:00,1900-01-01 05:00:00,8,0.3333333333333333,Short
37522,1900-01-01 04:10:00,1900-01-01 04:30:00,8,0.3333333333333333,Short
37523,1900-01-01 06:18:00,1900-01-01 06:37:00,8,0.31666666666666665,Short
37524,1900-01-01 05:32:00,1900-01-01 05:50:00,8,0.3,Short
37525,1900-01-01 07:30:00,1900-01-01 07:50:00,8,0.3333333333333333,Short
37526,1900-01-01 06:45:00,1900-01-01 07:04:00,8,0.31666666666666665,Short
37527,1900-01-01 07:55:00,1900-01-01 08:14:00,8,0.31666666666666665,Short
37528,1900-01-01 07:21:00,1900-01-01 07:42:00,8,0.35,Short
37529,1900-01-01 08:33:00,1900-01-01 08:52:00,8,0.31666666666666665,Short
37530,1900-01-01 08:02:00,1900-01-01 08:22:00,8,0.3333333333333333,Short
37531,1900-01-01 09:42:00,1900-01-01 10:02:00,8,0.3333333333333333,Short
37532,1900-01-01 09:12:00,1900-01-01 09:32:00,8,0.3333333333333333,Short
37533,1900-01-01 10:45:00,1900-01-01 11:05:00,8,0.3333333333333333,Short
37534,1900-01-01 10:15:00,1900-01-01 10:35:00,8,0.3333333333333333,Short
37535,1900-01-01 12:10:00,1900-01-01 12:30:00,8,0.3333333333333333,Short
37536,1900-01-01 11:42:00,1900-01-01 12:02:00,8,0.3333333333333333,Short
37537,1900-01-01 13:30:00,1900-01-01 13:50:00,8,0.3333333333333333,Short
37538,1900-01-01 12:52:00,1900-01-01 13:14:00,8,0.36666666666666664,Short
37539,1900-01-01 15:08:00,1900-01-01 15:28:00,8,0.3333333333333333,Short
37540,1900-01-01 14:39:00,1900-01-01 14:58:00,8,0.31666666666666665,Short
37541,1900-01-01 15:50:00,1900-01-01 16:10:00,8,0.3333333333333333,Short
37542,1900-01-01 15:00:00,1900-01-01 15:20:00,8,0.3333333333333333,Short
37543,1900-01-01 16:08:00,1900-01-01 16:28:00,8,0.3333333333333333,Short
37544,1900-01-01 15:41:00,1900-01-01 16:00:00,8,0.31666666666666665,Short
37545,1900-01-01 17:18:00,1900-01-01 17:37:00,8,0.31666666666666665,Short
37546,1900-01-01 16:50:00,1900-01-01 17:10:00,8,0.3333333333333333,Short
37547,1900-01-01 18:32:00,1900-01-01 18:52:00,8,0.3333333333333333,Short
37548,1900-01-01 17:45:00,1900-01-01 18:07:00,8,0.36666666666666664,Short
37549,1900-01-01 19:15:00,1900-01-01 19:33:00,8,0.3,Short
37550,1900-01-01 18:40:00,1900-01-01 19:00:00,8,0.3333333333333333,Short
37551,1900-01-01 19:50:00,1900-01-01 20:10:00,8,0.3333333333333333,Short
37552,1900-01-01 19:20:00,1900-01-01 19:42:00,8,0.36666666666666664,Short
37553,1900-01-01 21:15:00,1900-01-01 21:33:00,8,0.3,Short
37554,1900-01-01 20:35:00,1900-01-01 20:57:00,8,0.36666666666666664,Short
37555,1900-01-01 22:15:00,1900-01-01 22:35:00,8,0.3333333333333333,Short
37556,1900-01-01 21:45:00,1900-01-01 22:05:00,8,0.3333333333333333,Short
37557,1900-01-01 23:58:00,1900-01-01 00:20:00,8,0.36666666666666714,Short
37558,1900-01-01 23:26:00,1900-01-01 23:45:00,8,0.31666666666666665,Short
37611,1900-01-01 11:42:00,1900-01-01 13:10:00,60,1.4666666666666666,Short
37612,1900-01-01 08:55:00,1900-01-01 10:15:00,60,1.3333333333333333,Short
37614,1900-01-01 13:30:00,1900-01-01 15:08:00,60,1.6333333333333333,Short
37651,1900-01-01 08:40:00,1900-01-01 10:25:00,81,1.75,Short
37652,1900-01-01 11:10:00,1900-01-01 13:15:00,81,2.0833333333333335,Short
37653,1900-01-01 11:31:00,1900-01-01 13:22:00,81,1.85,Short
37654,1900-01-01 13:45:00,1900-01-01 15:40:00,81,1.9166666666666667,Short
37655,1900-01-01 12:45:00,1900-01-01 14:37:00,81,1.8666666666666667,Short
37656,1900-01-01 14:55:00,1900-01-01 16:52:00,81,1.95,Short
37657,1900-01-01 13:43:00,1900-01-01 15:30:00,81,1.7833333333333334,Short
37658,1900-01-01 16:00:00,1900-01-01 17:55:00,81,1.9166666666666667,Short
37711,1900-01-01 08:20:00,1900-01-01 08:45:00,21,0.4166666666666667,Short
37731,1900-01-01 19:40:00,1900-01-01 20:25:00,42,0.75,Short
37732,1900-01-01 21:50:00,1900-01-01 22:40:00,42,0.8333333333333334,Short
37741,1900-01-01 03:05:00,1900-01-01 05:35:00,104,2.5,Short
37742,1900-01-01 04:40:00,1900-01-01 06:50:00,104,2.1666666666666665,Short
37743,1900-01-01 04:30:00,1900-01-01 06:40:00,104,2.1666666666666665,Short
37744,1900-01-01 08:45:00,1900-01-01 11:00:00,104,2.25,Short
37745,1900-01-01 05:40:00,1900-01-01 07:50:00,104,2.1666666666666665,Short
37746,1900-01-01 11:10:00,1900-01-01 13:40:00,104,2.5,Short
37747,1900-01-01 08:10:00,1900-01-01 10:25:00,104,2.25,Short
37748,1900-01-01 13:00:00,1900-01-01 15:15:00,104,2.25,Short
37750,1900-01-01 17:35:00,1900-01-01 19:40:00,104,2.0833333333333335,Short
37751,1900-01-01 14:40:00,1900-01-01 17:10:00,104,2.5,Short
37752,1900-01-01 19:50:00,1900-01-01 22:05:00,104,2.25,Short
37753,1900-01-01 16:20:00,1900-01-01 18:35:00,104,2.25,Short
37754,1900-01-01 20:50:00,1900-01-01 23:00:00,104,2.1666666666666665,Short
37756,1900-01-01 21:20:00,1900-01-01 23:35:00,104,2.25,Short
37757,1900-01-01 23:25:00,1900-01-01 01:35:00,104,2.166666666666668,Short
37758,1900-01-01 21:50:00,1900-01-01 23:57:00,104,2.1166666666666667,Short
37781,1900-01-01 03:45:00,1900-01-01 05:02:00,67,1.2833333333333334,Short
37782,1900-01-01 06:45:00,1900-01-01 08:00:00,67,1.25,Short
37783,1900-01-01 04:20:00,1900-01-01 05:37:00,67,1.2833333333333334,Short
37784,1900-01-01 21:00:00,1900-01-01 22:20:00,67,1.3333333333333333,Short
37785,1900-01-01 05:45:00,1900-01-01 07:05:00,67,1.3333333333333333,Short
37786,1900-01-01 03:35:00,1900-01-01 04:50:00,67,1.25,Short
37811,1900-01-01 04:15:00,1900-01-01 06:35:00,106,2.3333333333333335,Short
37812,1900-01-01 03:05:00,1900-01-01 05:27:00,106,2.3666666666666667,Short
37813,1900-01-01 05:00:00,1900-01-01 07:20:00,106,2.3333333333333335,Short
37814,1900-01-01 04:05:00,1900-01-01 06:35:00,106,2.5,Short
37815,1900-01-01 05:25:00,1900-01-01 07:35:00,106,2.1666666666666665,Short
37816,1900-01-01 05:05:00,1900-01-01 07:28:00,106,2.3833333333333333,Short
37817,1900-01-01 06:20:00,1900-01-01 08:47:00,106,2.45,Short
37818,1900-01-01 05:42:00,1900-01-01 08:08:00,106,2.433333333333333,Short
37819,1900-01-01 06:58:00,1900-01-01 09:25:00,106,2.45,Short
37820,1900-01-01 06:18:00,1900-01-01 08:35:00,106,2.283333333333333,Short
37821,1900-01-01 08:05:00,1900-01-01 10:24:00,106,2.316666666666667,Short
37822,1900-01-01 06:35:00,1900-01-01 08:30:00,106,1.9166666666666667,Short
37823,1900-01-01 09:00:00,1900-01-01 11:25:00,106,2.4166666666666665,Short
37824,1900-01-01 07:00:00,1900-01-01 09:17:00,106,2.283333333333333,Short
37825,1900-01-01 10:05:00,1900-01-01 12:30:00,106,2.4166666666666665,Short
37826,1900-01-01 07:38:00,1900-01-01 09:50:00,106,2.2,Short
37827,1900-01-01 11:25:00,1900-01-01 13:50:00,106,2.4166666666666665,Short
37828,1900-01-01 08:22:00,1900-01-01 10:38:00,106,2.2666666666666666,Short
37829,1900-01-01 12:30:00,1900-01-01 14:50:00,106,2.3333333333333335,Short
37830,1900-01-01 08:46:00,1900-01-01 11:05:00,106,2.316666666666667,Short
37831,1900-01-01 14:20:00,1900-01-01 16:38:00,106,2.3,Short
37832,1900-01-01 10:05:00,1900-01-01 12:40:00,106,2.5833333333333335,Short
37833,1900-01-01 14:45:00,1900-01-01 17:10:00,106,2.4166666666666665,Short
37834,1900-01-01 11:22:00,1900-01-01 13:50:00,106,2.466666666666667,Short
37835,1900-01-01 14:46:00,1900-01-01 17:11:00,106,2.4166666666666665,Short
37836,1900-01-01 12:25:00,1900-01-01 14:46:00,106,2.35,Short
37837,1900-01-01 15:30:00,1900-01-01 17:50:00,106,2.3333333333333335,Short
37838,1900-01-01 13:40:00,1900-01-01 16:05:00,106,2.4166666666666665,Short
37839,1900-01-01 16:45:00,1900-01-01 19:00:00,106,2.25,Short
37840,1900-01-01 15:15:00,1900-01-01 17:35:00,106,2.3333333333333335,Short
37841,1900-01-01 17:30:00,1900-01-01 19:36:00,106,2.1,Short
37842,1900-01-01 16:30:00,1900-01-01 19:02:00,106,2.533333333333333,Short
37843,1900-01-01 17:55:00,1900-01-01 19:50:00,106,1.9166666666666667,Short
37844,1900-01-01 17:25:00,1900-01-01 19:48:00,106,2.3833333333333333,Short
37845,1900-01-01 18:05:00,1900-01-01 20:25:00,106,2.3333333333333335,Short
37846,1900-01-01 17:24:00,1900-01-01 19:49:00,106,2.4166666666666665,Short
37847,1900-01-01 18:35:00,1900-01-01 20:50:00,106,2.25,Short
37848,1900-01-01 18:00:00,1900-01-01 20:20:00,106,2.3333333333333335,Short
37849,1900-01-01 19:00:00,1900-01-01 21:00:00,106,2.0,Short
37850,1900-01-01 18:40:00,1900-01-01 20:58:00,106,2.3,Short
37851,1900-01-01 19:10:00,1900-01-01 21:28:00,106,2.3,Short
37852,1900-01-01 19:55:00,1900-01-01 22:15:00,106,2.3333333333333335,Short
37853,1900-01-01 20:20:00,1900-01-01 22:47:00,106,2.45,Short
37854,1900-01-01 20:40:00,1900-01-01 23:12:00,106,2.533333333333333,Short
37855,1900-01-01 20:47:00,1900-01-01 23:10:00,106,2.3833333333333333,Short
37857,1900-01-01 22:10:00,1900-01-01 00:30:00,106,2.333333333333332,Short
37911,1900-01-01 05:38:00,1900-01-01 08:50:00,143,3.2,Short
37912,1900-01-01 03:45:00,1900-01-01 07:00:00,144,3.25,Short
37913,1900-01-01 08:00:00,1900-01-01 11:10:00,143,3.1666666666666665,Short
37914,1900-01-01 05:40:00,1900-01-01 08:43:00,144,3.05,Short
37915,1900-01-01 10:00:00,1900-01-01 13:15:00,144,3.25,Short
37916,1900-01-01 06:20:00,1900-01-01 09:25:00,144,3.0833333333333335,Short
37917,1900-01-01 12:10:00,1900-01-01 15:25:00,143,3.25,Short
37918,1900-01-01 07:00:00,1900-01-01 10:20:00,144,3.3333333333333335,Short
37919,1900-01-01 14:30:00,1900-01-01 17:40:00,144,3.1666666666666665,Short
37920,1900-01-01 07:45:00,1900-01-01 10:55:00,144,3.1666666666666665,Short
37921,1900-01-01 17:05:00,1900-01-01 20:18:00,143,3.216666666666667,Short
37922,1900-01-01 10:20:00,1900-01-01 14:05:00,144,3.75,Short
37923,1900-01-01 18:00:00,1900-01-01 21:05:00,144,3.0833333333333335,Short
37924,1900-01-01 14:45:00,1900-01-01 18:08:00,144,3.3833333333333333,Short
37925,1900-01-01 19:25:00,1900-01-01 22:30:00,144,3.0833333333333335,Short
37926,1900-01-01 15:30:00,1900-01-01 18:48:00,144,3.3,Short
37927,1900-01-01 20:30:00,1900-01-01 23:45:00,143,3.25,Short
37928,1900-01-01 19:20:00,1900-01-01 22:42:00,144,3.3666666666666667,Short
38031,1900-01-01 08:45:00,1900-01-01 09:00:00,5,0.25,Short
38032,1900-01-01 09:30:00,1900-01-01 09:43:00,5,0.21666666666666667,Short
38033,1900-01-01 17:15:00,1900-01-01 17:30:00,5,0.25,Short
38034,1900-01-01 15:40:00,1900-01-01 15:55:00,5,0.25,Short
38036,1900-01-01 18:10:00,1900-01-01 18:30:00,5,0.3333333333333333,Short
38051,1900-01-01 06:05:00,1900-01-01 09:45:00,140,3.6666666666666665,Short
38052,1900-01-01 06:05:00,1900-01-01 09:20:00,139,3.25,Short
38053,1900-01-01 09:35:00,1900-01-01 12:45:00,136,3.1666666666666665,Short
38054,1900-01-01 10:00:00,1900-01-01 11:35:00,68,1.5833333333333333,Short
38055,1900-01-01 15:15:00,1900-01-01 16:55:00,68,1.6666666666666667,Short
38056,1900-01-01 14:50:00,1900-01-01 18:02:00,137,3.2,Short
38057,1900-01-01 18:00:00,1900-01-01 21:38:00,140,3.6333333333333333,Short
38058,1900-01-01 17:20:00,1900-01-01 20:50:00,139,3.5,Short
38101,1900-01-01 05:35:00,1900-01-01 06:15:00,24,0.6666666666666666,Short
38102,1900-01-01 06:50:00,1900-01-01 07:35:00,24,0.75,Short
38103,1900-01-01 07:02:00,1900-01-01 08:03:00,32,1.0166666666666666,Short
38104,1900-01-01 08:17:00,1900-01-01 09:18:00,32,1.0166666666666666,Short
38105,1900-01-01 08:27:00,1900-01-01 09:35:00,32,1.1333333333333333,Short
38106,1900-01-01 09:47:00,1900-01-01 10:50:00,32,1.05,Short
38107,1900-01-01 16:40:00,1900-01-01 17:22:00,24,0.7,Short
38108,1900-01-01 17:52:00,1900-01-01 19:08:00,32,1.2666666666666666,Short
38202,1900-01-01 07:30:00,1900-01-01 08:42:00,45,1.2,Short
38204,1900-01-01 08:20:00,1900-01-01 09:37:00,45,1.2833333333333334,Short
38206,1900-01-01 18:45:00,1900-01-01 19:40:00,37,0.9166666666666666,Short
38301,1900-01-01 06:10:00,1900-01-01 07:25:00,50,1.25,Short
38302,1900-01-01 03:05:00,1900-01-01 04:35:00,58,1.5,Short
38303,1900-01-01 07:35:00,1900-01-01 09:12:00,58,1.6166666666666667,Short
38304,1900-01-01 03:50:00,1900-01-01 05:20:00,58,1.5,Short
38305,1900-01-01 10:30:00,1900-01-01 12:10:00,56,1.6666666666666667,Short
38306,1900-01-01 04:35:00,1900-01-01 06:05:00,58,1.5,Short
38307,1900-01-01 12:30:00,1900-01-01 14:02:00,58,1.5333333333333334,Short
38308,1900-01-01 06:15:00,1900-01-01 07:45:00,58,1.5,Short
38310,1900-01-01 07:03:00,1900-01-01 08:30:00,55,1.45,Short
38312,1900-01-01 09:50:00,1900-01-01 11:25:00,58,1.5833333333333333,Short
38314,1900-01-01 13:27:00,1900-01-01 15:05:00,58,1.6333333333333333,Short
38316,1900-01-01 14:10:00,1900-01-01 15:30:00,50,1.3333333333333333,Short
38318,1900-01-01 14:27:00,1900-01-01 16:00:00,58,1.55,Short
38321,1900-01-01 22:55:00,1900-01-01 00:40:00,58,1.75,Short
38401,1900-01-01 05:22:00,1900-01-01 07:10:00,71,1.8,Short
38402,1900-01-01 03:05:00,1900-01-01 04:52:00,70,1.7833333333333334,Short
38403,1900-01-01 05:45:00,1900-01-01 07:33:00,71,1.8,Short
38404,1900-01-01 03:22:00,1900-01-01 05:10:00,70,1.8,Short
38405,1900-01-01 06:43:00,1900-01-01 08:30:00,71,1.7833333333333334,Short
38406,1900-01-01 04:03:00,1900-01-01 05:52:00,70,1.8166666666666667,Short
38407,1900-01-01 07:45:00,1900-01-01 09:15:00,63,1.5,Short
38408,1900-01-01 04:32:00,1900-01-01 06:20:00,70,1.8,Short
38409,1900-01-01 07:45:00,1900-01-01 09:45:00,71,2.0,Short
38410,1900-01-01 05:05:00,1900-01-01 06:52:00,70,1.7833333333333334,Short
38411,1900-01-01 08:13:00,1900-01-01 10:12:00,71,1.9833333333333334,Short
38412,1900-01-01 05:43:00,1900-01-01 07:30:00,70,1.7833333333333334,Short
38413,1900-01-01 09:00:00,1900-01-01 10:50:00,71,1.8333333333333333,Short
38414,1900-01-01 06:25:00,1900-01-01 08:20:00,70,1.9166666666666667,Short
38416,1900-01-01 07:25:00,1900-01-01 09:10:00,70,1.75,Short
38419,1900-01-01 10:10:00,1900-01-01 12:10:00,71,2.0,Short
38421,1900-01-01 11:15:00,1900-01-01 13:08:00,71,1.8833333333333333,Short
38423,1900-01-01 13:10:00,1900-01-01 14:57:00,71,1.7833333333333334,Short
38425,1900-01-01 13:55:00,1900-01-01 15:45:00,71,1.8333333333333333,Short
38427,1900-01-01 14:40:00,1900-01-01 16:25:00,71,1.75,Short
38431,1900-01-01 15:45:00,1900-01-01 17:35:00,71,1.8333333333333333,Short
38433,1900-01-01 16:15:00,1900-01-01 18:05:00,71,1.8333333333333333,Short
38437,1900-01-01 17:35:00,1900-01-01 19:23:00,71,1.8,Short
38447,1900-01-01 19:48:00,1900-01-01 21:38:00,71,1.8333333333333333,Short
38449,1900-01-01 20:22:00,1900-01-01 22:12:00,71,1.8333333333333333,Short
38451,1900-01-01 21:10:00,1900-01-01 23:10:00,71,2.0,Short
38452,1900-01-01 19:10:00,1900-01-01 21:07:00,70,1.95,Short
38453,1900-01-01 22:25:00,1900-01-01 00:15:00,71,1.8333333333333321,Short
38454,1900-01-01 20:18:00,1900-01-01 22:10:00,70,1.8666666666666667,Short
38455,1900-01-01 23:35:00,1900-01-01 01:25:00,71,1.8333333333333321,Short
38456,1900-01-01 21:22:00,1900-01-01 23:15:00,70,1.8833333333333333,Short
38501,1900-01-01 11:28:00,1900-01-01 13:45:00,90,2.283333333333333,Short
38502,1900-01-01 14:05:00,1900-01-01 16:30:00,91,2.4166666666666665,Short
38601,1900-01-01 09:25:00,1900-01-01 11:00:00,54,1.5833333333333333,Short
38602,1900-01-01 11:10:00,1900-01-01 12:43:00,54,1.55,Short
38701,1900-01-01 03:05:00,1900-01-01 05:15:00,115,2.1666666666666665,Short
38702,1900-01-01 03:00:00,1900-01-01 05:35:00,115,2.5833333333333335,Short
38703,1900-01-01 03:25:00,1900-01-01 06:00:00,115,2.5833333333333335,Short
38704,1900-01-01 03:50:00,1900-01-01 06:32:00,115,2.7,Short
38705,1900-01-01 04:55:00,1900-01-01 07:28:00,115,2.55,Short
38706,1900-01-01 05:25:00,1900-01-01 08:00:00,115,2.5833333333333335,Short
38707,1900-01-01 07:15:00,1900-01-01 10:05:00,115,2.8333333333333335,Short
38708,1900-01-01 06:55:00,1900-01-01 09:30:00,115,2.5833333333333335,Short
38709,1900-01-01 11:00:00,1900-01-01 13:30:00,107,2.5,Short
38710,1900-01-01 07:10:00,1900-01-01 09:45:00,115,2.5833333333333335,Short
38711,1900-01-01 10:50:00,1900-01-01 13:43:00,115,2.8833333333333333,Short
38713,1900-01-01 11:55:00,1900-01-01 14:40:00,115,2.75,Short
38719,1900-01-01 14:10:00,1900-01-01 17:02:00,115,2.8666666666666667,Short
38726,1900-01-01 17:38:00,1900-01-01 20:40:00,115,3.033333333333333,Short
38728,1900-01-01 18:45:00,1900-01-01 21:47:00,115,3.033333333333333,Short
38730,1900-01-01 20:40:00,1900-01-01 23:25:00,115,2.75,Short
38801,1900-01-01 02:40:00,1900-01-01 05:35:00,128,2.9166666666666665,Short
38802,1900-01-01 04:05:00,1900-01-01 07:12:00,128,3.1166666666666667,Short
38803,1900-01-01 04:25:00,1900-01-01 07:30:00,128,3.0833333333333335,Short
38804,1900-01-01 05:42:00,1900-01-01 08:50:00,128,3.1333333333333333,Short
38805,1900-01-01 05:35:00,1900-01-01 08:50:00,128,3.25,Short
38806,1900-01-01 06:10:00,1900-01-01 09:00:00,128,2.8333333333333335,Short
38807,1900-01-01 06:30:00,1900-01-01 09:50:00,128,3.3333333333333335,Short
38808,1900-01-01 06:35:00,1900-01-01 09:35:00,128,3.0,Short
38809,1900-01-01 08:00:00,1900-01-01 11:25:00,128,3.4166666666666665,Short
38810,1900-01-01 07:45:00,1900-01-01 11:00:00,128,3.25,Short
38811,1900-01-01 08:50:00,1900-01-01 12:00:00,128,3.1666666666666665,Short
38812,1900-01-01 09:10:00,1900-01-01 12:32:00,128,3.3666666666666667,Short
38813,1900-01-01 09:47:00,1900-01-01 12:55:00,128,3.1333333333333333,Short
38814,1900-01-01 11:00:00,1900-01-01 14:27:00,128,3.45,Short
38815,1900-01-01 10:25:00,1900-01-01 13:40:00,128,3.25,Short
38816,1900-01-01 11:47:00,1900-01-01 15:20:00,128,3.55,Short
38817,1900-01-01 12:15:00,1900-01-01 15:30:00,128,3.25,Short
38818,1900-01-01 13:02:00,1900-01-01 16:20:00,128,3.3,Short
38819,1900-01-01 13:35:00,1900-01-01 17:08:00,128,3.55,Short
38820,1900-01-01 14:20:00,1900-01-01 17:42:00,128,3.3666666666666667,Short
38821,1900-01-01 16:00:00,1900-01-01 18:45:00,128,2.75,Short
38822,1900-01-01 15:30:00,1900-01-01 18:48:00,128,3.3,Short
38823,1900-01-01 17:20:00,1900-01-01 20:20:00,128,3.0,Short
38824,1900-01-01 16:00:00,1900-01-01 19:25:00,128,3.4166666666666665,Short
38825,1900-01-01 18:15:00,1900-01-01 21:00:00,129,2.75,Short
38826,1900-01-01 17:50:00,1900-01-01 21:22:00,128,3.533333333333333,Short
38827,1900-01-01 18:35:00,1900-01-01 21:30:00,128,2.9166666666666665,Short
38828,1900-01-01 19:10:00,1900-01-01 22:27:00,128,3.283333333333333,Short
38829,1900-01-01 19:35:00,1900-01-01 22:32:00,128,2.95,Short
38830,1900-01-01 20:52:00,1900-01-01 00:05:00,128,3.216666666666665,Short
38831,1900-01-01 20:10:00,1900-01-01 23:25:00,128,3.25,Short
38832,1900-01-01 22:25:00,1900-01-01 22:55:00,12,0.5,Short
38902,1900-01-01 04:00:00,1900-01-01 05:15:00,44,1.25,Short
38905,1900-01-01 06:15:00,1900-01-01 07:55:00,51,1.6666666666666667,Short
38908,1900-01-01 08:05:00,1900-01-01 09:40:00,49,1.5833333333333333,Short
38909,1900-01-01 10:35:00,1900-01-01 12:15:00,51,1.6666666666666667,Short
38923,1900-01-01 21:42:00,1900-01-01 23:18:00,51,1.6,Short
38924,1900-01-01 21:10:00,1900-01-01 22:43:00,49,1.55,Short
40001,1900-01-01 04:20:00,1900-01-01 05:15:00,29,0.9166666666666666,Short
40002,1900-01-01 04:00:00,1900-01-01 04:55:00,29,0.9166666666666666,Short
40003,1900-01-01 06:20:00,1900-01-01 07:15:00,29,0.9166666666666666,Short
40004,1900-01-01 04:20:00,1900-01-01 05:15:00,29,0.9166666666666666,Short
40005,1900-01-01 07:15:00,1900-01-01 08:10:00,29,0.9166666666666666,Short
40006,1900-01-01 04:35:00,1900-01-01 05:30:00,29,0.9166666666666666,Short
40007,1900-01-01 07:22:00,1900-01-01 08:17:00,29,0.9166666666666666,Short
40008,1900-01-01 05:15:00,1900-01-01 06:10:00,29,0.9166666666666666,Short
40009,1900-01-01 07:30:00,1900-01-01 08:25:00,29,0.9166666666666666,Short
40010,1900-01-01 06:00:00,1900-01-01 06:55:00,29,0.9166666666666666,Short
40011,1900-01-01 07:46:00,1900-01-01 08:41:00,29,0.9166666666666666,Short
40012,1900-01-01 06:20:00,1900-01-01 07:15:00,29,0.9166666666666666,Short
40013,1900-01-01 07:53:00,1900-01-01 08:48:00,29,0.9166666666666666,Short
40014,1900-01-01 06:30:00,1900-01-01 07:25:00,29,0.9166666666666666,Short
40015,1900-01-01 08:00:00,1900-01-01 08:55:00,29,0.9166666666666666,Short
40016,1900-01-01 06:38:00,1900-01-01 07:33:00,29,0.9166666666666666,Short
40017,1900-01-01 08:10:00,1900-01-01 09:05:00,29,0.9166666666666666,Short
40018,1900-01-01 06:52:00,1900-01-01 07:47:00,29,0.9166666666666666,Short
40019,1900-01-01 08:17:00,1900-01-01 08:57:00,23,0.6666666666666666,Short
40020,1900-01-01 07:00:00,1900-01-01 07:55:00,29,0.9166666666666666,Short
40021,1900-01-01 08:32:00,1900-01-01 08:58:00,17,0.43333333333333335,Short
40022,1900-01-01 07:10:00,1900-01-01 08:05:00,29,0.9166666666666666,Short
40023,1900-01-01 08:40:00,1900-01-01 09:35:00,29,0.9166666666666666,Short
40025,1900-01-01 08:47:00,1900-01-01 09:42:00,29,0.9166666666666666,Short
40026,1900-01-01 07:44:00,1900-01-01 08:39:00,29,0.9166666666666666,Short
40027,1900-01-01 09:02:00,1900-01-01 09:57:00,29,0.9166666666666666,Short
40028,1900-01-01 07:56:00,1900-01-01 08:51:00,29,0.9166666666666666,Short
40029,1900-01-01 09:08:00,1900-01-01 10:03:00,29,0.9166666666666666,Short
40030,1900-01-01 08:06:00,1900-01-01 09:01:00,29,0.9166666666666666,Short
40031,1900-01-01 09:14:00,1900-01-01 10:09:00,29,0.9166666666666666,Short
40032,1900-01-01 08:15:00,1900-01-01 09:10:00,29,0.9166666666666666,Short
40033,1900-01-01 09:20:00,1900-01-01 10:15:00,29,0.9166666666666666,Short
40034,1900-01-01 08:24:00,1900-01-01 09:19:00,29,0.9166666666666666,Short
40035,1900-01-01 09:26:00,1900-01-01 10:21:00,29,0.9166666666666666,Short
40036,1900-01-01 08:30:00,1900-01-01 09:25:00,29,0.9166666666666666,Short
40037,1900-01-01 09:32:00,1900-01-01 10:27:00,29,0.9166666666666666,Short
40038,1900-01-01 08:38:00,1900-01-01 09:33:00,29,0.9166666666666666,Short
40039,1900-01-01 09:44:00,1900-01-01 10:39:00,29,0.9166666666666666,Short
40040,1900-01-01 08:47:00,1900-01-01 09:42:00,29,0.9166666666666666,Short
40041,1900-01-01 09:56:00,1900-01-01 10:51:00,29,0.9166666666666666,Short
40042,1900-01-01 09:10:00,1900-01-01 09:45:00,17,0.5833333333333334,Short
40043,1900-01-01 10:02:00,1900-01-01 10:57:00,29,0.9166666666666666,Short
40044,1900-01-01 09:03:00,1900-01-01 09:47:00,23,0.7333333333333333,Short
40045,1900-01-01 10:08:00,1900-01-01 11:03:00,29,0.9166666666666666,Short
40046,1900-01-01 08:56:00,1900-01-01 09:51:00,29,0.9166666666666666,Short
40047,1900-01-01 10:20:00,1900-01-01 11:15:00,29,0.9166666666666666,Short
40048,1900-01-01 09:05:00,1900-01-01 10:00:00,29,0.9166666666666666,Short
40049,1900-01-01 10:26:00,1900-01-01 11:21:00,29,0.9166666666666666,Short
40050,1900-01-01 09:15:00,1900-01-01 10:10:00,29,0.9166666666666666,Short
40051,1900-01-01 10:32:00,1900-01-01 11:27:00,29,0.9166666666666666,Short
40052,1900-01-01 09:40:00,1900-01-01 10:35:00,29,0.9166666666666666,Short
40053,1900-01-01 10:38:00,1900-01-01 11:33:00,29,0.9166666666666666,Short
40054,1900-01-01 09:50:00,1900-01-01 10:45:00,29,0.9166666666666666,Short
40055,1900-01-01 10:44:00,1900-01-01 11:39:00,29,0.9166666666666666,Short
40056,1900-01-01 10:02:00,1900-01-01 10:57:00,29,0.9166666666666666,Short
40057,1900-01-01 10:50:00,1900-01-01 11:45:00,29,0.9166666666666666,Short
40058,1900-01-01 10:10:00,1900-01-01 11:05:00,29,0.9166666666666666,Short
40059,1900-01-01 10:56:00,1900-01-01 11:51:00,29,0.9166666666666666,Short
40060,1900-01-01 10:20:00,1900-01-01 11:15:00,29,0.9166666666666666,Short
40061,1900-01-01 11:10:00,1900-01-01 12:05:00,29,0.9166666666666666,Short
40062,1900-01-01 10:28:00,1900-01-01 11:23:00,29,0.9166666666666666,Short
40063,1900-01-01 11:20:00,1900-01-01 12:15:00,29,0.9166666666666666,Short
40064,1900-01-01 10:45:00,1900-01-01 11:40:00,29,0.9166666666666666,Short
40065,1900-01-01 11:30:00,1900-01-01 12:25:00,29,0.9166666666666666,Short
40066,1900-01-01 11:10:00,1900-01-01 12:05:00,29,0.9166666666666666,Short
40067,1900-01-01 11:37:00,1900-01-01 12:32:00,29,0.9166666666666666,Short
40068,1900-01-01 11:20:00,1900-01-01 12:15:00,29,0.9166666666666666,Short
40069,1900-01-01 11:45:00,1900-01-01 12:40:00,29,0.9166666666666666,Short
40070,1900-01-01 11:30:00,1900-01-01 12:25:00,29,0.9166666666666666,Short
40071,1900-01-01 12:10:00,1900-01-01 13:05:00,29,0.9166666666666666,Short
40072,1900-01-01 11:58:00,1900-01-01 12:53:00,29,0.9166666666666666,Short
40073,1900-01-01 12:20:00,1900-01-01 13:15:00,29,0.9166666666666666,Short
40074,1900-01-01 12:12:00,1900-01-01 13:07:00,29,0.9166666666666666,Short
40075,1900-01-01 12:43:00,1900-01-01 13:38:00,29,0.9166666666666666,Short
40076,1900-01-01 12:47:00,1900-01-01 13:42:00,29,0.9166666666666666,Short
40077,1900-01-01 12:56:00,1900-01-01 13:51:00,29,0.9166666666666666,Short
40078,1900-01-01 13:17:00,1900-01-01 14:12:00,29,0.9166666666666666,Short
40079,1900-01-01 13:22:00,1900-01-01 14:17:00,29,0.9166666666666666,Short
40080,1900-01-01 13:32:00,1900-01-01 14:27:00,29,0.9166666666666666,Short
40081,1900-01-01 14:01:00,1900-01-01 14:56:00,29,0.9166666666666666,Short
40082,1900-01-01 14:02:00,1900-01-01 14:57:00,29,0.9166666666666666,Short
40083,1900-01-01 14:23:00,1900-01-01 15:18:00,29,0.9166666666666666,Short
40084,1900-01-01 14:15:00,1900-01-01 15:10:00,29,0.9166666666666666,Short
40085,1900-01-01 14:32:00,1900-01-01 15:27:00,29,0.9166666666666666,Short
40086,1900-01-01 14:25:00,1900-01-01 15:20:00,29,0.9166666666666666,Short
40087,1900-01-01 15:02:00,1900-01-01 15:57:00,29,0.9166666666666666,Short
40088,1900-01-01 14:45:00,1900-01-01 15:40:00,29,0.9166666666666666,Short
40089,1900-01-01 15:15:00,1900-01-01 16:10:00,29,0.9166666666666666,Short
40090,1900-01-01 14:55:00,1900-01-01 15:50:00,29,0.9166666666666666,Short
40091,1900-01-01 15:45:00,1900-01-01 16:40:00,29,0.9166666666666666,Short
40092,1900-01-01 15:05:00,1900-01-01 16:00:00,29,0.9166666666666666,Short
40093,1900-01-01 15:55:00,1900-01-01 16:50:00,29,0.9166666666666666,Short
40094,1900-01-01 15:23:00,1900-01-01 16:18:00,29,0.9166666666666666,Short
40095,1900-01-01 16:05:00,1900-01-01 17:00:00,29,0.9166666666666666,Short
40096,1900-01-01 15:32:00,1900-01-01 16:27:00,29,0.9166666666666666,Short
40097,1900-01-01 16:23:00,1900-01-01 17:18:00,29,0.9166666666666666,Short
40098,1900-01-01 15:38:00,1900-01-01 16:33:00,29,0.9166666666666666,Short
40099,1900-01-01 16:40:00,1900-01-01 17:35:00,29,0.9166666666666666,Short
40100,1900-01-01 15:50:00,1900-01-01 16:45:00,29,0.9166666666666666,Short
40101,1900-01-01 17:00:00,1900-01-01 17:55:00,29,0.9166666666666666,Short
40102,1900-01-01 16:08:00,1900-01-01 17:03:00,29,0.9166666666666666,Short
40103,1900-01-01 17:10:00,1900-01-01 18:05:00,29,0.9166666666666666,Short
40104,1900-01-01 16:18:00,1900-01-01 17:13:00,29,0.9166666666666666,Short
40105,1900-01-01 17:30:00,1900-01-01 18:25:00,29,0.9166666666666666,Short
40106,1900-01-01 16:36:00,1900-01-01 17:31:00,29,0.9166666666666666,Short
40107,1900-01-01 17:45:00,1900-01-01 18:40:00,29,0.9166666666666666,Short
40108,1900-01-01 16:43:00,1900-01-01 17:38:00,29,0.9166666666666666,Short
40109,1900-01-01 17:53:00,1900-01-01 18:48:00,29,0.9166666666666666,Short
40110,1900-01-01 16:50:00,1900-01-01 17:45:00,29,0.9166666666666666,Short
40111,1900-01-01 18:00:00,1900-01-01 18:55:00,29,0.9166666666666666,Short
40112,1900-01-01 16:57:00,1900-01-01 17:52:00,29,0.9166666666666666,Short
40113,1900-01-01 18:20:00,1900-01-01 19:15:00,29,0.9166666666666666,Short
40114,1900-01-01 17:04:00,1900-01-01 17:59:00,29,0.9166666666666666,Short
40115,1900-01-01 18:27:00,1900-01-01 19:22:00,29,0.9166666666666666,Short
40116,1900-01-01 17:11:00,1900-01-01 18:06:00,29,0.9166666666666666,Short
40117,1900-01-01 18:48:00,1900-01-01 19:43:00,29,0.9166666666666666,Short
40118,1900-01-01 17:18:00,1900-01-01 18:13:00,29,0.9166666666666666,Short
40119,1900-01-01 18:55:00,1900-01-01 19:50:00,29,0.9166666666666666,Short
40120,1900-01-01 17:32:00,1900-01-01 18:27:00,29,0.9166666666666666,Short
40121,1900-01-01 19:02:00,1900-01-01 19:57:00,29,0.9166666666666666,Short
40122,1900-01-01 17:39:00,1900-01-01 18:34:00,29,0.9166666666666666,Short
40123,1900-01-01 19:16:00,1900-01-01 20:11:00,29,0.9166666666666666,Short
40124,1900-01-01 17:53:00,1900-01-01 18:48:00,29,0.9166666666666666,Short
40125,1900-01-01 19:24:00,1900-01-01 20:19:00,29,0.9166666666666666,Short
40126,1900-01-01 18:00:00,1900-01-01 18:55:00,29,0.9166666666666666,Short
40127,1900-01-01 19:40:00,1900-01-01 20:35:00,29,0.9166666666666666,Short
40128,1900-01-01 18:08:00,1900-01-01 19:03:00,29,0.9166666666666666,Short
40129,1900-01-01 19:48:00,1900-01-01 20:43:00,29,0.9166666666666666,Short
40130,1900-01-01 18:25:00,1900-01-01 19:20:00,29,0.9166666666666666,Short
40131,1900-01-01 20:04:00,1900-01-01 20:59:00,29,0.9166666666666666,Short
40132,1900-01-01 18:35:00,1900-01-01 19:30:00,29,0.9166666666666666,Short
40133,1900-01-01 20:12:00,1900-01-01 21:07:00,29,0.9166666666666666,Short
40134,1900-01-01 18:45:00,1900-01-01 19:40:00,29,0.9166666666666666,Short
40135,1900-01-01 20:28:00,1900-01-01 21:23:00,29,0.9166666666666666,Short
40136,1900-01-01 19:03:00,1900-01-01 19:58:00,29,0.9166666666666666,Short
40137,1900-01-01 20:36:00,1900-01-01 21:31:00,29,0.9166666666666666,Short
40138,1900-01-01 19:11:00,1900-01-01 20:06:00,29,0.9166666666666666,Short
40139,1900-01-01 20:44:00,1900-01-01 21:39:00,29,0.9166666666666666,Short
40140,1900-01-01 19:27:00,1900-01-01 20:22:00,29,0.9166666666666666,Short
40141,1900-01-01 21:00:00,1900-01-01 21:55:00,29,0.9166666666666666,Short
40142,1900-01-01 19:43:00,1900-01-01 20:38:00,29,0.9166666666666666,Short
40143,1900-01-01 21:10:00,1900-01-01 22:05:00,29,0.9166666666666666,Short
40144,1900-01-01 20:00:00,1900-01-01 20:55:00,29,0.9166666666666666,Short
40145,1900-01-01 21:30:00,1900-01-01 22:25:00,29,0.9166666666666666,Short
40146,1900-01-01 20:20:00,1900-01-01 21:15:00,29,0.9166666666666666,Short
40147,1900-01-01 22:05:00,1900-01-01 23:00:00,29,0.9166666666666666,Short
40148,1900-01-01 20:30:00,1900-01-01 21:25:00,29,0.9166666666666666,Short
40150,1900-01-01 21:20:00,1900-01-01 22:15:00,29,0.9166666666666666,Short
40151,1900-01-01 22:25:00,1900-01-01 23:20:00,29,0.9166666666666666,Short
40152,1900-01-01 21:35:00,1900-01-01 22:30:00,29,0.9166666666666666,Short
40153,1900-01-01 23:05:00,1900-01-01 00:00:00,29,0.9166666666666679,Short
40154,1900-01-01 22:25:00,1900-01-01 23:20:00,29,0.9166666666666666,Short
40155,1900-01-01 23:30:00,1900-01-01 00:25:00,29,0.9166666666666679,Short
40156,1900-01-01 22:45:00,1900-01-01 23:40:00,29,0.9166666666666666,Short
40157,1900-01-01 23:59:00,1900-01-01 00:54:00,29,0.9166666666666679,Short
40158,1900-01-01 23:30:00,1900-01-01 00:25:00,29,0.9166666666666679,Short
40301,1900-01-01 04:15:00,1900-01-01 05:10:00,29,0.9166666666666666,Short
40302,1900-01-01 04:00:00,1900-01-01 04:55:00,29,0.9166666666666666,Short
40303,1900-01-01 05:40:00,1900-01-01 06:35:00,29,0.9166666666666666,Short
40304,1900-01-01 04:20:00,1900-01-01 05:15:00,29,0.9166666666666666,Short
40305,1900-01-01 06:15:00,1900-01-01 07:10:00,29,0.9166666666666666,Short
40306,1900-01-01 04:35:00,1900-01-01 05:30:00,29,0.9166666666666666,Short
40307,1900-01-01 06:55:00,1900-01-01 07:50:00,29,0.9166666666666666,Short
40308,1900-01-01 05:15:00,1900-01-01 06:10:00,29,0.9166666666666666,Short
40309,1900-01-01 07:15:00,1900-01-01 08:10:00,29,0.9166666666666666,Short
40310,1900-01-01 06:00:00,1900-01-01 06:55:00,29,0.9166666666666666,Short
40311,1900-01-01 07:25:00,1900-01-01 08:20:00,29,0.9166666666666666,Short
40312,1900-01-01 06:30:00,1900-01-01 07:25:00,29,0.9166666666666666,Short
40313,1900-01-01 07:50:00,1900-01-01 08:45:00,29,0.9166666666666666,Short
40314,1900-01-01 07:00:00,1900-01-01 07:55:00,29,0.9166666666666666,Short
40315,1900-01-01 08:00:00,1900-01-01 08:55:00,29,0.9166666666666666,Short
40316,1900-01-01 07:30:00,1900-01-01 08:25:00,29,0.9166666666666666,Short
40317,1900-01-01 08:15:00,1900-01-01 09:10:00,29,0.9166666666666666,Short
40318,1900-01-01 08:10:00,1900-01-01 09:05:00,29,0.9166666666666666,Short
40319,1900-01-01 08:38:00,1900-01-01 09:33:00,29,0.9166666666666666,Short
40320,1900-01-01 08:50:00,1900-01-01 09:45:00,29,0.9166666666666666,Short
40321,1900-01-01 08:50:00,1900-01-01 09:45:00,29,0.9166666666666666,Short
40322,1900-01-01 09:20:00,1900-01-01 10:15:00,29,0.9166666666666666,Short
40323,1900-01-01 09:12:00,1900-01-01 10:07:00,29,0.9166666666666666,Short
40324,1900-01-01 09:35:00,1900-01-01 10:30:00,29,0.9166666666666666,Short
40325,1900-01-01 09:25:00,1900-01-01 10:20:00,29,0.9166666666666666,Short
40326,1900-01-01 09:50:00,1900-01-01 10:45:00,29,0.9166666666666666,Short
40327,1900-01-01 09:42:00,1900-01-01 10:37:00,29,0.9166666666666666,Short
40328,1900-01-01 10:00:00,1900-01-01 10:55:00,29,0.9166666666666666,Short
40329,1900-01-01 10:00:00,1900-01-01 10:55:00,29,0.9166666666666666,Short
40330,1900-01-01 10:10:00,1900-01-01 11:05:00,29,0.9166666666666666,Short
40331,1900-01-01 10:20:00,1900-01-01 11:15:00,29,0.9166666666666666,Short
40332,1900-01-01 10:20:00,1900-01-01 11:15:00,29,0.9166666666666666,Short
40333,1900-01-01 10:30:00,1900-01-01 11:25:00,29,0.9166666666666666,Short
40334,1900-01-01 10:40:00,1900-01-01 11:35:00,29,0.9166666666666666,Short
40335,1900-01-01 10:40:00,1900-01-01 11:35:00,29,0.9166666666666666,Short
40336,1900-01-01 10:50:00,1900-01-01 11:45:00,29,0.9166666666666666,Short
40337,1900-01-01 10:45:00,1900-01-01 11:40:00,29,0.9166666666666666,Short
40338,1900-01-01 11:00:00,1900-01-01 11:55:00,29,0.9166666666666666,Short
40339,1900-01-01 10:50:00,1900-01-01 11:45:00,29,0.9166666666666666,Short
40340,1900-01-01 11:10:00,1900-01-01 12:05:00,29,0.9166666666666666,Short
40341,1900-01-01 11:10:00,1900-01-01 12:05:00,29,0.9166666666666666,Short
40342,1900-01-01 11:20:00,1900-01-01 12:15:00,29,0.9166666666666666,Short
40343,1900-01-01 11:20:00,1900-01-01 12:15:00,29,0.9166666666666666,Short
40344,1900-01-01 11:30:00,1900-01-01 12:25:00,29,0.9166666666666666,Short
40345,1900-01-01 11:30:00,1900-01-01 12:25:00,29,0.9166666666666666,Short
40346,1900-01-01 11:50:00,1900-01-01 12:45:00,29,0.9166666666666666,Short
40347,1900-01-01 11:40:00,1900-01-01 12:35:00,29,0.9166666666666666,Short
40348,1900-01-01 12:00:00,1900-01-01 12:55:00,29,0.9166666666666666,Short
40349,1900-01-01 11:50:00,1900-01-01 12:45:00,29,0.9166666666666666,Short
40350,1900-01-01 12:10:00,1900-01-01 13:05:00,29,0.9166666666666666,Short
40351,1900-01-01 12:10:00,1900-01-01 13:05:00,29,0.9166666666666666,Short
40352,1900-01-01 12:30:00,1900-01-01 13:25:00,29,0.9166666666666666,Short
40353,1900-01-01 12:20:00,1900-01-01 13:15:00,29,0.9166666666666666,Short
40354,1900-01-01 12:50:00,1900-01-01 13:45:00,29,0.9166666666666666,Short
40355,1900-01-01 12:40:00,1900-01-01 13:35:00,29,0.9166666666666666,Short
40356,1900-01-01 13:15:00,1900-01-01 14:10:00,29,0.9166666666666666,Short
40357,1900-01-01 12:50:00,1900-01-01 13:45:00,29,0.9166666666666666,Short
40358,1900-01-01 13:30:00,1900-01-01 14:25:00,29,0.9166666666666666,Short
40359,1900-01-01 13:00:00,1900-01-01 13:55:00,29,0.9166666666666666,Short
40360,1900-01-01 14:00:00,1900-01-01 14:55:00,29,0.9166666666666666,Short
40361,1900-01-01 14:00:00,1900-01-01 14:55:00,29,0.9166666666666666,Short
40362,1900-01-01 14:15:00,1900-01-01 15:10:00,29,0.9166666666666666,Short
40363,1900-01-01 14:30:00,1900-01-01 15:25:00,29,0.9166666666666666,Short
40364,1900-01-01 14:30:00,1900-01-01 15:25:00,29,0.9166666666666666,Short
40365,1900-01-01 15:00:00,1900-01-01 15:55:00,29,0.9166666666666666,Short
40366,1900-01-01 15:00:00,1900-01-01 15:55:00,29,0.9166666666666666,Short
40367,1900-01-01 15:15:00,1900-01-01 16:10:00,29,0.9166666666666666,Short
40368,1900-01-01 15:20:00,1900-01-01 16:15:00,29,0.9166666666666666,Short
40369,1900-01-01 15:30:00,1900-01-01 16:25:00,29,0.9166666666666666,Short
40370,1900-01-01 15:30:00,1900-01-01 16:25:00,29,0.9166666666666666,Short
40371,1900-01-01 15:50:00,1900-01-01 16:45:00,29,0.9166666666666666,Short
40372,1900-01-01 15:50:00,1900-01-01 16:45:00,29,0.9166666666666666,Short
40373,1900-01-01 16:00:00,1900-01-01 16:55:00,29,0.9166666666666666,Short
40374,1900-01-01 16:10:00,1900-01-01 17:05:00,29,0.9166666666666666,Short
40375,1900-01-01 16:20:00,1900-01-01 17:15:00,29,0.9166666666666666,Short
40376,1900-01-01 16:20:00,1900-01-01 17:15:00,29,0.9166666666666666,Short
40377,1900-01-01 16:30:00,1900-01-01 17:25:00,29,0.9166666666666666,Short
40378,1900-01-01 16:40:00,1900-01-01 17:35:00,29,0.9166666666666666,Short
40379,1900-01-01 16:40:00,1900-01-01 17:35:00,29,0.9166666666666666,Short
40380,1900-01-01 16:50:00,1900-01-01 17:45:00,29,0.9166666666666666,Short
40381,1900-01-01 17:00:00,1900-01-01 17:55:00,29,0.9166666666666666,Short
40382,1900-01-01 17:00:00,1900-01-01 17:55:00,29,0.9166666666666666,Short
40383,1900-01-01 17:10:00,1900-01-01 18:05:00,29,0.9166666666666666,Short
40384,1900-01-01 17:10:00,1900-01-01 18:05:00,29,0.9166666666666666,Short
40385,1900-01-01 17:30:00,1900-01-01 18:25:00,29,0.9166666666666666,Short
40386,1900-01-01 17:20:00,1900-01-01 18:15:00,29,0.9166666666666666,Short
40387,1900-01-01 17:50:00,1900-01-01 18:45:00,29,0.9166666666666666,Short
40388,1900-01-01 17:40:00,1900-01-01 18:35:00,29,0.9166666666666666,Short
40389,1900-01-01 18:20:00,1900-01-01 19:15:00,29,0.9166666666666666,Short
40390,1900-01-01 18:00:00,1900-01-01 18:55:00,29,0.9166666666666666,Short
40391,1900-01-01 18:40:00,1900-01-01 19:35:00,29,0.9166666666666666,Short
40392,1900-01-01 18:20:00,1900-01-01 19:15:00,29,0.9166666666666666,Short
40393,1900-01-01 19:00:00,1900-01-01 19:55:00,29,0.9166666666666666,Short
40394,1900-01-01 18:30:00,1900-01-01 19:25:00,29,0.9166666666666666,Short
40395,1900-01-01 19:20:00,1900-01-01 20:15:00,29,0.9166666666666666,Short
40396,1900-01-01 18:40:00,1900-01-01 19:35:00,29,0.9166666666666666,Short
40397,1900-01-01 19:30:00,1900-01-01 20:25:00,29,0.9166666666666666,Short
40398,1900-01-01 18:50:00,1900-01-01 19:45:00,29,0.9166666666666666,Short
40399,1900-01-01 19:50:00,1900-01-01 20:45:00,29,0.9166666666666666,Short
40400,1900-01-01 19:07:00,1900-01-01 20:02:00,29,0.9166666666666666,Short
40401,1900-01-01 20:00:00,1900-01-01 20:55:00,29,0.9166666666666666,Short
40402,1900-01-01 19:20:00,1900-01-01 20:15:00,29,0.9166666666666666,Short
40403,1900-01-01 20:15:00,1900-01-01 21:10:00,29,0.9166666666666666,Short
40404,1900-01-01 19:40:00,1900-01-01 20:35:00,29,0.9166666666666666,Short
40405,1900-01-01 20:30:00,1900-01-01 21:25:00,29,0.9166666666666666,Short
40406,1900-01-01 19:50:00,1900-01-01 20:45:00,29,0.9166666666666666,Short
40407,1900-01-01 20:40:00,1900-01-01 21:35:00,29,0.9166666666666666,Short
40408,1900-01-01 20:00:00,1900-01-01 20:55:00,29,0.9166666666666666,Short
40409,1900-01-01 21:00:00,1900-01-01 21:55:00,29,0.9166666666666666,Short
40410,1900-01-01 20:20:00,1900-01-01 21:15:00,29,0.9166666666666666,Short
40411,1900-01-01 21:15:00,1900-01-01 22:10:00,29,0.9166666666666666,Short
40412,1900-01-01 20:30:00,1900-01-01 21:25:00,29,0.9166666666666666,Short
40413,1900-01-01 22:00:00,1900-01-01 22:55:00,29,0.9166666666666666,Short
40414,1900-01-01 20:50:00,1900-01-01 21:45:00,29,0.9166666666666666,Short
40415,1900-01-01 22:15:00,1900-01-01 23:10:00,29,0.9166666666666666,Short
40416,1900-01-01 21:00:00,1900-01-01 21:55:00,29,0.9166666666666666,Short
40417,1900-01-01 22:30:00,1900-01-01 23:25:00,29,0.9166666666666666,Short
40418,1900-01-01 21:30:00,1900-01-01 22:25:00,29,0.9166666666666666,Short
40419,1900-01-01 23:20:00,1900-01-01 00:15:00,29,0.9166666666666679,Short
40420,1900-01-01 22:30:00,1900-01-01 23:25:00,29,0.9166666666666666,Short
40421,1900-01-01 23:59:00,1900-01-01 00:54:00,29,0.9166666666666679,Short
40422,1900-01-01 23:30:00,1900-01-01 00:25:00,29,0.9166666666666679,Short
40501,1900-01-01 03:55:00,1900-01-01 05:35:00,59,1.6666666666666667,Short
40502,1900-01-01 03:55:00,1900-01-01 05:50:00,59,1.9166666666666667,Short
40503,1900-01-01 04:40:00,1900-01-01 06:25:00,59,1.75,Short
40504,1900-01-01 04:35:00,1900-01-01 06:25:00,59,1.8333333333333333,Short
40505,1900-01-01 05:00:00,1900-01-01 06:45:00,59,1.75,Short
40506,1900-01-01 04:55:00,1900-01-01 06:40:00,59,1.75,Short
40507,1900-01-01 05:20:00,1900-01-01 07:05:00,59,1.75,Short
40508,1900-01-01 05:10:00,1900-01-01 07:05:00,59,1.9166666666666667,Short
40509,1900-01-01 05:55:00,1900-01-01 07:35:00,59,1.6666666666666667,Short
40510,1900-01-01 05:50:00,1900-01-01 07:40:00,59,1.8333333333333333,Short
40511,1900-01-01 06:10:00,1900-01-01 07:50:00,59,1.6666666666666667,Short
40512,1900-01-01 06:40:00,1900-01-01 08:27:00,59,1.7833333333333334,Short
40513,1900-01-01 06:30:00,1900-01-01 08:15:00,59,1.75,Short
40514,1900-01-01 07:00:00,1900-01-01 08:32:00,59,1.5333333333333334,Short
40515,1900-01-01 06:45:00,1900-01-01 08:25:00,59,1.6666666666666667,Short
40516,1900-01-01 07:25:00,1900-01-01 08:57:00,59,1.5333333333333334,Short
40517,1900-01-01 06:55:00,1900-01-01 08:35:00,59,1.6666666666666667,Short
40518,1900-01-01 07:50:00,1900-01-01 09:20:00,59,1.5,Short
40519,1900-01-01 07:38:00,1900-01-01 09:20:00,59,1.7,Short
40520,1900-01-01 08:05:00,1900-01-01 09:47:00,59,1.7,Short
40522,1900-01-01 08:25:00,1900-01-01 09:55:00,59,1.5,Short
40523,1900-01-01 08:56:00,1900-01-01 10:40:00,59,1.7333333333333334,Short
40524,1900-01-01 08:40:00,1900-01-01 10:20:00,59,1.6666666666666667,Short
40525,1900-01-01 09:38:00,1900-01-01 11:25:00,59,1.7833333333333334,Short
40526,1900-01-01 08:50:00,1900-01-01 10:20:00,59,1.5,Short
40527,1900-01-01 10:14:00,1900-01-01 12:00:00,59,1.7666666666666666,Short
40528,1900-01-01 09:40:00,1900-01-01 11:30:00,59,1.8333333333333333,Short
40529,1900-01-01 11:02:00,1900-01-01 12:45:00,59,1.7166666666666666,Short
40531,1900-01-01 11:55:00,1900-01-01 13:35:00,59,1.6666666666666667,Short
40532,1900-01-01 10:50:00,1900-01-01 12:38:00,59,1.8,Short
40533,1900-01-01 12:30:00,1900-01-01 14:10:00,59,1.6666666666666667,Short
40534,1900-01-01 11:50:00,1900-01-01 13:30:00,59,1.6666666666666667,Short
40535,1900-01-01 13:09:00,1900-01-01 15:00:00,59,1.85,Short
40536,1900-01-01 12:15:00,1900-01-01 13:55:00,59,1.6666666666666667,Short
40538,1900-01-01 13:00:00,1900-01-01 14:42:00,59,1.7,Short
40539,1900-01-01 13:47:00,1900-01-01 15:30:00,59,1.7166666666666666,Short
40540,1900-01-01 13:50:00,1900-01-01 15:30:00,59,1.6666666666666667,Short
40541,1900-01-01 14:13:00,1900-01-01 16:00:00,59,1.7833333333333334,Short
40542,1900-01-01 14:25:00,1900-01-01 16:10:00,59,1.75,Short
40543,1900-01-01 14:47:00,1900-01-01 16:30:00,59,1.7166666666666666,Short
40544,1900-01-01 15:15:00,1900-01-01 16:55:00,59,1.6666666666666667,Short
40545,1900-01-01 15:35:00,1900-01-01 17:20:00,59,1.75,Short
40547,1900-01-01 16:15:00,1900-01-01 17:55:00,59,1.6666666666666667,Short
40548,1900-01-01 15:40:00,1900-01-01 17:22:00,59,1.7,Short
40549,1900-01-01 16:32:00,1900-01-01 18:25:00,59,1.8833333333333333,Short
40550,1900-01-01 16:35:00,1900-01-01 18:20:00,59,1.75,Short
40551,1900-01-01 16:50:00,1900-01-01 18:45:00,59,1.9166666666666667,Short
40552,1900-01-01 17:00:00,1900-01-01 18:41:00,59,1.6833333333333333,Short
40553,1900-01-01 17:20:00,1900-01-01 19:10:00,59,1.8333333333333333,Short
40554,1900-01-01 17:30:00,1900-01-01 19:10:00,59,1.6666666666666667,Short
40555,1900-01-01 17:38:00,1900-01-01 19:25:00,59,1.7833333333333334,Short
40556,1900-01-01 18:05:00,1900-01-01 19:50:00,59,1.75,Short
40557,1900-01-01 18:07:00,1900-01-01 19:50:00,59,1.7166666666666666,Short
40558,1900-01-01 18:40:00,1900-01-01 20:30:00,59,1.8333333333333333,Short
40559,1900-01-01 18:33:00,1900-01-01 20:10:00,59,1.6166666666666667,Short
40560,1900-01-01 19:00:00,1900-01-01 20:46:00,59,1.7666666666666666,Short
40561,1900-01-01 18:40:00,1900-01-01 20:30:00,59,1.8333333333333333,Short
40562,1900-01-01 19:25:00,1900-01-01 21:05:00,59,1.6666666666666667,Short
40563,1900-01-01 19:32:00,1900-01-01 21:30:00,59,1.9666666666666666,Short
40564,1900-01-01 19:45:00,1900-01-01 21:37:00,59,1.8666666666666667,Short
40565,1900-01-01 19:56:00,1900-01-01 21:40:00,59,1.7333333333333334,Short
40566,1900-01-01 20:10:00,1900-01-01 21:50:00,59,1.6666666666666667,Short
40567,1900-01-01 20:52:00,1900-01-01 22:40:00,59,1.8,Short
40568,1900-01-01 20:50:00,1900-01-01 22:45:00,59,1.9166666666666667,Short
40569,1900-01-01 21:20:00,1900-01-01 23:00:00,59,1.6666666666666667,Short
40570,1900-01-01 21:10:00,1900-01-01 23:00:00,59,1.8333333333333333,Short
40571,1900-01-01 21:45:00,1900-01-01 23:25:00,59,1.6666666666666667,Short
40572,1900-01-01 22:15:00,1900-01-01 00:00:00,59,1.75,Short
40573,1900-01-01 22:45:00,1900-01-01 00:45:00,59,2.0,Short
40574,1900-01-01 23:10:00,1900-01-01 00:50:00,59,1.6666666666666679,Short
40601,1900-01-01 03:55:00,1900-01-01 05:35:00,59,1.6666666666666667,Short
40602,1900-01-01 03:55:00,1900-01-01 05:50:00,59,1.9166666666666667,Short
40603,1900-01-01 04:40:00,1900-01-01 06:25:00,59,1.75,Short
40604,1900-01-01 04:35:00,1900-01-01 06:25:00,59,1.8333333333333333,Short
40605,1900-01-01 05:00:00,1900-01-01 06:45:00,59,1.75,Short
40606,1900-01-01 04:55:00,1900-01-01 06:40:00,59,1.75,Short
40607,1900-01-01 05:20:00,1900-01-01 07:05:00,59,1.75,Short
40608,1900-01-01 05:10:00,1900-01-01 07:05:00,59,1.9166666666666667,Short
40609,1900-01-01 05:55:00,1900-01-01 07:35:00,59,1.6666666666666667,Short
40610,1900-01-01 05:50:00,1900-01-01 07:40:00,59,1.8333333333333333,Short
40612,1900-01-01 06:40:00,1900-01-01 08:40:00,59,2.0,Short
40613,1900-01-01 06:30:00,1900-01-01 08:15:00,59,1.75,Short
40614,1900-01-01 07:00:00,1900-01-01 08:55:00,59,1.9166666666666667,Short
40615,1900-01-01 06:45:00,1900-01-01 08:25:00,59,1.6666666666666667,Short
40616,1900-01-01 07:25:00,1900-01-01 09:20:00,59,1.9166666666666667,Short
40617,1900-01-01 07:38:00,1900-01-01 09:30:00,59,1.8666666666666667,Short
40618,1900-01-01 07:50:00,1900-01-01 09:30:00,59,1.6666666666666667,Short
40619,1900-01-01 09:00:00,1900-01-01 10:40:00,59,1.6666666666666667,Short
40621,1900-01-01 09:35:00,1900-01-01 11:25:00,59,1.8333333333333333,Short
40622,1900-01-01 08:25:00,1900-01-01 10:05:00,59,1.6666666666666667,Short
40623,1900-01-01 10:15:00,1900-01-01 12:00:00,59,1.75,Short
40624,1900-01-01 08:45:00,1900-01-01 10:25:00,59,1.6666666666666667,Short
40625,1900-01-01 11:00:00,1900-01-01 12:45:00,59,1.75,Short
40626,1900-01-01 09:40:00,1900-01-01 11:25:00,59,1.75,Short
40627,1900-01-01 12:00:00,1900-01-01 13:40:00,59,1.6666666666666667,Short
40628,1900-01-01 10:50:00,1900-01-01 12:35:00,59,1.75,Short
40629,1900-01-01 12:30:00,1900-01-01 14:10:00,59,1.6666666666666667,Short
40630,1900-01-01 11:50:00,1900-01-01 13:35:00,59,1.75,Short
40631,1900-01-01 13:15:00,1900-01-01 15:00:00,59,1.75,Short
40632,1900-01-01 12:15:00,1900-01-01 13:55:00,59,1.6666666666666667,Short
40633,1900-01-01 13:45:00,1900-01-01 15:30:00,59,1.75,Short
40634,1900-01-01 13:00:00,1900-01-01 14:40:00,59,1.6666666666666667,Short
40635,1900-01-01 14:15:00,1900-01-01 16:00:00,59,1.75,Short
40636,1900-01-01 13:50:00,1900-01-01 15:40:00,59,1.8333333333333333,Short
40637,1900-01-01 14:45:00,1900-01-01 16:30:00,59,1.75,Short
40638,1900-01-01 14:25:00,1900-01-01 16:05:00,59,1.6666666666666667,Short
40639,1900-01-01 15:40:00,1900-01-01 17:20:00,59,1.6666666666666667,Short
40640,1900-01-01 15:15:00,1900-01-01 16:55:00,59,1.6666666666666667,Short
40641,1900-01-01 16:10:00,1900-01-01 17:55:00,59,1.75,Short
40642,1900-01-01 15:40:00,1900-01-01 17:25:00,59,1.75,Short
40643,1900-01-01 16:50:00,1900-01-01 18:45:00,59,1.9166666666666667,Short
40644,1900-01-01 16:35:00,1900-01-01 18:25:00,59,1.8333333333333333,Short
40645,1900-01-01 17:20:00,1900-01-01 19:10:00,59,1.8333333333333333,Short
40646,1900-01-01 17:00:00,1900-01-01 18:45:00,59,1.75,Short
40647,1900-01-01 17:40:00,1900-01-01 19:25:00,59,1.75,Short
40648,1900-01-01 17:30:00,1900-01-01 19:05:00,59,1.5833333333333333,Short
40649,1900-01-01 18:10:00,1900-01-01 20:00:00,59,1.8333333333333333,Short
40650,1900-01-01 18:05:00,1900-01-01 19:55:00,59,1.8333333333333333,Short
40651,1900-01-01 18:30:00,1900-01-01 20:15:00,59,1.75,Short
40652,1900-01-01 18:40:00,1900-01-01 20:25:00,59,1.75,Short
40653,1900-01-01 18:50:00,1900-01-01 20:30:00,59,1.6666666666666667,Short
40654,1900-01-01 19:25:00,1900-01-01 21:05:00,59,1.6666666666666667,Short
40655,1900-01-01 19:40:00,1900-01-01 21:30:00,59,1.8333333333333333,Short
40656,1900-01-01 19:45:00,1900-01-01 21:35:00,59,1.8333333333333333,Short
40657,1900-01-01 20:10:00,1900-01-01 21:50:00,59,1.6666666666666667,Short
40658,1900-01-01 20:25:00,1900-01-01 22:10:00,59,1.75,Short
40659,1900-01-01 20:52:00,1900-01-01 22:40:00,59,1.8,Short
40660,1900-01-01 20:50:00,1900-01-01 22:45:00,59,1.9166666666666667,Short
40661,1900-01-01 21:30:00,1900-01-01 23:15:00,59,1.75,Short
40662,1900-01-01 21:15:00,1900-01-01 23:00:00,59,1.75,Short
40663,1900-01-01 21:45:00,1900-01-01 23:25:00,59,1.6666666666666667,Short
40664,1900-01-01 22:15:00,1900-01-01 23:55:00,59,1.6666666666666667,Short
40665,1900-01-01 22:50:00,1900-01-01 00:45:00,59,1.9166666666666679,Short
40666,1900-01-01 23:10:00,1900-01-01 00:50:00,59,1.6666666666666679,Short
40701,1900-01-01 07:05:00,1900-01-01 10:05:00,108,3.0,Short
40702,1900-01-01 05:15:00,1900-01-01 08:12:00,108,2.95,Short
40704,1900-01-01 07:05:00,1900-01-01 09:30:00,108,2.4166666666666665,Short
40705,1900-01-01 13:35:00,1900-01-01 16:35:00,108,3.0,Short
40706,1900-01-01 08:00:00,1900-01-01 10:28:00,108,2.466666666666667,Short
40707,1900-01-01 18:13:00,1900-01-01 20:40:00,108,2.45,Short
40708,1900-01-01 10:25:00,1900-01-01 13:17:00,108,2.8666666666666667,Short
40709,1900-01-01 19:09:00,1900-01-01 22:15:00,108,3.1,Short
40711,1900-01-01 20:20:00,1900-01-01 23:05:00,108,2.75,Short
40712,1900-01-01 17:10:00,1900-01-01 20:14:00,108,3.066666666666667,Short
40751,1900-01-01 07:05:00,1900-01-01 10:05:00,108,3.0,Short
40752,1900-01-01 05:15:00,1900-01-01 08:10:00,108,2.9166666666666665,Short
40754,1900-01-01 07:05:00,1900-01-01 09:55:00,108,2.8333333333333335,Short
40755,1900-01-01 13:30:00,1900-01-01 16:35:00,108,3.0833333333333335,Short
40756,1900-01-01 08:00:00,1900-01-01 10:35:00,108,2.5833333333333335,Short
40757,1900-01-01 18:00:00,1900-01-01 20:40:00,108,2.6666666666666665,Short
40758,1900-01-01 10:25:00,1900-01-01 13:15:00,108,2.8333333333333335,Short
40759,1900-01-01 19:10:00,1900-01-01 22:15:00,108,3.0833333333333335,Short
40761,1900-01-01 20:20:00,1900-01-01 23:05:00,108,2.75,Short
40762,1900-01-01 17:10:00,1900-01-01 20:08:00,108,2.966666666666667,Short
40801,1900-01-01 05:40:00,1900-01-01 08:15:00,95,2.5833333333333335,Short
40802,1900-01-01 09:10:00,1900-01-01 11:51:00,95,2.683333333333333,Short
40803,1900-01-01 15:25:00,1900-01-01 18:00:00,95,2.5833333333333335,Short
40804,1900-01-01 19:20:00,1900-01-01 22:05:00,95,2.75,Short
40901,1900-01-01 05:15:00,1900-01-01 06:45:00,48,1.5,Short
40902,1900-01-01 21:00:00,1900-01-01 22:00:00,48,1.0,Short
41001,1900-01-01 03:55:00,1900-01-01 04:40:00,14,0.75,Short
41003,1900-01-01 04:40:00,1900-01-01 05:25:00,14,0.75,Short
41006,1900-01-01 05:45:00,1900-01-01 06:30:00,14,0.75,Short
41008,1900-01-01 06:25:00,1900-01-01 07:10:00,14,0.75,Short
41009,1900-01-01 05:50:00,1900-01-01 06:35:00,14,0.75,Short
41012,1900-01-01 06:40:00,1900-01-01 07:25:00,14,0.75,Short
41013,1900-01-01 06:20:00,1900-01-01 07:05:00,14,0.75,Short
41014,1900-01-01 06:55:00,1900-01-01 07:40:00,14,0.75,Short
41015,1900-01-01 06:40:00,1900-01-01 07:25:00,14,0.75,Short
41016,1900-01-01 07:10:00,1900-01-01 07:55:00,14,0.75,Short
41017,1900-01-01 07:15:00,1900-01-01 08:00:00,14,0.75,Short
41020,1900-01-01 07:35:00,1900-01-01 08:20:00,14,0.75,Short
41021,1900-01-01 07:30:00,1900-01-01 08:15:00,14,0.75,Short
41022,1900-01-01 07:55:00,1900-01-01 08:40:00,14,0.75,Short
41023,1900-01-01 07:45:00,1900-01-01 08:30:00,14,0.75,Short
41024,1900-01-01 08:05:00,1900-01-01 08:50:00,14,0.75,Short
41028,1900-01-01 08:35:00,1900-01-01 09:20:00,14,0.75,Short
41029,1900-01-01 08:25:00,1900-01-01 09:10:00,14,0.75,Short
41033,1900-01-01 08:45:00,1900-01-01 09:30:00,14,0.75,Short
41035,1900-01-01 08:55:00,1900-01-01 09:40:00,14,0.75,Short
41036,1900-01-01 09:25:00,1900-01-01 10:10:00,14,0.75,Short
41038,1900-01-01 09:35:00,1900-01-01 10:20:00,14,0.75,Short
41040,1900-01-01 09:50:00,1900-01-01 10:35:00,14,0.75,Short
41042,1900-01-01 10:05:00,1900-01-01 10:50:00,14,0.75,Short
41043,1900-01-01 09:35:00,1900-01-01 10:20:00,14,0.75,Short
41046,1900-01-01 10:30:00,1900-01-01 11:15:00,14,0.75,Short
41048,1900-01-01 10:45:00,1900-01-01 11:30:00,14,0.75,Short
41050,1900-01-01 11:00:00,1900-01-01 11:45:00,14,0.75,Short
41051,1900-01-01 10:15:00,1900-01-01 11:00:00,14,0.75,Short
41055,1900-01-01 10:45:00,1900-01-01 11:30:00,14,0.75,Short
41056,1900-01-01 11:55:00,1900-01-01 12:40:00,14,0.75,Short
41057,1900-01-01 11:00:00,1900-01-01 11:45:00,14,0.75,Short
41060,1900-01-01 12:35:00,1900-01-01 13:20:00,14,0.75,Short
41061,1900-01-01 11:30:00,1900-01-01 12:15:00,14,0.75,Short
41063,1900-01-01 11:45:00,1900-01-01 12:30:00,14,0.75,Short
41064,1900-01-01 13:15:00,1900-01-01 14:00:00,14,0.75,Short
41065,1900-01-01 12:05:00,1900-01-01 12:50:00,14,0.75,Short
41069,1900-01-01 12:45:00,1900-01-01 13:30:00,14,0.75,Short
41070,1900-01-01 14:15:00,1900-01-01 15:00:00,14,0.75,Short
41073,1900-01-01 13:25:00,1900-01-01 14:10:00,14,0.75,Short
41076,1900-01-01 15:05:00,1900-01-01 15:50:00,14,0.75,Short
41077,1900-01-01 14:05:00,1900-01-01 14:50:00,14,0.75,Short
41078,1900-01-01 15:25:00,1900-01-01 16:10:00,14,0.75,Short
41079,1900-01-01 14:25:00,1900-01-01 15:10:00,14,0.75,Short
41080,1900-01-01 15:45:00,1900-01-01 16:30:00,14,0.75,Short
41081,1900-01-01 14:45:00,1900-01-01 15:30:00,14,0.75,Short
41082,1900-01-01 16:00:00,1900-01-01 16:45:00,14,0.75,Short
41084,1900-01-01 16:10:00,1900-01-01 16:55:00,14,0.75,Short
41085,1900-01-01 15:25:00,1900-01-01 16:10:00,14,0.75,Short
41086,1900-01-01 16:25:00,1900-01-01 17:10:00,14,0.75,Short
41089,1900-01-01 16:00:00,1900-01-01 16:45:00,14,0.75,Short
41091,1900-01-01 16:15:00,1900-01-01 17:00:00,14,0.75,Short
41092,1900-01-01 17:05:00,1900-01-01 17:50:00,14,0.75,Short
41093,1900-01-01 16:30:00,1900-01-01 17:20:00,14,0.8333333333333334,Short
41095,1900-01-01 16:45:00,1900-01-01 17:30:00,14,0.75,Short
41096,1900-01-01 17:25:00,1900-01-01 18:10:00,14,0.75,Short
41097,1900-01-01 17:00:00,1900-01-01 17:45:00,14,0.75,Short
41102,1900-01-01 17:55:00,1900-01-01 18:40:00,14,0.75,Short
41103,1900-01-01 17:40:00,1900-01-01 18:25:00,14,0.75,Short
41104,1900-01-01 18:05:00,1900-01-01 18:50:00,14,0.75,Short
41105,1900-01-01 17:50:00,1900-01-01 18:35:00,14,0.75,Short
41108,1900-01-01 18:30:00,1900-01-01 19:15:00,14,0.75,Short
41110,1900-01-01 18:45:00,1900-01-01 19:30:00,14,0.75,Short
41111,1900-01-01 18:25:00,1900-01-01 19:10:00,14,0.75,Short
41113,1900-01-01 18:35:00,1900-01-01 19:20:00,14,0.75,Short
41116,1900-01-01 19:20:00,1900-01-01 20:05:00,14,0.75,Short
41117,1900-01-01 18:55:00,1900-01-01 19:40:00,14,0.75,Short
41119,1900-01-01 19:10:00,1900-01-01 19:55:00,14,0.75,Short
41120,1900-01-01 19:50:00,1900-01-01 20:35:00,14,0.75,Short
41122,1900-01-01 20:10:00,1900-01-01 20:55:00,14,0.75,Short
41127,1900-01-01 20:20:00,1900-01-01 21:05:00,14,0.75,Short
41128,1900-01-01 21:10:00,1900-01-01 21:55:00,14,0.75,Short
41129,1900-01-01 20:40:00,1900-01-01 21:25:00,14,0.75,Short
41130,1900-01-01 21:30:00,1900-01-01 22:15:00,14,0.75,Short
41131,1900-01-01 21:00:00,1900-01-01 21:45:00,14,0.75,Short
41132,1900-01-01 21:50:00,1900-01-01 22:35:00,14,0.75,Short
41134,1900-01-01 22:10:00,1900-01-01 22:55:00,14,0.75,Short
41135,1900-01-01 21:40:00,1900-01-01 22:25:00,14,0.75,Short
41138,1900-01-01 22:50:00,1900-01-01 23:35:00,14,0.75,Short
41140,1900-01-01 23:10:00,1900-01-01 23:55:00,14,0.75,Short
41501,1900-01-01 06:00:00,1900-01-01 06:45:00,14,0.75,Short
41502,1900-01-01 06:50:00,1900-01-01 07:35:00,14,0.75,Short
41503,1900-01-01 06:20:00,1900-01-01 07:05:00,14,0.75,Short
41504,1900-01-01 07:10:00,1900-01-01 07:55:00,14,0.75,Short
41505,1900-01-01 06:40:00,1900-01-01 07:25:00,14,0.75,Short
41506,1900-01-01 07:30:00,1900-01-01 08:15:00,14,0.75,Short
41507,1900-01-01 07:00:00,1900-01-01 07:45:00,14,0.75,Short
41508,1900-01-01 07:50:00,1900-01-01 08:35:00,14,0.75,Short
41509,1900-01-01 07:20:00,1900-01-01 08:05:00,14,0.75,Short
41510,1900-01-01 08:10:00,1900-01-01 08:55:00,14,0.75,Short
41511,1900-01-01 07:40:00,1900-01-01 08:25:00,14,0.75,Short
41512,1900-01-01 08:30:00,1900-01-01 09:15:00,14,0.75,Short
41513,1900-01-01 08:00:00,1900-01-01 08:45:00,14,0.75,Short
41514,1900-01-01 08:50:00,1900-01-01 09:35:00,14,0.75,Short
41515,1900-01-01 08:20:00,1900-01-01 09:05:00,14,0.75,Short
41516,1900-01-01 09:10:00,1900-01-01 09:55:00,14,0.75,Short
41517,1900-01-01 08:40:00,1900-01-01 09:25:00,14,0.75,Short
41518,1900-01-01 09:30:00,1900-01-01 10:15:00,14,0.75,Short
41519,1900-01-01 09:00:00,1900-01-01 09:45:00,14,0.75,Short
41520,1900-01-01 09:50:00,1900-01-01 10:35:00,14,0.75,Short
41521,1900-01-01 09:20:00,1900-01-01 10:05:00,14,0.75,Short
41522,1900-01-01 10:10:00,1900-01-01 10:55:00,14,0.75,Short
41523,1900-01-01 09:40:00,1900-01-01 10:25:00,14,0.75,Short
41524,1900-01-01 10:30:00,1900-01-01 11:15:00,14,0.75,Short
41525,1900-01-01 09:50:00,1900-01-01 10:35:00,14,0.75,Short
41526,1900-01-01 10:40:00,1900-01-01 11:25:00,14,0.75,Short
41527,1900-01-01 10:00:00,1900-01-01 10:45:00,14,0.75,Short
41528,1900-01-01 10:50:00,1900-01-01 11:35:00,14,0.75,Short
41529,1900-01-01 10:20:00,1900-01-01 11:05:00,14,0.75,Short
41530,1900-01-01 11:10:00,1900-01-01 11:55:00,14,0.75,Short
41531,1900-01-01 10:40:00,1900-01-01 11:25:00,14,0.75,Short
41532,1900-01-01 11:30:00,1900-01-01 12:15:00,14,0.75,Short
41533,1900-01-01 11:00:00,1900-01-01 11:45:00,14,0.75,Short
41534,1900-01-01 11:50:00,1900-01-01 12:35:00,14,0.75,Short
41535,1900-01-01 11:20:00,1900-01-01 12:05:00,14,0.75,Short
41536,1900-01-01 12:10:00,1900-01-01 12:55:00,14,0.75,Short
41537,1900-01-01 11:40:00,1900-01-01 12:25:00,14,0.75,Short
41538,1900-01-01 12:30:00,1900-01-01 13:15:00,14,0.75,Short
41539,1900-01-01 12:00:00,1900-01-01 12:45:00,14,0.75,Short
41540,1900-01-01 12:50:00,1900-01-01 13:35:00,14,0.75,Short
41541,1900-01-01 12:20:00,1900-01-01 13:05:00,14,0.75,Short
41542,1900-01-01 13:10:00,1900-01-01 13:55:00,14,0.75,Short
41543,1900-01-01 12:40:00,1900-01-01 13:25:00,14,0.75,Short
41544,1900-01-01 13:30:00,1900-01-01 14:15:00,14,0.75,Short
41545,1900-01-01 13:00:00,1900-01-01 13:45:00,14,0.75,Short
41546,1900-01-01 13:50:00,1900-01-01 14:35:00,14,0.75,Short
41547,1900-01-01 13:20:00,1900-01-01 14:05:00,14,0.75,Short
41548,1900-01-01 14:10:00,1900-01-01 14:55:00,14,0.75,Short
41549,1900-01-01 13:40:00,1900-01-01 14:25:00,14,0.75,Short
41550,1900-01-01 14:30:00,1900-01-01 15:15:00,14,0.75,Short
41551,1900-01-01 14:00:00,1900-01-01 14:45:00,14,0.75,Short
41552,1900-01-01 14:50:00,1900-01-01 15:35:00,14,0.75,Short
41553,1900-01-01 14:20:00,1900-01-01 15:05:00,14,0.75,Short
41554,1900-01-01 15:10:00,1900-01-01 15:55:00,14,0.75,Short
41555,1900-01-01 14:40:00,1900-01-01 15:25:00,14,0.75,Short
41556,1900-01-01 15:30:00,1900-01-01 16:15:00,14,0.75,Short
41557,1900-01-01 15:00:00,1900-01-01 15:45:00,14,0.75,Short
41558,1900-01-01 15:50:00,1900-01-01 16:35:00,14,0.75,Short
41559,1900-01-01 15:20:00,1900-01-01 16:05:00,14,0.75,Short
41560,1900-01-01 16:10:00,1900-01-01 16:55:00,14,0.75,Short
41561,1900-01-01 15:40:00,1900-01-01 16:25:00,14,0.75,Short
41562,1900-01-01 16:30:00,1900-01-01 17:15:00,14,0.75,Short
41563,1900-01-01 16:00:00,1900-01-01 16:45:00,14,0.75,Short
41564,1900-01-01 16:50:00,1900-01-01 17:35:00,14,0.75,Short
41565,1900-01-01 16:20:00,1900-01-01 17:05:00,14,0.75,Short
41566,1900-01-01 17:10:00,1900-01-01 17:55:00,14,0.75,Short
41567,1900-01-01 16:40:00,1900-01-01 17:25:00,14,0.75,Short
41568,1900-01-01 17:30:00,1900-01-01 18:15:00,14,0.75,Short
41569,1900-01-01 17:00:00,1900-01-01 17:45:00,14,0.75,Short
41570,1900-01-01 17:50:00,1900-01-01 18:35:00,14,0.75,Short
41571,1900-01-01 17:20:00,1900-01-01 18:05:00,14,0.75,Short
41572,1900-01-01 18:10:00,1900-01-01 18:55:00,14,0.75,Short
41573,1900-01-01 17:40:00,1900-01-01 18:25:00,14,0.75,Short
41574,1900-01-01 18:30:00,1900-01-01 19:15:00,14,0.75,Short
41575,1900-01-01 18:00:00,1900-01-01 18:45:00,14,0.75,Short
41576,1900-01-01 18:50:00,1900-01-01 19:35:00,14,0.75,Short
41577,1900-01-01 18:20:00,1900-01-01 19:05:00,14,0.75,Short
41578,1900-01-01 19:10:00,1900-01-01 19:55:00,14,0.75,Short
41579,1900-01-01 18:40:00,1900-01-01 19:25:00,14,0.75,Short
41580,1900-01-01 19:30:00,1900-01-01 20:15:00,14,0.75,Short
41581,1900-01-01 19:00:00,1900-01-01 19:45:00,14,0.75,Short
41582,1900-01-01 19:50:00,1900-01-01 20:35:00,14,0.75,Short
41583,1900-01-01 19:20:00,1900-01-01 20:05:00,14,0.75,Short
41584,1900-01-01 20:10:00,1900-01-01 20:55:00,14,0.75,Short
41585,1900-01-01 19:40:00,1900-01-01 20:25:00,14,0.75,Short
41586,1900-01-01 20:30:00,1900-01-01 21:15:00,14,0.75,Short
41587,1900-01-01 20:00:00,1900-01-01 20:45:00,14,0.75,Short
41588,1900-01-01 20:50:00,1900-01-01 21:35:00,14,0.75,Short
41589,1900-01-01 20:30:00,1900-01-01 21:15:00,14,0.75,Short
41590,1900-01-01 21:20:00,1900-01-01 22:05:00,14,0.75,Short
41593,1900-01-01 21:00:00,1900-01-01 21:45:00,14,0.75,Short
41594,1900-01-01 21:50:00,1900-01-01 22:35:00,14,0.75,Short
41597,1900-01-01 21:30:00,1900-01-01 22:15:00,14,0.75,Short
41598,1900-01-01 22:20:00,1900-01-01 23:05:00,14,0.75,Short
41599,1900-01-01 22:00:00,1900-01-01 22:45:00,14,0.75,Short
41600,1900-01-01 22:50:00,1900-01-01 23:35:00,14,0.75,Short
42001,1900-01-01 00:15:00,1900-01-01 01:35:00,47,1.3333333333333333,Short
42002,1900-01-01 00:00:00,1900-01-01 00:00:00,47,0.0,Short
42003,1900-01-01 05:55:00,1900-01-01 07:40:00,47,1.75,Short
42004,1900-01-01 00:00:00,1900-01-01 00:00:00,47,0.0,Short
42005,1900-01-01 00:00:00,1900-01-01 00:00:00,47,0.0,Short
42006,1900-01-01 04:55:00,1900-01-01 06:35:00,47,1.6666666666666667,Short
42007,1900-01-01 07:00:00,1900-01-01 08:20:00,47,1.3333333333333333,Short
42008,1900-01-01 00:00:00,1900-01-01 00:00:00,47,0.0,Short
42009,1900-01-01 08:15:00,1900-01-01 09:35:00,47,1.3333333333333333,Short
42010,1900-01-01 00:00:00,1900-01-01 00:00:00,47,0.0,Short
42011,1900-01-01 00:00:00,1900-01-01 00:00:00,47,0.0,Short
42012,1900-01-01 06:55:00,1900-01-01 08:35:00,47,1.6666666666666667,Short
42013,1900-01-01 09:30:00,1900-01-01 11:10:00,47,1.6666666666666667,Short
42014,1900-01-01 00:00:00,1900-01-01 00:00:00,47,0.0,Short
42015,1900-01-01 10:25:00,1900-01-01 11:50:00,47,1.4166666666666667,Short
42016,1900-01-01 00:00:00,1900-01-01 00:00:00,47,0.0,Short
42017,1900-01-01 11:35:00,1900-01-01 13:10:00,47,1.5833333333333333,Short
42018,1900-01-01 00:00:00,1900-01-01 00:00:00,47,0.0,Short
42019,1900-01-01 00:00:00,1900-01-01 00:00:00,47,0.0,Short
42020,1900-01-01 00:00:00,1900-01-01 00:00:00,47,0.0,Short
42021,1900-01-01 00:00:00,1900-01-01 00:00:00,47,0.0,Short
42022,1900-01-01 00:00:00,1900-01-01 00:00:00,47,0.0,Short
42023,1900-01-01 00:00:00,1900-01-01 00:00:00,47,0.0,Short
42024,1900-01-01 00:00:00,1900-01-01 00:00:00,47,0.0,Short
42025,1900-01-01 00:00:00,1900-01-01 00:00:00,47,0.0,Short
42026,1900-01-01 00:00:00,1900-01-01 00:00:00,47,0.0,Short
42027,1900-01-01 00:00:00,1900-01-01 00:00:00,47,0.0,Short
42028,1900-01-01 00:00:00,1900-01-01 00:00:00,47,0.0,Short
42029,1900-01-01 17:05:00,1900-01-01 18:30:00,47,1.4166666666666667,Short
42030,1900-01-01 15:15:00,1900-01-01 16:45:00,47,1.5,Short
42031,1900-01-01 00:00:00,1900-01-01 00:00:00,47,0.0,Short
42032,1900-01-01 00:00:00,1900-01-01 00:00:00,47,0.0,Short
42033,1900-01-01 00:00:00,1900-01-01 00:00:00,47,0.0,Short
42034,1900-01-01 00:00:00,1900-01-01 00:00:00,47,0.0,Short
42035,1900-01-01 19:35:00,1900-01-01 21:00:00,47,1.4166666666666667,Short
42036,1900-01-01 00:00:00,1900-01-01 00:00:00,47,0.0,Short
42037,1900-01-01 20:15:00,1900-01-01 21:40:00,47,1.4166666666666667,Short
42038,1900-01-01 18:10:00,1900-01-01 19:35:00,47,1.4166666666666667,Short
42039,1900-01-01 21:15:00,1900-01-01 22:40:00,47,1.4166666666666667,Short
42040,1900-01-01 00:00:00,1900-01-01 00:00:00,47,0.0,Short
42041,1900-01-01 00:00:00,1900-01-01 00:00:00,47,0.0,Short
42042,1900-01-01 00:00:00,1900-01-01 00:00:00,47,0.0,Short
42043,1900-01-01 00:00:00,1900-01-01 00:00:00,47,0.0,Short
42044,1900-01-01 00:00:00,1900-01-01 00:00:00,47,0.0,Short
42045,1900-01-01 00:00:00,1900-01-01 00:00:00,47,0.0,Short
42046,1900-01-01 21:50:00,1900-01-01 23:25:00,47,1.5833333333333333,Short
42301,1900-01-01 00:00:00,1900-01-01 00:00:00,34,0.0,Short
42302,1900-01-01 00:00:00,1900-01-01 00:00:00,34,0.0,Short
42401,1900-01-01 04:20:00,1900-01-01 06:25:00,82,2.0833333333333335,Short
42402,1900-01-01 00:00:00,1900-01-01 00:00:00,82,0.0,Short
42403,1900-01-01 05:00:00,1900-01-01 07:10:00,82,2.1666666666666665,Short
42404,1900-01-01 00:00:00,1900-01-01 00:00:00,82,0.0,Short
42406,1900-01-01 00:00:00,1900-01-01 00:00:00,82,0.0,Short
42407,1900-01-01 00:00:00,1900-01-01 00:00:00,82,0.0,Short
42408,1900-01-01 11:15:00,1900-01-01 13:20:00,82,2.0833333333333335,Short
42409,1900-01-01 00:00:00,1900-01-01 00:00:00,82,0.0,Short
42411,1900-01-01 00:00:00,1900-01-01 00:00:00,82,0.0,Short
42412,1900-01-01 13:15:00,1900-01-01 15:30:00,82,2.25,Short
42413,1900-01-01 00:00:00,1900-01-01 00:00:00,82,0.0,Short
42414,1900-01-01 00:00:00,1900-01-01 00:00:00,82,0.0,Short
42416,1900-01-01 00:00:00,1900-01-01 00:00:00,82,0.0,Short
42417,1900-01-01 00:00:00,1900-01-01 00:00:00,82,0.0,Short
42419,1900-01-01 00:00:00,1900-01-01 00:00:00,82,0.0,Short
42420,1900-01-01 00:00:00,1900-01-01 00:00:00,82,0.0,Short
42421,1900-01-01 00:00:00,1900-01-01 00:00:00,82,0.0,Short
42422,1900-01-01 00:00:00,1900-01-01 00:00:00,82,0.0,Short
42423,1900-01-01 00:00:00,1900-01-01 00:00:00,82,0.0,Short
42451,1900-01-01 00:00:00,1900-01-01 00:00:00,35,0.0,Short
42452,1900-01-01 00:00:00,1900-01-01 00:00:00,35,0.0,Short
42601,1900-01-01 09:40:00,1900-01-01 11:15:00,47,1.5833333333333333,Short
42602,1900-01-01 08:55:00,1900-01-01 10:20:00,47,1.4166666666666667,Short
42603,1900-01-01 15:45:00,1900-01-01 17:20:00,47,1.5833333333333333,Short
42604,1900-01-01 16:30:00,1900-01-01 18:00:00,47,1.5,Short
42605,1900-01-01 18:35:00,1900-01-01 20:10:00,47,1.5833333333333333,Short
42606,1900-01-01 20:20:00,1900-01-01 21:45:00,47,1.4166666666666667,Short
42607,1900-01-01 20:00:00,1900-01-01 21:30:00,47,1.5,Short
42608,1900-01-01 21:40:00,1900-01-01 23:15:00,47,1.5833333333333333,Short
42651,1900-01-01 08:50:00,1900-01-01 11:15:00,62,2.4166666666666665,Short
42652,1900-01-01 08:50:00,1900-01-01 11:15:00,62,2.4166666666666665,Short
42653,1900-01-01 14:55:00,1900-01-01 17:20:00,62,2.4166666666666665,Short
42654,1900-01-01 16:30:00,1900-01-01 18:45:00,62,2.25,Short
42655,1900-01-01 17:45:00,1900-01-01 20:05:00,62,2.3333333333333335,Short
42656,1900-01-01 20:20:00,1900-01-01 22:45:00,62,2.4166666666666665,Short
42657,1900-01-01 19:10:00,1900-01-01 21:30:00,62,2.3333333333333335,Short
42701,1900-01-01 05:35:00,1900-01-01 06:45:00,35,1.1666666666666667,Short
42702,1900-01-01 07:00:00,1900-01-01 08:05:00,34,1.0833333333333333,Short
42751,1900-01-01 04:45:00,1900-01-01 06:40:00,50,1.9166666666666667,Short
42752,1900-01-01 07:00:00,1900-01-01 08:55:00,49,1.9166666666666667,Short
42801,1900-01-01 14:40:00,1900-01-01 17:00:00,82,2.3333333333333335,Short
42802,1900-01-01 07:25:00,1900-01-01 09:45:00,82,2.3333333333333335,Short
42804,1900-01-01 17:20:00,1900-01-01 19:30:00,82,2.1666666666666665,Short
42851,1900-01-01 13:55:00,1900-01-01 17:05:00,97,3.1666666666666665,Short
42852,1900-01-01 07:25:00,1900-01-01 10:35:00,97,3.1666666666666665,Short
42854,1900-01-01 17:15:00,1900-01-01 20:25:00,97,3.1666666666666665,Short
42901,1900-01-01 00:00:00,1900-01-01 00:00:00,16,0.0,Short
43001,1900-01-01 00:00:00,1900-01-01 00:00:00,20,0.0,Short
43002,1900-01-01 00:00:00,1900-01-01 00:00:00,21,0.0,Short
43003,1900-01-01 00:00:00,1900-01-01 00:00:00,20,0.0,Short
43005,1900-01-01 00:00:00,1900-01-01 00:00:00,20,0.0,Short
43006,1900-01-01 00:00:00,1900-01-01 00:00:00,21,0.0,Short
43007,1900-01-01 00:00:00,1900-01-01 00:00:00,20,0.0,Short
43008,1900-01-01 00:00:00,1900-01-01 00:00:00,21,0.0,Short
43009,1900-01-01 09:25:00,1900-01-01 10:10:00,20,0.75,Short
43011,1900-01-01 00:00:00,1900-01-01 00:00:00,20,0.0,Short
43013,1900-01-01 00:00:00,1900-01-01 00:00:00,20,0.0,Short
43014,1900-01-01 00:00:00,1900-01-01 00:00:00,21,0.0,Short
43015,1900-01-01 00:00:00,1900-01-01 00:00:00,20,0.0,Short
43016,1900-01-01 00:00:00,1900-01-01 00:00:00,21,0.0,Short
43017,1900-01-01 00:00:00,1900-01-01 00:00:00,20,0.0,Short
43018,1900-01-01 00:00:00,1900-01-01 00:00:00,21,0.0,Short
43019,1900-01-01 16:00:00,1900-01-01 16:40:00,20,0.6666666666666666,Short
43020,1900-01-01 16:30:00,1900-01-01 17:20:00,21,0.8333333333333334,Short
43021,1900-01-01 00:00:00,1900-01-01 00:00:00,20,0.0,Short
43022,1900-01-01 00:00:00,1900-01-01 00:00:00,21,0.0,Short
43023,1900-01-01 00:00:00,1900-01-01 00:00:00,20,0.0,Short
43025,1900-01-01 22:00:00,1900-01-01 22:50:00,20,0.8333333333333334,Short
43029,1900-01-01 23:25:00,1900-01-01 00:15:00,20,0.8333333333333321,Short
43101,1900-01-01 04:15:00,1900-01-01 05:20:00,30,1.0833333333333333,Short
43102,1900-01-01 00:00:00,1900-01-01 00:00:00,31,0.0,Short
43103,1900-01-01 05:00:00,1900-01-01 06:20:00,30,1.3333333333333333,Short
43104,1900-01-01 00:00:00,1900-01-01 00:00:00,31,0.0,Short
43105,1900-01-01 00:00:00,1900-01-01 00:00:00,30,0.0,Short
43106,1900-01-01 00:00:00,1900-01-01 00:00:00,31,0.0,Short
43107,1900-01-01 00:00:00,1900-01-01 00:00:00,30,0.0,Short
43108,1900-01-01 00:00:00,1900-01-01 00:00:00,31,0.0,Short
43109,1900-01-01 11:15:00,1900-01-01 12:25:00,30,1.1666666666666667,Short
43110,1900-01-01 00:00:00,1900-01-01 00:00:00,31,0.0,Short
43111,1900-01-01 00:00:00,1900-01-01 00:00:00,30,0.0,Short
43112,1900-01-01 00:00:00,1900-01-01 00:00:00,31,0.0,Short
43113,1900-01-01 00:00:00,1900-01-01 00:00:00,30,0.0,Short
43114,1900-01-01 00:00:00,1900-01-01 00:00:00,31,0.0,Short
43115,1900-01-01 00:00:00,1900-01-01 00:00:00,30,0.0,Short
43116,1900-01-01 13:40:00,1900-01-01 14:50:00,31,1.1666666666666667,Short
43117,1900-01-01 00:00:00,1900-01-01 00:00:00,30,0.0,Short
43118,1900-01-01 00:00:00,1900-01-01 00:00:00,31,0.0,Short
43119,1900-01-01 00:00:00,1900-01-01 00:00:00,30,0.0,Short
43120,1900-01-01 00:00:00,1900-01-01 00:00:00,31,0.0,Short
43121,1900-01-01 00:00:00,1900-01-01 00:00:00,30,0.0,Short
43122,1900-01-01 00:00:00,1900-01-01 00:00:00,31,0.0,Short
43123,1900-01-01 00:00:00,1900-01-01 00:00:00,25,0.0,Short
43124,1900-01-01 00:00:00,1900-01-01 00:00:00,31,0.0,Short
43125,1900-01-01 00:00:00,1900-01-01 00:00:00,25,0.0,Short
43126,1900-01-01 00:00:00,1900-01-01 00:00:00,31,0.0,Short
43127,1900-01-01 00:00:00,1900-01-01 00:00:00,25,0.0,Short
43128,1900-01-01 00:00:00,1900-01-01 00:00:00,31,0.0,Short
43130,1900-01-01 00:00:00,1900-01-01 00:00:00,31,0.0,Short
43132,1900-01-01 00:00:00,1900-01-01 00:00:00,31,0.0,Short
43201,1900-01-01 04:30:00,1900-01-01 05:50:00,46,1.3333333333333333,Short
43202,1900-01-01 00:00:00,1900-01-01 00:00:00,46,0.0,Short
43203,1900-01-01 00:00:00,1900-01-01 00:00:00,46,0.0,Short
43204,1900-01-01 00:00:00,1900-01-01 00:00:00,46,0.0,Short
43205,1900-01-01 00:00:00,1900-01-01 00:00:00,46,0.0,Short
43206,1900-01-01 00:00:00,1900-01-01 00:00:00,46,0.0,Short
43207,1900-01-01 00:00:00,1900-01-01 00:00:00,46,0.0,Short
43208,1900-01-01 00:00:00,1900-01-01 00:00:00,46,0.0,Short
43209,1900-01-01 00:00:00,1900-01-01 00:00:00,46,0.0,Short
43210,1900-01-01 07:15:00,1900-01-01 08:30:00,46,1.25,Short
43211,1900-01-01 00:00:00,1900-01-01 00:00:00,46,0.0,Short
43212,1900-01-01 07:45:00,1900-01-01 09:05:00,46,1.3333333333333333,Short
43213,1900-01-01 00:00:00,1900-01-01 00:00:00,46,0.0,Short
43214,1900-01-01 00:00:00,1900-01-01 00:00:00,46,0.0,Short
43215,1900-01-01 00:00:00,1900-01-01 00:00:00,46,0.0,Short
43216,1900-01-01 00:00:00,1900-01-01 00:00:00,41,0.0,Short
43217,1900-01-01 09:30:00,1900-01-01 10:50:00,46,1.3333333333333333,Short
43218,1900-01-01 00:00:00,1900-01-01 00:00:00,46,0.0,Short
43219,1900-01-01 09:45:00,1900-01-01 11:05:00,46,1.3333333333333333,Short
43220,1900-01-01 09:10:00,1900-01-01 10:30:00,46,1.3333333333333333,Short
43221,1900-01-01 00:00:00,1900-01-01 00:00:00,46,0.0,Short
43222,1900-01-01 09:25:00,1900-01-01 10:20:00,41,0.9166666666666666,Short
43223,1900-01-01 00:00:00,1900-01-01 00:00:00,46,0.0,Short
43224,1900-01-01 10:05:00,1900-01-01 11:25:00,46,1.3333333333333333,Short
43225,1900-01-01 13:20:00,1900-01-01 14:40:00,46,1.3333333333333333,Short
43226,1900-01-01 10:50:00,1900-01-01 12:10:00,46,1.3333333333333333,Short
43227,1900-01-01 14:00:00,1900-01-01 15:20:00,41,1.3333333333333333,Short
43228,1900-01-01 11:25:00,1900-01-01 12:45:00,46,1.3333333333333333,Short
43229,1900-01-01 14:40:00,1900-01-01 16:00:00,46,1.3333333333333333,Short
43230,1900-01-01 00:00:00,1900-01-01 00:00:00,46,0.0,Short
43231,1900-01-01 00:00:00,1900-01-01 00:00:00,46,0.0,Short
43232,1900-01-01 00:00:00,1900-01-01 00:00:00,46,0.0,Short
43233,1900-01-01 00:00:00,1900-01-01 00:00:00,46,0.0,Short
43234,1900-01-01 14:40:00,1900-01-01 16:00:00,46,1.3333333333333333,Short
43235,1900-01-01 00:00:00,1900-01-01 00:00:00,46,0.0,Short
43236,1900-01-01 00:00:00,1900-01-01 00:00:00,46,0.0,Short
43237,1900-01-01 16:55:00,1900-01-01 18:10:00,46,1.25,Short
43238,1900-01-01 00:00:00,1900-01-01 00:00:00,46,0.0,Short
43239,1900-01-01 00:00:00,1900-01-01 00:00:00,46,0.0,Short
43240,1900-01-01 16:00:00,1900-01-01 17:15:00,46,1.25,Short
43241,1900-01-01 00:00:00,1900-01-01 00:00:00,46,0.0,Short
43242,1900-01-01 00:00:00,1900-01-01 00:00:00,46,0.0,Short
43243,1900-01-01 00:00:00,1900-01-01 00:00:00,46,0.0,Short
43244,1900-01-01 00:00:00,1900-01-01 00:00:00,46,0.0,Short
43245,1900-01-01 00:00:00,1900-01-01 00:00:00,46,0.0,Short
43246,1900-01-01 17:20:00,1900-01-01 18:40:00,46,1.3333333333333333,Short
43247,1900-01-01 20:00:00,1900-01-01 21:20:00,41,1.3333333333333333,Short
43248,1900-01-01 00:00:00,1900-01-01 00:00:00,46,0.0,Short
43250,1900-01-01 18:55:00,1900-01-01 20:15:00,46,1.3333333333333333,Short
43251,1900-01-01 20:55:00,1900-01-01 22:15:00,41,1.3333333333333333,Short
43252,1900-01-01 00:00:00,1900-01-01 00:00:00,46,0.0,Short
43253,1900-01-01 21:40:00,1900-01-01 23:00:00,41,1.3333333333333333,Short
43254,1900-01-01 00:00:00,1900-01-01 00:00:00,46,0.0,Short
43255,1900-01-01 23:10:00,1900-01-01 00:30:00,41,1.3333333333333321,Short
43256,1900-01-01 20:30:00,1900-01-01 21:50:00,46,1.3333333333333333,Short
43257,1900-01-01 23:45:00,1900-01-01 01:05:00,41,1.3333333333333321,Short
43258,1900-01-01 00:00:00,1900-01-01 00:00:00,46,0.0,Short
43260,1900-01-01 21:55:00,1900-01-01 23:15:00,46,1.3333333333333333,Short
43401,1900-01-01 05:30:00,1900-01-01 06:55:00,68,1.4166666666666667,Short
43402,1900-01-01 00:00:00,1900-01-01 00:00:00,73,0.0,Short
43403,1900-01-01 00:00:00,1900-01-01 00:00:00,73,0.0,Short
43404,1900-01-01 00:00:00,1900-01-01 00:00:00,73,0.0,Short
43405,1900-01-01 00:00:00,1900-01-01 00:00:00,73,0.0,Short
43406,1900-01-01 05:05:00,1900-01-01 06:55:00,73,1.8333333333333333,Short
43407,1900-01-01 00:00:00,1900-01-01 00:00:00,73,0.0,Short
43408,1900-01-01 00:00:00,1900-01-01 00:00:00,68,0.0,Short
43409,1900-01-01 00:00:00,1900-01-01 00:00:00,73,0.0,Short
43410,1900-01-01 07:10:00,1900-01-01 09:00:00,68,1.8333333333333333,Short
43411,1900-01-01 00:00:00,1900-01-01 00:00:00,73,0.0,Short
43412,1900-01-01 00:00:00,1900-01-01 00:00:00,73,0.0,Short
43413,1900-01-01 00:00:00,1900-01-01 00:00:00,73,0.0,Short
43414,1900-01-01 08:55:00,1900-01-01 10:55:00,73,2.0,Short
43415,1900-01-01 13:40:00,1900-01-01 15:45:00,73,2.0833333333333335,Short
43418,1900-01-01 12:00:00,1900-01-01 13:50:00,73,1.8333333333333333,Short
43419,1900-01-01 16:00:00,1900-01-01 18:00:00,73,2.0,Short
43420,1900-01-01 13:50:00,1900-01-01 15:50:00,73,2.0,Short
43421,1900-01-01 16:45:00,1900-01-01 18:45:00,73,2.0,Short
43422,1900-01-01 00:00:00,1900-01-01 00:00:00,73,0.0,Short
43423,1900-01-01 17:15:00,1900-01-01 19:10:00,68,1.9166666666666667,Short
43424,1900-01-01 16:50:00,1900-01-01 18:50:00,68,2.0,Short
43425,1900-01-01 00:00:00,1900-01-01 00:00:00,73,0.0,Short
43426,1900-01-01 18:10:00,1900-01-01 20:10:00,68,2.0,Short
43427,1900-01-01 18:05:00,1900-01-01 20:05:00,73,2.0,Short
43428,1900-01-01 00:00:00,1900-01-01 00:00:00,73,0.0,Short
43429,1900-01-01 18:40:00,1900-01-01 20:45:00,68,2.0833333333333335,Short
43430,1900-01-01 00:00:00,1900-01-01 00:00:00,73,0.0,Short
43431,1900-01-01 19:30:00,1900-01-01 21:00:00,68,1.5,Short
43433,1900-01-01 19:45:00,1900-01-01 21:50:00,68,2.0833333333333335,Short
43434,1900-01-01 00:00:00,1900-01-01 00:00:00,73,0.0,Short
43435,1900-01-01 20:10:00,1900-01-01 21:25:00,68,1.25,Short
43436,1900-01-01 00:00:00,1900-01-01 00:00:00,73,0.0,Short
43437,1900-01-01 21:15:00,1900-01-01 23:15:00,68,2.0,Short
43438,1900-01-01 00:00:00,1900-01-01 00:00:00,73,0.0,Short
43439,1900-01-01 22:10:00,1900-01-01 00:15:00,68,2.083333333333332,Short
43501,1900-01-01 04:00:00,1900-01-01 06:15:00,86,2.25,Short
43502,1900-01-01 00:00:00,1900-01-01 00:00:00,86,0.0,Short
43503,1900-01-01 07:05:00,1900-01-01 09:20:00,86,2.25,Short
43504,1900-01-01 00:00:00,1900-01-01 00:00:00,86,0.0,Short
43505,1900-01-01 00:00:00,1900-01-01 00:00:00,86,0.0,Short
43506,1900-01-01 09:40:00,1900-01-01 12:00:00,86,2.3333333333333335,Short
43507,1900-01-01 00:00:00,1900-01-01 00:00:00,86,0.0,Short
43508,1900-01-01 00:00:00,1900-01-01 00:00:00,86,0.0,Short
43509,1900-01-01 14:20:00,1900-01-01 16:40:00,86,2.3333333333333335,Short
43510,1900-01-01 14:30:00,1900-01-01 16:45:00,86,2.25,Short
43511,1900-01-01 00:00:00,1900-01-01 00:00:00,86,0.0,Short
43512,1900-01-01 15:45:00,1900-01-01 18:00:00,86,2.25,Short
43513,1900-01-01 00:00:00,1900-01-01 00:00:00,86,0.0,Short
43514,1900-01-01 00:00:00,1900-01-01 00:00:00,86,0.0,Short
43515,1900-01-01 00:00:00,1900-01-01 00:00:00,86,0.0,Short
43516,1900-01-01 00:00:00,1900-01-01 00:00:00,86,0.0,Short
43517,1900-01-01 20:20:00,1900-01-01 22:40:00,80,2.3333333333333335,Short
43518,1900-01-01 20:20:00,1900-01-01 22:40:00,81,2.3333333333333335,Short
43520,1900-01-01 21:45:00,1900-01-01 23:59:00,81,2.2333333333333334,Short
43551,1900-01-01 00:00:00,1900-01-01 00:00:00,12,0.0,Short
43552,1900-01-01 00:00:00,1900-01-01 00:00:00,12,0.0,Short
43553,1900-01-01 00:00:00,1900-01-01 00:00:00,12,0.0,Short
43554,1900-01-01 21:05:00,1900-01-01 21:30:00,12,0.4166666666666667,Short
43556,1900-01-01 00:00:00,1900-01-01 00:00:00,12,0.0,Short
43601,1900-01-01 06:50:00,1900-01-01 07:50:00,22,1.0,Short
43602,1900-01-01 04:10:00,1900-01-01 05:05:00,22,0.9166666666666666,Short
43603,1900-01-01 08:10:00,1900-01-01 09:00:00,22,0.8333333333333334,Short
43604,1900-01-01 04:25:00,1900-01-01 05:15:00,22,0.8333333333333334,Short
43605,1900-01-01 11:05:00,1900-01-01 11:55:00,22,0.8333333333333334,Short
43606,1900-01-01 06:10:00,1900-01-01 07:00:00,22,0.8333333333333334,Short
43607,1900-01-01 19:35:00,1900-01-01 20:30:00,22,0.9166666666666666,Short
43608,1900-01-01 07:10:00,1900-01-01 08:00:00,22,0.8333333333333334,Short
43610,1900-01-01 08:15:00,1900-01-01 09:05:00,22,0.8333333333333334,Short
43611,1900-01-01 20:20:00,1900-01-01 21:10:00,22,0.8333333333333334,Short
43612,1900-01-01 08:45:00,1900-01-01 09:40:00,22,0.9166666666666666,Short
43613,1900-01-01 21:45:00,1900-01-01 22:40:00,22,0.9166666666666666,Short
43614,1900-01-01 12:10:00,1900-01-01 13:00:00,22,0.8333333333333334,Short
43615,1900-01-01 23:15:00,1900-01-01 00:05:00,22,0.8333333333333321,Short
43616,1900-01-01 14:40:00,1900-01-01 15:35:00,22,0.9166666666666666,Short
43618,1900-01-01 16:20:00,1900-01-01 17:10:00,22,0.8333333333333334,Short
43620,1900-01-01 16:40:00,1900-01-01 17:30:00,22,0.8333333333333334,Short
43622,1900-01-01 17:55:00,1900-01-01 18:45:00,22,0.8333333333333334,Short
43650,1900-01-01 07:40:00,1900-01-01 08:30:00,22,0.8333333333333334,Short
43651,1900-01-01 06:05:00,1900-01-01 07:50:00,36,1.75,Short
43652,1900-01-01 04:10:00,1900-01-01 05:55:00,37,1.75,Short
43653,1900-01-01 07:25:00,1900-01-01 09:05:00,36,1.6666666666666667,Short
43654,1900-01-01 04:25:00,1900-01-01 06:15:00,37,1.8333333333333333,Short
43655,1900-01-01 10:15:00,1900-01-01 12:00:00,36,1.75,Short
43656,1900-01-01 06:05:00,1900-01-01 07:45:00,37,1.6666666666666667,Short
43657,1900-01-01 19:30:00,1900-01-01 21:20:00,36,1.8333333333333333,Short
43658,1900-01-01 07:10:00,1900-01-01 08:45:00,37,1.5833333333333333,Short
43659,1900-01-01 20:30:00,1900-01-01 22:15:00,36,1.75,Short
43660,1900-01-01 07:40:00,1900-01-01 09:20:00,37,1.6666666666666667,Short
43661,1900-01-01 20:50:00,1900-01-01 22:40:00,36,1.8333333333333333,Short
43662,1900-01-01 08:15:00,1900-01-01 10:00:00,37,1.75,Short
43663,1900-01-01 22:30:00,1900-01-01 00:10:00,36,1.6666666666666679,Short
43664,1900-01-01 08:45:00,1900-01-01 10:30:00,37,1.75,Short
43666,1900-01-01 12:10:00,1900-01-01 13:50:00,37,1.6666666666666667,Short
43668,1900-01-01 14:40:00,1900-01-01 16:30:00,37,1.8333333333333333,Short
43670,1900-01-01 16:20:00,1900-01-01 18:00:00,37,1.6666666666666667,Short
43672,1900-01-01 16:40:00,1900-01-01 18:15:00,37,1.5833333333333333,Short
43674,1900-01-01 17:50:00,1900-01-01 19:30:00,37,1.6666666666666667,Short
43701,1900-01-01 05:35:00,1900-01-01 07:00:00,48,1.4166666666666667,Short
43702,1900-01-01 11:05:00,1900-01-01 12:30:00,48,1.4166666666666667,Short
43703,1900-01-01 06:20:00,1900-01-01 07:45:00,48,1.4166666666666667,Short
43704,1900-01-01 13:40:00,1900-01-01 15:05:00,48,1.4166666666666667,Short
43705,1900-01-01 09:50:00,1900-01-01 11:15:00,48,1.4166666666666667,Short
43706,1900-01-01 17:55:00,1900-01-01 19:20:00,48,1.4166666666666667,Short
43707,1900-01-01 13:05:00,1900-01-01 14:30:00,48,1.4166666666666667,Short
43708,1900-01-01 18:25:00,1900-01-01 19:45:00,48,1.3333333333333333,Short
43709,1900-01-01 15:30:00,1900-01-01 16:50:00,48,1.3333333333333333,Short
43710,1900-01-01 19:45:00,1900-01-01 21:10:00,48,1.4166666666666667,Short
43711,1900-01-01 17:40:00,1900-01-01 19:05:00,48,1.4166666666666667,Short
43713,1900-01-01 19:10:00,1900-01-01 20:35:00,42,1.4166666666666667,Short
43715,1900-01-01 19:50:00,1900-01-01 21:10:00,48,1.3333333333333333,Short
43751,1900-01-01 09:10:00,1900-01-01 10:20:00,32,1.1666666666666667,Short
43752,1900-01-01 08:40:00,1900-01-01 09:52:00,32,1.2,Short
43753,1900-01-01 10:05:00,1900-01-01 11:15:00,32,1.1666666666666667,Short
43754,1900-01-01 20:35:00,1900-01-01 21:55:00,32,1.3333333333333333,Short
43755,1900-01-01 13:50:00,1900-01-01 15:00:00,32,1.1666666666666667,Short
43757,1900-01-01 17:25:00,1900-01-01 18:30:00,32,1.0833333333333333,Short
43761,1900-01-01 05:30:00,1900-01-01 07:45:00,57,2.25,Short
43762,1900-01-01 11:05:00,1900-01-01 13:10:00,57,2.0833333333333335,Short
43763,1900-01-01 09:05:00,1900-01-01 11:15:00,57,2.1666666666666665,Short
43764,1900-01-01 13:40:00,1900-01-01 15:50:00,57,2.1666666666666665,Short
43765,1900-01-01 12:15:00,1900-01-01 14:30:00,57,2.25,Short
43766,1900-01-01 17:55:00,1900-01-01 20:10:00,57,2.25,Short
43767,1900-01-01 14:35:00,1900-01-01 16:50:00,57,2.25,Short
43768,1900-01-01 18:20:00,1900-01-01 20:45:00,57,2.4166666666666665,Short
43769,1900-01-01 16:55:00,1900-01-01 19:10:00,57,2.25,Short
43770,1900-01-01 19:45:00,1900-01-01 22:05:00,57,2.3333333333333335,Short
43771,1900-01-01 18:20:00,1900-01-01 20:35:00,57,2.25,Short
43773,1900-01-01 19:00:00,1900-01-01 21:15:00,57,2.25,Short
43791,1900-01-01 08:20:00,1900-01-01 10:20:00,46,2.0,Short
43792,1900-01-01 08:45:00,1900-01-01 10:50:00,47,2.0833333333333335,Short
43793,1900-01-01 09:15:00,1900-01-01 11:15:00,46,2.0,Short
43794,1900-01-01 20:35:00,1900-01-01 23:05:00,42,2.5,Short
43795,1900-01-01 12:55:00,1900-01-01 15:00:00,46,2.0833333333333335,Short
43797,1900-01-01 16:40:00,1900-01-01 18:40:00,46,2.0,Short
43801,1900-01-01 01:20:00,1900-01-01 03:30:00,74,2.1666666666666665,Short
43802,1900-01-01 04:00:00,1900-01-01 06:05:00,75,2.0833333333333335,Short
43803,1900-01-01 04:20:00,1900-01-01 06:30:00,74,2.1666666666666665,Short
43804,1900-01-01 07:50:00,1900-01-01 09:25:00,70,1.5833333333333333,Short
43805,1900-01-01 14:25:00,1900-01-01 16:35:00,74,2.1666666666666665,Short
43806,1900-01-01 16:10:00,1900-01-01 18:15:00,70,2.0833333333333335,Short
43820,1900-01-01 08:55:00,1900-01-01 11:15:00,82,2.3333333333333335,Short
43821,1900-01-01 12:10:00,1900-01-01 14:40:00,82,2.5,Short
43823,1900-01-01 18:25:00,1900-01-01 20:25:00,82,2.0,Short
43831,1900-01-01 00:00:00,1900-01-01 00:00:00,20,0.0,Short
43832,1900-01-01 00:00:00,1900-01-01 00:00:00,20,0.0,Short
43841,1900-01-01 00:00:00,1900-01-01 00:00:00,52,0.0,Short
43842,1900-01-01 00:00:00,1900-01-01 00:00:00,47,0.0,Short
43844,1900-01-01 00:00:00,1900-01-01 00:00:00,47,0.0,Short
43847,1900-01-01 06:25:00,1900-01-01 08:20:00,65,1.9166666666666667,Short
43851,1900-01-01 15:40:00,1900-01-01 17:45:00,70,2.0833333333333335,Short
43852,1900-01-01 00:00:00,1900-01-01 00:00:00,75,0.0,Short
43861,1900-01-01 00:00:00,1900-01-01 00:00:00,51,0.0,Short
43872,1900-01-01 00:00:00,1900-01-01 00:00:00,29,0.0,Short
43882,1900-01-01 00:00:00,1900-01-01 00:00:00,34,0.0,Short
43891,1900-01-01 00:00:00,1900-01-01 00:00:00,4,0.0,Short
43892,1900-01-01 00:00:00,1900-01-01 00:00:00,10,0.0,Short
43901,1900-01-01 00:00:00,1900-01-01 00:00:00,52,0.0,Short
43902,1900-01-01 00:00:00,1900-01-01 00:00:00,52,0.0,Short
43903,1900-01-01 00:00:00,1900-01-01 00:00:00,52,0.0,Short
43904,1900-01-01 13:40:00,1900-01-01 15:05:00,52,1.4166666666666667,Short
43912,1900-01-01 12:05:00,1900-01-01 13:35:00,53,1.5,Short
43921,1900-01-01 05:50:00,1900-01-01 06:00:00,5,0.16666666666666666,Short
43932,1900-01-01 04:00:00,1900-01-01 06:50:00,84,2.8333333333333335,Short
43934,1900-01-01 06:55:00,1900-01-01 09:45:00,84,2.8333333333333335,Short
43936,1900-01-01 07:50:00,1900-01-01 10:10:00,84,2.3333333333333335,Short
43938,1900-01-01 16:15:00,1900-01-01 18:55:00,84,2.6666666666666665,Short
43941,1900-01-01 11:20:00,1900-01-01 14:45:00,97,3.4166666666666665,Short
43942,1900-01-01 08:50:00,1900-01-01 12:05:00,97,3.25,Short
43943,1900-01-01 17:35:00,1900-01-01 20:30:00,97,2.9166666666666665,Short
43952,1900-01-01 12:05:00,1900-01-01 14:30:00,63,2.4166666666666665,Short
47100,1900-01-01 04:35:00,1900-01-01 05:20:00,25,0.75,Short
47101,1900-01-01 05:40:00,1900-01-01 06:25:00,25,0.75,Short
47102,1900-01-01 06:20:00,1900-01-01 07:05:00,25,0.75,Short
47103,1900-01-01 07:00:00,1900-01-01 07:50:00,25,0.8333333333333334,Short
47104,1900-01-01 07:46:00,1900-01-01 08:31:00,25,0.75,Short
47105,1900-01-01 08:15:00,1900-01-01 09:05:00,25,0.8333333333333334,Short
47106,1900-01-01 09:00:00,1900-01-01 09:45:00,25,0.75,Short
47107,1900-01-01 09:36:00,1900-01-01 10:21:00,25,0.75,Short
47108,1900-01-01 10:12:00,1900-01-01 10:57:00,25,0.75,Short
47109,1900-01-01 10:55:00,1900-01-01 11:40:00,25,0.75,Short
47110,1900-01-01 11:22:00,1900-01-01 12:07:00,25,0.75,Short
47111,1900-01-01 12:00:00,1900-01-01 12:55:00,25,0.9166666666666666,Short
47112,1900-01-01 13:25:00,1900-01-01 14:10:00,25,0.75,Short
47113,1900-01-01 14:20:00,1900-01-01 15:05:00,25,0.75,Short
47114,1900-01-01 15:20:00,1900-01-01 16:05:00,25,0.75,Short
47115,1900-01-01 15:45:00,1900-01-01 16:30:00,25,0.75,Short
47116,1900-01-01 16:10:00,1900-01-01 17:05:00,25,0.9166666666666666,Short
47117,1900-01-01 17:05:00,1900-01-01 17:50:00,25,0.75,Short
47118,1900-01-01 17:40:00,1900-01-01 18:25:00,25,0.75,Short
47119,1900-01-01 18:08:00,1900-01-01 18:53:00,25,0.75,Short
47120,1900-01-01 18:57:00,1900-01-01 19:45:00,25,0.8,Short
47121,1900-01-01 19:35:00,1900-01-01 20:20:00,25,0.75,Short
47122,1900-01-01 20:00:00,1900-01-01 20:50:00,25,0.8333333333333334,Short
47123,1900-01-01 20:53:00,1900-01-01 21:38:00,25,0.75,Short
47124,1900-01-01 21:50:00,1900-01-01 22:35:00,25,0.75,Short
47125,1900-01-01 22:15:00,1900-01-01 23:00:00,25,0.75,Short
47126,1900-01-01 05:25:00,1900-01-01 06:10:00,23,0.75,Short
47127,1900-01-01 05:50:00,1900-01-01 06:40:00,23,0.8333333333333334,Short
47128,1900-01-01 06:38:00,1900-01-01 07:30:00,23,0.8666666666666667,Short
47129,1900-01-01 07:20:00,1900-01-01 08:05:00,23,0.75,Short
47130,1900-01-01 08:00:00,1900-01-01 08:50:00,23,0.8333333333333334,Short
47131,1900-01-01 08:43:00,1900-01-01 09:28:00,23,0.75,Short
47132,1900-01-01 09:19:00,1900-01-01 10:04:00,23,0.75,Short
47133,1900-01-01 09:55:00,1900-01-01 10:45:00,23,0.8333333333333334,Short
47134,1900-01-01 10:29:00,1900-01-01 11:14:00,23,0.75,Short
47135,1900-01-01 11:05:00,1900-01-01 11:52:00,23,0.7833333333333333,Short
47136,1900-01-01 11:48:00,1900-01-01 12:33:00,23,0.75,Short
47137,1900-01-01 12:30:00,1900-01-01 13:15:00,23,0.75,Short
47138,1900-01-01 13:05:00,1900-01-01 13:55:00,23,0.8333333333333334,Short
47139,1900-01-01 15:00:00,1900-01-01 15:45:00,23,0.75,Short
47140,1900-01-01 16:13:00,1900-01-01 17:00:00,23,0.7833333333333333,Short
47141,1900-01-01 17:15:00,1900-01-01 18:00:00,23,0.75,Short
47142,1900-01-01 18:00:00,1900-01-01 18:50:00,23,0.8333333333333334,Short
47143,1900-01-01 18:40:00,1900-01-01 19:25:00,23,0.75,Short
47144,1900-01-01 19:01:00,1900-01-01 19:46:00,23,0.75,Short
47145,1900-01-01 19:55:00,1900-01-01 20:45:00,23,0.8333333333333334,Short
47146,1900-01-01 21:00:00,1900-01-01 21:45:00,23,0.75,Short
47147,1900-01-01 21:55:00,1900-01-01 22:40:00,23,0.75,Short
47148,1900-01-01 22:45:00,1900-01-01 23:30:00,23,0.75,Short
47149,1900-01-01 04:25:00,1900-01-01 05:47:00,37,1.3666666666666667,Short
47150,1900-01-01 05:30:00,1900-01-01 06:47:00,37,1.2833333333333334,Short
47151,1900-01-01 05:50:00,1900-01-01 07:12:00,37,1.3666666666666667,Short
47152,1900-01-01 07:30:00,1900-01-01 08:45:00,37,1.25,Short
47153,1900-01-01 06:45:00,1900-01-01 08:15:00,37,1.5,Short
47154,1900-01-01 07:50:00,1900-01-01 09:07:00,37,1.2833333333333334,Short
47155,1900-01-01 09:12:00,1900-01-01 10:35:00,37,1.3833333333333333,Short
47156,1900-01-01 10:35:00,1900-01-01 11:52:00,37,1.2833333333333334,Short
47157,1900-01-01 10:55:00,1900-01-01 12:20:00,37,1.4166666666666667,Short
47158,1900-01-01 12:10:00,1900-01-01 13:30:00,37,1.3333333333333333,Short
47159,1900-01-01 00:00:00,1900-01-01 00:00:00,37,0.0,Short
47160,1900-01-01 13:25:00,1900-01-01 14:42:00,37,1.2833333333333334,Short
47161,1900-01-01 15:15:00,1900-01-01 16:35:00,37,1.3333333333333333,Short
47162,1900-01-01 00:00:00,1900-01-01 00:00:00,37,0.0,Short
47163,1900-01-01 00:00:00,1900-01-01 00:00:00,37,0.0,Short
47164,1900-01-01 00:00:00,1900-01-01 00:00:00,37,0.0,Short
47165,1900-01-01 09:55:00,1900-01-01 11:22:00,37,1.45,Short
47166,1900-01-01 00:00:00,1900-01-01 00:00:00,37,0.0,Short
47167,1900-01-01 00:00:00,1900-01-01 00:00:00,37,0.0,Short
47168,1900-01-01 22:50:00,1900-01-01 23:35:00,14,0.75,Short
47169,1900-01-01 13:02:00,1900-01-01 14:25:00,37,1.3833333333333333,Short
47170,1900-01-01 00:00:00,1900-01-01 00:00:00,37,0.0,Short
47171,1900-01-01 00:00:00,1900-01-01 00:00:00,37,0.0,Short
47172,1900-01-01 06:00:00,1900-01-01 06:30:00,14,0.5,Short
47173,1900-01-01 00:00:00,1900-01-01 00:00:00,37,0.0,Short
47174,1900-01-01 00:00:00,1900-01-01 00:00:00,37,0.0,Short
47175,1900-01-01 00:00:00,1900-01-01 00:00:00,37,0.0,Short
47176,1900-01-01 08:23:00,1900-01-01 09:47:00,37,1.4,Short
47177,1900-01-01 00:00:00,1900-01-01 00:00:00,37,0.0,Short
47178,1900-01-01 00:00:00,1900-01-01 00:00:00,37,0.0,Short
47179,1900-01-01 00:00:00,1900-01-01 00:00:00,37,0.0,Short
47180,1900-01-01 00:00:00,1900-01-01 00:00:00,37,0.0,Short
47181,1900-01-01 00:00:00,1900-01-01 00:00:00,37,0.0,Short
47182,1900-01-01 13:20:00,1900-01-01 14:40:00,37,1.3333333333333333,Short
47183,1900-01-01 00:00:00,1900-01-01 00:00:00,37,0.0,Short
47184,1900-01-01 00:00:00,1900-01-01 00:00:00,37,0.0,Short
47185,1900-01-01 00:00:00,1900-01-01 00:00:00,37,0.0,Short
47186,1900-01-01 00:00:00,1900-01-01 00:00:00,37,0.0,Short
47187,1900-01-01 00:00:00,1900-01-01 00:00:00,37,0.0,Short
47188,1900-01-01 00:00:00,1900-01-01 00:00:00,37,0.0,Short
47189,1900-01-01 00:00:00,1900-01-01 00:00:00,37,0.0,Short
47190,1900-01-01 00:00:00,1900-01-01 00:00:00,37,0.0,Short
47191,1900-01-01 00:00:00,1900-01-01 00:00:00,37,0.0,Short
47192,1900-01-01 00:00:00,1900-01-01 00:00:00,37,0.0,Short
47193,1900-01-01 00:00:00,1900-01-01 00:00:00,37,0.0,Short
47194,1900-01-01 00:00:00,1900-01-01 00:00:00,37,0.0,Short
47195,1900-01-01 00:00:00,1900-01-01 00:00:00,22,0.0,Short
47196,1900-01-01 04:50:00,1900-01-01 05:20:00,9,0.5,Short
47197,1900-01-01 08:40:00,1900-01-01 09:50:00,24,1.1666666666666667,Short
47198,1900-01-01 11:20:00,1900-01-01 12:50:00,37,1.5,Short
47199,1900-01-01 13:56:00,1900-01-01 15:03:00,24,1.1166666666666667,Short
47200,1900-01-01 14:15:00,1900-01-01 15:35:00,24,1.3333333333333333,Short
47201,1900-01-01 16:00:00,1900-01-01 17:05:00,24,1.0833333333333333,Short
47202,1900-01-01 20:10:00,1900-01-01 21:15:00,24,1.0833333333333333,Short
47203,1900-01-01 00:00:00,1900-01-01 00:00:00,37,0.0,Short
47204,1900-01-01 22:30:00,1900-01-01 23:15:00,14,0.75,Short
47205,1900-01-01 04:30:00,1900-01-01 05:00:00,14,0.5,Short
47206,1900-01-01 05:48:00,1900-01-01 06:55:00,25,1.1166666666666667,Short
47207,1900-01-01 19:10:00,1900-01-01 20:30:00,37,1.3333333333333333,Short
47208,1900-01-01 10:05:00,1900-01-01 11:12:00,25,1.1166666666666667,Short
47209,1900-01-01 12:41:00,1900-01-01 13:48:00,25,1.1166666666666667,Short
47210,1900-01-01 00:00:00,1900-01-01 00:00:00,37,0.0,Short
47211,1900-01-01 08:30:00,1900-01-01 09:50:00,37,1.3333333333333333,Short
47212,1900-01-01 00:00:00,1900-01-01 00:00:00,37,0.0,Short
47213,1900-01-01 00:00:00,1900-01-01 00:00:00,37,0.0,Short
47214,1900-01-01 11:35:00,1900-01-01 13:00:00,37,1.4166666666666667,Short
47215,1900-01-01 00:00:00,1900-01-01 00:00:00,37,0.0,Short
47216,1900-01-01 14:40:00,1900-01-01 16:00:00,37,1.3333333333333333,Short
47217,1900-01-01 00:00:00,1900-01-01 00:00:00,37,0.0,Short
47218,1900-01-01 00:00:00,1900-01-01 00:00:00,37,0.0,Short
47219,1900-01-01 00:00:00,1900-01-01 00:00:00,37,0.0,Short
47220,1900-01-01 21:05:00,1900-01-01 22:50:00,37,1.75,Short
50101,1900-01-01 03:20:00,1900-01-01 09:55:00,251,6.583333333333333,Short
50102,1900-01-01 19:10:00,1900-01-01 00:15:00,244,5.083333333333332,Short
50103,1900-01-01 00:00:00,1900-01-01 00:00:00,347,0.0,Medium
50104,1900-01-01 00:00:00,1900-01-01 00:00:00,349,0.0,Medium
50105,1900-01-01 00:00:00,1900-01-01 00:00:00,486,0.0,Medium
50106,1900-01-01 00:00:00,1900-01-01 00:00:00,476,0.0,Medium
50107,1900-01-01 17:55:00,1900-01-01 20:30:00,78,2.5833333333333335,Short
50108,1900-01-01 06:15:00,1900-01-01 08:25:00,83,2.1666666666666665,Short
50119,1900-01-01 00:00:00,1900-01-01 00:00:00,27,0.0,Short
50120,1900-01-01 00:00:00,1900-01-01 00:00:00,27,0.0,Short
51027,1900-01-01 22:55:00,1900-01-01 10:30:00,430,11.583333333333334,Medium
51028,1900-01-01 17:25:00,1900-01-01 04:10:00,430,10.75,Medium
51029,1900-01-01 22:55:00,1900-01-01 12:20:00,565,13.416666666666666,Medium
51030,1900-01-01 14:50:00,1900-01-01 04:10:00,566,13.333333333333334,Medium
51033,1900-01-01 06:20:00,1900-01-01 10:55:00,187,4.583333333333333,Short
51034,1900-01-01 16:10:00,1900-01-01 20:50:00,187,4.666666666666667,Short
51111,1900-01-01 06:00:00,1900-01-01 07:15:00,56,1.25,Short
51112,1900-01-01 07:50:00,1900-01-01 09:05:00,56,1.25,Short
51113,1900-01-01 09:50:00,1900-01-01 11:05:00,56,1.25,Short
51114,1900-01-01 11:40:00,1900-01-01 12:55:00,56,1.25,Short
51115,1900-01-01 13:40:00,1900-01-01 14:55:00,56,1.25,Short
51116,1900-01-01 15:30:00,1900-01-01 16:45:00,56,1.25,Short
51135,1900-01-01 01:30:00,1900-01-01 01:45:00,9,0.25,Short
51136,1900-01-01 02:15:00,1900-01-01 02:30:00,9,0.25,Short
51137,1900-01-01 03:20:00,1900-01-01 03:35:00,9,0.25,Short
51138,1900-01-01 03:55:00,1900-01-01 04:10:00,9,0.25,Short
51139,1900-01-01 06:25:00,1900-01-01 06:40:00,9,0.25,Short
51140,1900-01-01 07:15:00,1900-01-01 07:30:00,9,0.25,Short
51141,1900-01-01 11:00:00,1900-01-01 11:15:00,9,0.25,Short
51142,1900-01-01 12:30:00,1900-01-01 12:45:00,9,0.25,Short
51145,1900-01-01 18:00:00,1900-01-01 18:15:00,9,0.25,Short
51146,1900-01-01 18:50:00,1900-01-01 19:05:00,9,0.25,Short
51147,1900-01-01 19:50:00,1900-01-01 20:05:00,9,0.25,Short
51148,1900-01-01 20:25:00,1900-01-01 20:40:00,9,0.25,Short
51149,1900-01-01 22:55:00,1900-01-01 23:10:00,9,0.25,Short
51150,1900-01-01 23:40:00,1900-01-01 23:55:00,9,0.25,Short
51151,1900-01-01 05:25:00,1900-01-01 08:45:00,108,3.3333333333333335,Short
51152,1900-01-01 18:00:00,1900-01-01 21:00:00,109,3.0,Short
51153,1900-01-01 05:25:00,1900-01-01 17:55:00,444,12.5,Medium
51154,1900-01-01 07:05:00,1900-01-01 19:05:00,444,12.0,Medium
51157,1900-01-01 20:40:00,1900-01-01 06:15:00,306,9.583333333333334,Medium
51158,1900-01-01 19:20:00,1900-01-01 08:35:00,306,13.25,Medium
51181,1900-01-01 04:50:00,1900-01-01 10:05:00,262,5.25,Short
51182,1900-01-01 17:15:00,1900-01-01 23:00:00,262,5.75,Short
51183,1900-01-01 00:00:00,1900-01-01 00:00:00,361,0.0,Medium
51184,1900-01-01 09:15:00,1900-01-01 18:55:00,339,9.666666666666666,Medium
51187,1900-01-01 09:30:00,1900-01-01 03:25:00,642,17.916666666666668,Medium
51188,1900-01-01 22:20:00,1900-01-01 17:00:00,642,18.666666666666668,Medium
51189,1900-01-01 11:30:00,1900-01-01 09:40:00,610,22.166666666666668,Medium
51190,1900-01-01 19:20:00,1900-01-01 15:30:00,609,20.166666666666668,Medium
51195,1900-01-01 06:00:00,1900-01-01 09:45:00,132,3.75,Short
51196,1900-01-01 17:30:00,1900-01-01 21:10:00,132,3.6666666666666665,Short
51197,1900-01-01 14:30:00,1900-01-01 21:40:00,318,7.166666666666667,Medium
51198,1900-01-01 23:00:00,1900-01-01 08:00:00,318,9.0,Medium
51239,1900-01-01 07:05:00,1900-01-01 07:40:00,22,0.5833333333333334,Short
51240,1900-01-01 17:35:00,1900-01-01 18:15:00,22,0.6666666666666666,Short
51253,1900-01-01 08:00:00,1900-01-01 12:00:00,115,4.0,Short
51254,1900-01-01 17:40:00,1900-01-01 20:50:00,115,3.1666666666666665,Short
51255,1900-01-01 15:05:00,1900-01-01 17:15:00,88,2.1666666666666665,Short
51256,1900-01-01 12:30:00,1900-01-01 14:40:00,88,2.1666666666666665,Short
51259,1900-01-01 18:10:00,1900-01-01 20:10:00,78,2.0,Short
51260,1900-01-01 08:00:00,1900-01-01 09:45:00,78,1.75,Short
51261,1900-01-01 15:10:00,1900-01-01 18:05:00,104,2.9166666666666665,Short
51262,1900-01-01 10:05:00,1900-01-01 14:20:00,104,4.25,Short
51285,1900-01-01 19:30:00,1900-01-01 08:45:00,397,13.25,Medium
51286,1900-01-01 04:50:00,1900-01-01 14:55:00,397,10.083333333333334,Medium
51293,1900-01-01 18:05:00,1900-01-01 22:30:00,167,4.416666666666667,Short
51294,1900-01-01 04:30:00,1900-01-01 09:15:00,167,4.75,Short
51317,1900-01-01 15:10:00,1900-01-01 18:15:00,91,3.0833333333333335,Short
51318,1900-01-01 11:15:00,1900-01-01 14:15:00,91,3.0,Short
51347,1900-01-01 18:45:00,1900-01-01 21:55:00,120,3.1666666666666665,Short
51348,1900-01-01 22:15:00,1900-01-01 23:30:00,43,1.25,Short
51350,1900-01-01 07:05:00,1900-01-01 08:50:00,77,1.75,Short
51401,1900-01-01 00:30:00,1900-01-01 09:50:00,314,9.333333333333334,Medium
51402,1900-01-01 21:15:00,1900-01-01 07:30:00,311,10.25,Medium
51405,1900-01-01 17:25:00,1900-01-01 23:10:00,212,5.75,Short
51406,1900-01-01 06:10:00,1900-01-01 11:30:00,212,5.333333333333333,Short
51407,1900-01-01 16:55:00,1900-01-01 18:10:00,47,1.25,Short
51408,1900-01-01 21:30:00,1900-01-01 22:50:00,47,1.3333333333333333,Short
51409,1900-01-01 09:15:00,1900-01-01 19:30:00,325,10.25,Medium
51410,1900-01-01 04:45:00,1900-01-01 16:25:00,326,11.666666666666666,Medium
51411,1900-01-01 14:20:00,1900-01-01 20:50:00,229,6.5,Short
51412,1900-01-01 07:45:00,1900-01-01 13:55:00,208,6.166666666666667,Short
51419,1900-01-01 07:30:00,1900-01-01 15:00:00,278,7.5,Short
51420,1900-01-01 12:40:00,1900-01-01 20:05:00,279,7.416666666666667,Short
51421,1900-01-01 14:25:00,1900-01-01 10:35:00,769,20.166666666666668,Medium
51422,1900-01-01 23:40:00,1900-01-01 20:55:00,769,21.25,Medium
51423,1900-01-01 17:45:00,1900-01-01 20:35:00,123,2.8333333333333335,Short
51424,1900-01-01 13:50:00,1900-01-01 17:15:00,123,3.4166666666666665,Short
51425,1900-01-01 07:25:00,1900-01-01 18:20:00,427,10.916666666666666,Medium
51426,1900-01-01 20:30:00,1900-01-01 06:15:00,437,9.75,Medium
51427,1900-01-01 13:50:00,1900-01-01 15:15:00,47,1.4166666666666667,Short
51428,1900-01-01 10:50:00,1900-01-01 12:05:00,47,1.25,Short
51429,1900-01-01 20:35:00,1900-01-01 22:15:00,54,1.6666666666666667,Short
51430,1900-01-01 18:35:00,1900-01-01 20:10:00,54,1.5833333333333333,Short
51431,1900-01-01 06:10:00,1900-01-01 11:25:00,188,5.25,Short
51432,1900-01-01 11:45:00,1900-01-01 16:25:00,188,4.666666666666667,Short
51433,1900-01-01 00:00:00,1900-01-01 00:00:00,523,0.0,Medium
51434,1900-01-01 06:00:00,1900-01-01 23:05:00,511,17.083333333333332,Medium
51435,1900-01-01 17:05:00,1900-01-01 21:40:00,145,4.583333333333333,Short
51436,1900-01-01 04:30:00,1900-01-01 08:50:00,145,4.333333333333333,Short
51437,1900-01-01 10:55:00,1900-01-01 15:30:00,189,4.583333333333333,Short
51438,1900-01-01 06:05:00,1900-01-01 10:25:00,189,4.333333333333333,Short
51441,1900-01-01 05:20:00,1900-01-01 09:55:00,180,4.583333333333333,Short
51442,1900-01-01 16:50:00,1900-01-01 21:50:00,180,5.0,Short
51451,1900-01-01 07:10:00,1900-01-01 10:20:00,120,3.1666666666666665,Short
51452,1900-01-01 10:40:00,1900-01-01 13:55:00,121,3.25,Short
51458,1900-01-01 22:10:00,1900-01-01 22:55:00,20,0.75,Short
51461,1900-01-01 09:50:00,1900-01-01 13:15:00,137,3.4166666666666665,Short
51462,1900-01-01 06:00:00,1900-01-01 09:10:00,137,3.1666666666666665,Short
51463,1900-01-01 19:25:00,1900-01-01 22:50:00,137,3.4166666666666665,Short
51464,1900-01-01 14:30:00,1900-01-01 18:00:00,137,3.5,Short
51601,1900-01-01 08:00:00,1900-01-01 15:15:00,261,7.25,Short
51602,1900-01-01 13:40:00,1900-01-01 21:50:00,264,8.166666666666666,Short
51603,1900-01-01 13:30:00,1900-01-01 20:00:00,263,6.5,Short
51604,1900-01-01 17:00:00,1900-01-01 00:40:00,266,7.666666666666668,Short
51605,1900-01-01 16:30:00,1900-01-01 00:30:00,256,8.0,Short
51606,1900-01-01 03:10:00,1900-01-01 11:25:00,253,8.25,Short
51607,1900-01-01 06:20:00,1900-01-01 09:15:00,118,2.9166666666666665,Short
51608,1900-01-01 09:45:00,1900-01-01 12:40:00,118,2.9166666666666665,Short
51609,1900-01-01 15:10:00,1900-01-01 18:05:00,118,2.9166666666666665,Short
51610,1900-01-01 18:55:00,1900-01-01 21:55:00,118,3.0,Short
51611,1900-01-01 08:15:00,1900-01-01 17:05:00,303,8.833333333333334,Medium
51612,1900-01-01 10:00:00,1900-01-01 18:50:00,303,8.833333333333334,Medium
51671,1900-01-01 04:25:00,1900-01-01 14:10:00,434,9.75,Medium
51672,1900-01-01 11:10:00,1900-01-01 21:20:00,434,10.166666666666666,Medium
51673,1900-01-01 00:00:00,1900-01-01 00:00:00,434,0.0,Medium
51674,1900-01-01 00:00:00,1900-01-01 00:00:00,434,0.0,Medium
51675,1900-01-01 21:15:00,1900-01-01 06:20:00,316,9.083333333333334,Medium
51676,1900-01-01 21:00:00,1900-01-01 07:20:00,316,10.333333333333334,Medium
51678,1900-01-01 14:00:00,1900-01-01 16:50:00,81,2.8333333333333335,Short
51679,1900-01-01 10:15:00,1900-01-01 20:10:00,316,9.916666666666666,Medium
51680,1900-01-01 07:25:00,1900-01-01 17:05:00,316,9.666666666666666,Medium
51685,1900-01-01 13:15:00,1900-01-01 14:05:00,32,0.8333333333333334,Short
51686,1900-01-01 09:45:00,1900-01-01 10:40:00,33,0.9166666666666666,Short
51687,1900-01-01 18:10:00,1900-01-01 19:05:00,32,0.9166666666666666,Short
51688,1900-01-01 15:15:00,1900-01-01 16:10:00,33,0.9166666666666666,Short
51701,1900-01-01 07:20:00,1900-01-01 13:40:00,238,6.333333333333333,Short
51702,1900-01-01 14:20:00,1900-01-01 20:30:00,238,6.166666666666667,Short
51703,1900-01-01 05:40:00,1900-01-01 09:40:00,124,4.0,Short
51704,1900-01-01 06:00:00,1900-01-01 09:35:00,121,3.5833333333333335,Short
51705,1900-01-01 10:55:00,1900-01-01 14:50:00,121,3.9166666666666665,Short
51706,1900-01-01 13:45:00,1900-01-01 17:30:00,121,3.75,Short
51708,1900-01-01 18:30:00,1900-01-01 22:40:00,124,4.166666666666667,Short
51753,1900-01-01 18:00:00,1900-01-01 05:30:00,401,11.5,Medium
51754,1900-01-01 15:00:00,1900-01-01 04:40:00,403,13.666666666666666,Medium
51755,1900-01-01 06:15:00,1900-01-01 09:10:00,86,2.9166666666666665,Short
51756,1900-01-01 11:00:00,1900-01-01 14:15:00,86,3.25,Short
51763,1900-01-01 00:00:00,1900-01-01 00:00:00,77,0.0,Short
51764,1900-01-01 08:25:00,1900-01-01 11:10:00,77,2.75,Short
51765,1900-01-01 00:00:00,1900-01-01 00:00:00,77,0.0,Short
51766,1900-01-01 19:40:00,1900-01-01 21:40:00,77,2.0,Short
51803,1900-01-01 08:20:00,1900-01-01 14:35:00,221,6.25,Short
51804,1900-01-01 06:10:00,1900-01-01 12:30:00,221,6.333333333333333,Short
51805,1900-01-01 17:25:00,1900-01-01 00:30:00,291,7.083333333333332,Short
51806,1900-01-01 02:20:00,1900-01-01 10:05:00,291,7.75,Short
51807,1900-01-01 12:30:00,1900-01-01 16:50:00,191,4.333333333333333,Short
51811,1900-01-01 15:00:00,1900-01-01 18:55:00,151,3.9166666666666665,Short
51812,1900-01-01 06:50:00,1900-01-01 11:00:00,151,4.166666666666667,Short
51813,1900-01-01 02:50:00,1900-01-01 11:25:00,295,8.583333333333334,Short
51814,1900-01-01 16:35:00,1900-01-01 00:25:00,295,7.833333333333332,Short
51815,1900-01-01 07:30:00,1900-01-01 12:40:00,204,5.166666666666667,Short
51816,1900-01-01 14:45:00,1900-01-01 20:15:00,204,5.5,Short
51817,1900-01-01 07:10:00,1900-01-01 15:30:00,254,8.333333333333334,Short
51818,1900-01-01 07:45:00,1900-01-01 15:00:00,254,7.25,Short
51821,1900-01-01 10:45:00,1900-01-01 12:00:00,63,1.25,Short
51822,1900-01-01 12:35:00,1900-01-01 13:50:00,63,1.25,Short
51827,1900-01-01 18:10:00,1900-01-01 09:50:00,381,15.666666666666666,Medium
51828,1900-01-01 18:10:00,1900-01-01 11:20:00,381,17.166666666666668,Medium
51829,1900-01-01 08:00:00,1900-01-01 17:45:00,297,9.75,Short
51830,1900-01-01 12:00:00,1900-01-01 20:35:00,297,8.583333333333334,Short
51831,1900-01-01 16:00:00,1900-01-01 23:40:00,204,7.666666666666667,Short
51832,1900-01-01 06:20:00,1900-01-01 11:25:00,204,5.083333333333333,Short
51861,1900-01-01 05:40:00,1900-01-01 06:15:00,13,0.5833333333333334,Short
51862,1900-01-01 06:35:00,1900-01-01 07:10:00,13,0.5833333333333334,Short
51863,1900-01-01 07:50:00,1900-01-01 08:25:00,13,0.5833333333333334,Short
51864,1900-01-01 08:45:00,1900-01-01 09:20:00,13,0.5833333333333334,Short
51865,1900-01-01 11:10:00,1900-01-01 11:45:00,13,0.5833333333333334,Short
51866,1900-01-01 14:25:00,1900-01-01 15:00:00,13,0.5833333333333334,Short
51867,1900-01-01 17:25:00,1900-01-01 18:00:00,13,0.5833333333333334,Short
51868,1900-01-01 19:50:00,1900-01-01 20:25:00,13,0.5833333333333334,Short
51869,1900-01-01 22:10:00,1900-01-01 22:45:00,13,0.5833333333333334,Short
51870,1900-01-01 04:00:00,1900-01-01 04:35:00,13,0.5833333333333334,Short
51881,1900-01-01 18:10:00,1900-01-01 21:30:00,107,3.3333333333333335,Short
51882,1900-01-01 07:35:00,1900-01-01 10:15:00,107,2.6666666666666665,Short
51883,1900-01-01 12:05:00,1900-01-01 22:35:00,345,10.5,Medium
51884,1900-01-01 08:30:00,1900-01-01 17:45:00,345,9.25,Medium
51885,1900-01-01 18:00:00,1900-01-01 21:50:00,152,3.8333333333333335,Short
51886,1900-01-01 05:45:00,1900-01-01 09:20:00,154,3.5833333333333335,Short
51901,1900-01-01 09:00:00,1900-01-01 16:00:00,190,7.0,Short
51902,1900-01-01 07:00:00,1900-01-01 13:25:00,194,6.416666666666667,Short
51905,1900-01-01 18:55:00,1900-01-01 22:15:00,93,3.3333333333333335,Short
51906,1900-01-01 02:00:00,1900-01-01 04:30:00,90,2.5,Short
51907,1900-01-01 18:45:00,1900-01-01 20:50:00,70,2.0833333333333335,Short
51908,1900-01-01 16:20:00,1900-01-01 18:15:00,70,1.9166666666666667,Short
51909,1900-01-01 05:20:00,1900-01-01 11:00:00,163,5.666666666666667,Short
51910,1900-01-01 06:55:00,1900-01-01 12:15:00,163,5.333333333333333,Short
51911,1900-01-01 12:45:00,1900-01-01 17:50:00,163,5.083333333333333,Short
51912,1900-01-01 18:15:00,1900-01-01 23:50:00,163,5.583333333333333,Short
51913,1900-01-01 18:05:00,1900-01-01 23:35:00,163,5.5,Short
51914,1900-01-01 03:15:00,1900-01-01 08:10:00,160,4.916666666666667,Short
51915,1900-01-01 00:10:00,1900-01-01 01:55:00,52,1.75,Short
51916,1900-01-01 04:10:00,1900-01-01 06:15:00,51,2.0833333333333335,Short
51971,1900-01-01 09:55:00,1900-01-01 13:00:00,122,3.0833333333333335,Short
51972,1900-01-01 13:50:00,1900-01-01 16:35:00,123,2.75,Short
51973,1900-01-01 06:45:00,1900-01-01 13:55:00,273,7.166666666666667,Short
51974,1900-01-01 14:20:00,1900-01-01 22:10:00,273,7.833333333333333,Short
52073,1900-01-01 05:20:00,1900-01-01 11:30:00,202,6.166666666666667,Short
52074,1900-01-01 18:50:00,1900-01-01 00:55:00,202,6.083333333333332,Short
52075,1900-01-01 14:00:00,1900-01-01 20:00:00,202,6.0,Short
52076,1900-01-01 07:00:00,1900-01-01 12:55:00,202,5.916666666666667,Short
52171,1900-01-01 06:30:00,1900-01-01 17:25:00,186,10.916666666666666,Short
52172,1900-01-01 06:10:00,1900-01-01 17:10:00,186,11.0,Short
52173,1900-01-01 15:20:00,1900-01-01 20:30:00,92,5.166666666666667,Short
52174,1900-01-01 06:15:00,1900-01-01 11:15:00,92,5.0,Short
52175,1900-01-01 09:30:00,1900-01-01 14:10:00,92,4.666666666666667,Short
52176,1900-01-01 15:15:00,1900-01-01 19:55:00,92,4.666666666666667,Short
52177,1900-01-01 06:10:00,1900-01-01 11:50:00,103,5.666666666666667,Short
52178,1900-01-01 14:05:00,1900-01-01 19:35:00,103,5.5,Short
52179,1900-01-01 04:00:00,1900-01-01 07:00:00,70,3.0,Short
52180,1900-01-01 07:20:00,1900-01-01 10:15:00,70,2.9166666666666665,Short
52181,1900-01-01 10:40:00,1900-01-01 13:05:00,58,2.4166666666666665,Short
52182,1900-01-01 13:20:00,1900-01-01 14:30:00,27,1.1666666666666667,Short
52183,1900-01-01 14:45:00,1900-01-01 16:25:00,39,1.6666666666666667,Short
52184,1900-01-01 16:40:00,1900-01-01 19:35:00,70,2.9166666666666665,Short
52205,1900-01-01 11:00:00,1900-01-01 13:15:00,67,2.25,Short
52206,1900-01-01 20:50:00,1900-01-01 23:00:00,67,2.1666666666666665,Short
52207,1900-01-01 07:40:00,1900-01-01 09:55:00,67,2.25,Short
52208,1900-01-01 13:30:00,1900-01-01 16:00:00,67,2.5,Short
52221,1900-01-01 15:00:00,1900-01-01 17:25:00,67,2.4166666666666665,Short
52222,1900-01-01 10:15:00,1900-01-01 12:40:00,67,2.4166666666666665,Short
52223,1900-01-01 17:40:00,1900-01-01 20:00:00,67,2.3333333333333335,Short
52224,1900-01-01 06:20:00,1900-01-01 08:35:00,67,2.25,Short
52225,1900-01-01 21:00:00,1900-01-01 23:00:00,67,2.0,Short
52226,1900-01-01 17:50:00,1900-01-01 20:05:00,67,2.25,Short
52229,1900-01-01 06:30:00,1900-01-01 09:20:00,84,2.8333333333333335,Short
52230,1900-01-01 09:30:00,1900-01-01 12:45:00,84,3.25,Short
52231,1900-01-01 07:20:00,1900-01-01 10:00:00,84,2.6666666666666665,Short
52232,1900-01-01 10:45:00,1900-01-01 13:35:00,84,2.8333333333333335,Short
52233,1900-01-01 14:00:00,1900-01-01 16:50:00,83,2.8333333333333335,Short
52234,1900-01-01 13:35:00,1900-01-01 16:50:00,84,3.25,Short
52235,1900-01-01 17:50:00,1900-01-01 20:55:00,83,3.0833333333333335,Short
52236,1900-01-01 17:30:00,1900-01-01 20:15:00,84,2.75,Short
52239,1900-01-01 00:00:00,1900-01-01 00:00:00,78,0.0,Short
52240,1900-01-01 00:00:00,1900-01-01 00:00:00,78,0.0,Short
52241,1900-01-01 00:00:00,1900-01-01 00:00:00,205,0.0,Short
52242,1900-01-01 00:00:00,1900-01-01 00:00:00,205,0.0,Short
52251,1900-01-01 00:00:00,1900-01-01 00:00:00,205,0.0,Short
52252,1900-01-01 00:00:00,1900-01-01 00:00:00,205,0.0,Short
52253,1900-01-01 00:00:00,1900-01-01 00:00:00,205,0.0,Short
52254,1900-01-01 00:00:00,1900-01-01 00:00:00,205,0.0,Short
52255,1900-01-01 00:00:00,1900-01-01 00:00:00,205,0.0,Short
52256,1900-01-01 00:00:00,1900-01-01 00:00:00,205,0.0,Short
52257,1900-01-01 00:00:00,1900-01-01 00:00:00,205,0.0,Short
52258,1900-01-01 00:00:00,1900-01-01 00:00:00,205,0.0,Short
52259,1900-01-01 00:00:00,1900-01-01 00:00:00,205,0.0,Short
52260,1900-01-01 00:00:00,1900-01-01 00:00:00,205,0.0,Short
52263,1900-01-01 15:00:00,1900-01-01 17:00:00,54,2.0,Short
52264,1900-01-01 07:00:00,1900-01-01 09:00:00,54,2.0,Short
52265,1900-01-01 20:45:00,1900-01-01 22:45:00,54,2.0,Short
52266,1900-01-01 17:45:00,1900-01-01 19:45:00,54,2.0,Short
52267,1900-01-01 07:45:00,1900-01-01 10:00:00,54,2.25,Short
52268,1900-01-01 14:00:00,1900-01-01 16:00:00,54,2.0,Short
52297,1900-01-01 05:00:00,1900-01-01 07:15:00,84,2.25,Short
52298,1900-01-01 08:05:00,1900-01-01 10:50:00,84,2.75,Short
52451,1900-01-01 05:20:00,1900-01-01 10:00:00,95,4.666666666666667,Short
52452,1900-01-01 17:50:00,1900-01-01 22:35:00,95,4.75,Short
52453,1900-01-01 06:00:00,1900-01-01 11:05:00,95,5.083333333333333,Short
52454,1900-01-01 18:30:00,1900-01-01 23:30:00,95,5.0,Short
52455,1900-01-01 12:10:00,1900-01-01 17:30:00,95,5.333333333333333,Short
52456,1900-01-01 10:25:00,1900-01-01 16:10:00,95,5.75,Short
52457,1900-01-01 03:30:00,1900-01-01 08:55:00,95,5.416666666666667,Short
52458,1900-01-01 14:25:00,1900-01-01 20:10:00,95,5.75,Short
52461,1900-01-01 17:50:00,1900-01-01 21:45:00,93,3.9166666666666665,Short
52462,1900-01-01 04:45:00,1900-01-01 08:30:00,104,3.75,Short
52463,1900-01-01 04:00:00,1900-01-01 10:45:00,156,6.75,Short
52464,1900-01-01 04:00:00,1900-01-01 10:50:00,176,6.833333333333333,Short
52465,1900-01-01 06:45:00,1900-01-01 14:00:00,162,7.25,Short
52466,1900-01-01 07:20:00,1900-01-01 14:20:00,185,7.0,Short
52467,1900-01-01 13:20:00,1900-01-01 20:55:00,162,7.583333333333333,Short
52468,1900-01-01 14:10:00,1900-01-01 20:25:00,185,6.25,Short
52469,1900-01-01 15:50:00,1900-01-01 22:30:00,164,6.666666666666667,Short
52470,1900-01-01 17:35:00,1900-01-01 23:55:00,169,6.333333333333333,Short
52471,1900-01-01 02:15:00,1900-01-01 11:25:00,192,9.166666666666666,Short
52472,1900-01-01 07:20:00,1900-01-01 17:30:00,215,10.166666666666666,Short
52473,1900-01-01 10:00:00,1900-01-01 19:45:00,191,9.75,Short
52474,1900-01-01 12:20:00,1900-01-01 22:35:00,213,10.25,Short
52540,1900-01-01 08:00:00,1900-01-01 15:10:00,87,7.166666666666667,Short
52541,1900-01-01 08:30:00,1900-01-01 15:35:00,87,7.083333333333333,Short
52570,1900-01-01 09:15:00,1900-01-01 12:30:00,30,3.25,Short
52571,1900-01-01 14:00:00,1900-01-01 17:45:00,30,3.75,Short
52587,1900-01-01 06:30:00,1900-01-01 09:05:00,30,2.5833333333333335,Short
52588,1900-01-01 16:00:00,1900-01-01 18:30:00,30,2.5,Short
52591,1900-01-01 07:40:00,1900-01-01 09:25:00,12,1.75,Short
52592,1900-01-01 09:30:00,1900-01-01 11:35:00,12,2.0833333333333335,Short
52593,1900-01-01 09:40:00,1900-01-01 11:40:00,12,2.0,Short
52594,1900-01-01 10:00:00,1900-01-01 12:00:00,12,2.0,Short
52595,1900-01-01 12:10:00,1900-01-01 14:10:00,12,2.0,Short
52596,1900-01-01 12:20:00,1900-01-01 14:20:00,12,2.0,Short
52597,1900-01-01 12:45:00,1900-01-01 14:30:00,12,1.75,Short
52598,1900-01-01 16:05:00,1900-01-01 18:05:00,12,2.0,Short
52599,1900-01-01 16:20:00,1900-01-01 18:20:00,12,2.0,Short
52911,1900-01-01 00:00:00,1900-01-01 00:00:00,134,0.0,Short
52912,1900-01-01 00:00:00,1900-01-01 00:00:00,134,0.0,Short
52913,1900-01-01 00:00:00,1900-01-01 00:00:00,134,0.0,Short
52914,1900-01-01 00:00:00,1900-01-01 00:00:00,134,0.0,Short
52929,1900-01-01 00:00:00,1900-01-01 00:00:00,189,0.0,Short
52930,1900-01-01 00:00:00,1900-01-01 00:00:00,189,0.0,Short
52931,1900-01-01 07:45:00,1900-01-01 10:20:00,104,2.5833333333333335,Short
52932,1900-01-01 00:00:00,1900-01-01 00:00:00,104,0.0,Short
52933,1900-01-01 00:00:00,1900-01-01 00:00:00,189,0.0,Short
52934,1900-01-01 00:00:00,1900-01-01 00:00:00,154,0.0,Short
52935,1900-01-01 00:00:00,1900-01-01 00:00:00,154,0.0,Short
52938,1900-01-01 00:00:00,1900-01-01 00:00:00,175,0.0,Short
52939,1900-01-01 00:00:00,1900-01-01 00:00:00,175,0.0,Short
52940,1900-01-01 00:00:00,1900-01-01 00:00:00,154,0.0,Short
52941,1900-01-01 00:00:00,1900-01-01 00:00:00,154,0.0,Short
52942,1900-01-01 00:00:00,1900-01-01 00:00:00,154,0.0,Short
52943,1900-01-01 00:00:00,1900-01-01 00:00:00,154,0.0,Short
52944,1900-01-01 00:00:00,1900-01-01 00:00:00,154,0.0,Short
52945,1900-01-01 00:00:00,1900-01-01 00:00:00,154,0.0,Short
52946,1900-01-01 00:00:00,1900-01-01 00:00:00,189,0.0,Short
52947,1900-01-01 00:00:00,1900-01-01 00:00:00,104,0.0,Short
52948,1900-01-01 00:00:00,1900-01-01 00:00:00,104,0.0,Short
52949,1900-01-01 00:00:00,1900-01-01 00:00:00,95,0.0,Short
52950,1900-01-01 00:00:00,1900-01-01 00:00:00,95,0.0,Short
52951,1900-01-01 00:00:00,1900-01-01 00:00:00,159,0.0,Short
52952,1900-01-01 00:00:00,1900-01-01 00:00:00,159,0.0,Short
52953,1900-01-01 00:00:00,1900-01-01 00:00:00,70,0.0,Short
52954,1900-01-01 00:00:00,1900-01-01 00:00:00,70,0.0,Short
52955,1900-01-01 00:00:00,1900-01-01 00:00:00,133,0.0,Short
52956,1900-01-01 00:00:00,1900-01-01 00:00:00,133,0.0,Short
52963,1900-01-01 06:45:00,1900-01-01 09:05:00,63,2.3333333333333335,Short
52964,1900-01-01 14:00:00,1900-01-01 16:30:00,63,2.5,Short
52973,1900-01-01 19:30:00,1900-01-01 22:00:00,63,2.5,Short
52974,1900-01-01 06:05:00,1900-01-01 08:35:00,63,2.5,Short
52975,1900-01-01 14:00:00,1900-01-01 16:30:00,63,2.5,Short
52976,1900-01-01 18:45:00,1900-01-01 21:15:00,63,2.5,Short
52987,1900-01-01 00:00:00,1900-01-01 00:00:00,63,0.0,Short
52988,1900-01-01 00:00:00,1900-01-01 00:00:00,63,0.0,Short
53001,1900-01-01 16:00:00,1900-01-01 22:00:00,209,6.0,Short
53002,1900-01-01 21:05:00,1900-01-01 03:50:00,216,6.75,Short
53005,1900-01-01 08:05:00,1900-01-01 10:20:00,65,2.25,Short
53006,1900-01-01 03:30:00,1900-01-01 05:20:00,72,1.8333333333333333,Short
53007,1900-01-01 09:00:00,1900-01-01 13:30:00,131,4.5,Short
53008,1900-01-01 09:00:00,1900-01-01 14:30:00,131,5.5,Short
53009,1900-01-01 11:55:00,1900-01-01 14:00:00,65,2.0833333333333335,Short
53010,1900-01-01 04:40:00,1900-01-01 06:50:00,72,2.1666666666666665,Short
53011,1900-01-01 13:50:00,1900-01-01 15:50:00,65,2.0,Short
53012,1900-01-01 07:20:00,1900-01-01 09:35:00,72,2.25,Short
53013,1900-01-01 16:00:00,1900-01-01 18:00:00,72,2.0,Short
53014,1900-01-01 08:55:00,1900-01-01 10:55:00,72,2.0,Short
53015,1900-01-01 18:45:00,1900-01-01 20:45:00,65,2.0,Short
53016,1900-01-01 13:05:00,1900-01-01 15:25:00,72,2.3333333333333335,Short
53017,1900-01-01 19:20:00,1900-01-01 21:35:00,72,2.25,Short
53018,1900-01-01 15:15:00,1900-01-01 17:28:00,72,2.216666666666667,Short
53019,1900-01-01 21:55:00,1900-01-01 23:45:00,65,1.8333333333333333,Short
53020,1900-01-01 16:40:00,1900-01-01 18:42:00,65,2.033333333333333,Short
53021,1900-01-01 03:15:00,1900-01-01 08:25:00,142,5.166666666666667,Short
53022,1900-01-01 14:15:00,1900-01-01 19:30:00,142,5.25,Short
53023,1900-01-01 05:40:00,1900-01-01 07:35:00,59,1.9166666666666667,Short
53024,1900-01-01 22:25:00,1900-01-01 00:05:00,59,1.6666666666666679,Short
53025,1900-01-01 09:15:00,1900-01-01 11:05:00,59,1.8333333333333333,Short
53026,1900-01-01 17:50:00,1900-01-01 20:00:00,59,2.1666666666666665,Short
53027,1900-01-01 16:05:00,1900-01-01 19:45:00,112,3.6666666666666665,Short
53028,1900-01-01 07:10:00,1900-01-01 11:00:00,112,3.8333333333333335,Short
53029,1900-01-01 16:25:00,1900-01-01 01:20:00,217,8.916666666666666,Short
53030,1900-01-01 04:45:00,1900-01-01 12:55:00,217,8.166666666666666,Short
53031,1900-01-01 18:25:00,1900-01-01 20:25:00,59,2.0,Short
53034,1900-01-01 15:45:00,1900-01-01 17:30:00,59,1.75,Short
53035,1900-01-01 21:20:00,1900-01-01 01:35:00,87,4.25,Short
53036,1900-01-01 03:45:00,1900-01-01 06:30:00,87,2.75,Short
53037,1900-01-01 08:45:00,1900-01-01 11:05:00,74,2.3333333333333335,Short
53038,1900-01-01 11:40:00,1900-01-01 14:05:00,74,2.4166666666666665,Short
53041,1900-01-01 07:15:00,1900-01-01 12:35:00,718,5.333333333333333,Medium
53042,1900-01-01 20:10:00,1900-01-01 23:00:00,718,2.8333333333333335,Medium
53043,1900-01-01 11:10:00,1900-01-01 10:55:00,653,23.75,Medium
53044,1900-01-01 12:30:00,1900-01-01 12:10:00,653,23.666666666666668,Medium
53045,1900-01-01 16:25:00,1900-01-01 22:15:00,286,5.833333333333333,Short
53046,1900-01-01 05:30:00,1900-01-01 11:35:00,287,6.083333333333333,Short
53047,1900-01-01 16:40:00,1900-01-01 21:25:00,218,4.75,Short
53048,1900-01-01 05:10:00,1900-01-01 10:10:00,218,5.0,Short
53049,1900-01-01 23:10:00,1900-01-01 11:10:00,453,12.0,Medium
53050,1900-01-01 12:10:00,1900-01-01 03:00:00,454,14.833333333333334,Medium
53061,1900-01-01 06:15:00,1900-01-01 18:10:00,348,11.916666666666666,Medium
53062,1900-01-01 07:55:00,1900-01-01 20:50:00,346,12.916666666666666,Medium
53063,1900-01-01 06:30:00,1900-01-01 11:30:00,194,5.0,Short
53064,1900-01-01 14:45:00,1900-01-01 20:40:00,194,5.916666666666667,Short
53068,1900-01-01 09:35:00,1900-01-01 12:10:00,111,2.5833333333333335,Short
53069,1900-01-01 20:15:00,1900-01-01 22:55:00,111,2.6666666666666665,Short
53073,1900-01-01 20:45:00,1900-01-01 00:20:00,137,3.583333333333332,Short
53074,1900-01-01 04:45:00,1900-01-01 08:20:00,137,3.5833333333333335,Short
53075,1900-01-01 23:00:00,1900-01-01 00:55:00,82,1.9166666666666679,Short
53076,1900-01-01 02:10:00,1900-01-01 04:20:00,82,2.1666666666666665,Short
53081,1900-01-01 00:00:00,1900-01-01 00:00:00,64,0.0,Short
53131,1900-01-01 05:50:00,1900-01-01 00:15:00,571,18.416666666666668,Medium
53132,1900-01-01 07:40:00,1900-01-01 03:25:00,572,19.75,Medium
53137,1900-01-01 04:40:00,1900-01-01 06:35:00,82,1.9166666666666667,Short
53138,1900-01-01 09:50:00,1900-01-01 12:00:00,82,2.1666666666666665,Short
53139,1900-01-01 22:25:00,1900-01-01 05:50:00,324,7.416666666666668,Medium
53140,1900-01-01 07:00:00,1900-01-01 13:35:00,325,6.583333333333333,Medium
53171,1900-01-01 03:45:00,1900-01-01 09:35:00,231,5.833333333333333,Short
53172,1900-01-01 22:00:00,1900-01-01 04:30:00,229,6.5,Short
53175,1900-01-01 12:40:00,1900-01-01 18:30:00,231,5.833333333333333,Short
53176,1900-01-01 06:50:00,1900-01-01 12:37:00,229,5.783333333333333,Short
53177,1900-01-01 16:40:00,1900-01-01 22:00:00,230,5.333333333333333,Short
53178,1900-01-01 09:00:00,1900-01-01 15:10:00,229,6.166666666666667,Short
53179,1900-01-01 14:00:00,1900-01-01 19:35:00,223,5.583333333333333,Short
53180,1900-01-01 14:15:00,1900-01-01 20:20:00,222,6.083333333333333,Short
53181,1900-01-01 23:30:00,1900-01-01 05:10:00,230,5.666666666666668,Short
53186,1900-01-01 07:20:00,1900-01-01 12:45:00,229,5.416666666666667,Short
53207,1900-01-01 14:00:00,1900-01-01 16:20:00,42,2.3333333333333335,Short
53208,1900-01-01 11:30:00,1900-01-01 13:05:00,42,1.5833333333333333,Short
53209,1900-01-01 07:00:00,1900-01-01 10:30:00,71,3.5,Short
53210,1900-01-01 17:20:00,1900-01-01 21:10:00,71,3.8333333333333335,Short
53211,1900-01-01 15:10:00,1900-01-01 19:40:00,146,4.5,Short
53212,1900-01-01 05:30:00,1900-01-01 11:20:00,146,5.833333333333333,Short
53213,1900-01-01 14:00:00,1900-01-01 17:05:00,94,3.0833333333333335,Short
53214,1900-01-01 18:00:00,1900-01-01 21:10:00,88,3.1666666666666665,Short
53221,1900-01-01 21:40:00,1900-01-01 00:10:00,53,2.5,Short
53222,1900-01-01 16:00:00,1900-01-01 18:30:00,53,2.5,Short
53223,1900-01-01 09:30:00,1900-01-01 12:30:00,53,3.0,Short
53224,1900-01-01 05:45:00,1900-01-01 08:45:00,53,3.0,Short
53225,1900-01-01 14:05:00,1900-01-01 19:35:00,140,5.5,Short
53226,1900-01-01 08:07:00,1900-01-01 14:00:00,140,5.883333333333334,Short
53229,1900-01-01 05:00:00,1900-01-01 10:00:00,108,5.0,Short
53230,1900-01-01 18:20:00,1900-01-01 23:15:00,108,4.916666666666667,Short
53231,1900-01-01 15:30:00,1900-01-01 00:05:00,154,8.583333333333334,Short
53232,1900-01-01 08:35:00,1900-01-01 15:00:00,154,6.416666666666667,Short
53323,1900-01-01 08:30:00,1900-01-01 09:50:00,27,1.3333333333333333,Short
53324,1900-01-01 06:10:00,1900-01-01 07:35:00,27,1.4166666666666667,Short
53327,1900-01-01 13:40:00,1900-01-01 15:45:00,56,2.0833333333333335,Short
53328,1900-01-01 16:15:00,1900-01-01 18:30:00,56,2.25,Short
53333,1900-01-01 19:35:00,1900-01-01 21:05:00,27,1.5,Short
53334,1900-01-01 12:00:00,1900-01-01 13:10:00,27,1.1666666666666667,Short
53343,1900-01-01 05:40:00,1900-01-01 19:00:00,460,13.333333333333334,Medium
53344,1900-01-01 06:35:00,1900-01-01 19:45:00,460,13.166666666666666,Medium
53345,1900-01-01 04:20:00,1900-01-01 12:55:00,223,8.583333333333334,Short
53346,1900-01-01 14:50:00,1900-01-01 22:45:00,223,7.916666666666667,Short
53347,1900-01-01 09:50:00,1900-01-01 16:50:00,258,7.0,Short
53348,1900-01-01 05:50:00,1900-01-01 13:55:00,258,8.083333333333334,Short
53349,1900-01-01 17:20:00,1900-01-01 21:35:00,159,4.25,Short
53350,1900-01-01 05:35:00,1900-01-01 10:10:00,159,4.583333333333333,Short
53351,1900-01-01 03:00:00,1900-01-01 11:55:00,304,8.916666666666666,Medium
53352,1900-01-01 14:00:00,1900-01-01 23:20:00,304,9.333333333333334,Medium
53357,1900-01-01 06:50:00,1900-01-01 15:00:00,316,8.166666666666666,Medium
53358,1900-01-01 15:40:00,1900-01-01 23:55:00,316,8.25,Medium
53363,1900-01-01 10:10:00,1900-01-01 12:15:00,85,2.0833333333333335,Short
53364,1900-01-01 13:20:00,1900-01-01 15:30:00,85,2.1666666666666665,Short
53365,1900-01-01 09:30:00,1900-01-01 12:00:00,87,2.5,Short
53366,1900-01-01 06:00:00,1900-01-01 08:30:00,87,2.5,Short
53369,1900-01-01 18:15:00,1900-01-01 20:45:00,87,2.5,Short
53370,1900-01-01 14:45:00,1900-01-01 17:15:00,87,2.5,Short
53371,1900-01-01 06:00:00,1900-01-01 10:30:00,139,4.5,Short
53372,1900-01-01 06:00:00,1900-01-01 10:20:00,139,4.333333333333333,Short
53373,1900-01-01 12:50:00,1900-01-01 17:00:00,139,4.166666666666667,Short
53374,1900-01-01 18:00:00,1900-01-01 22:20:00,139,4.333333333333333,Short
53401,1900-01-01 06:00:00,1900-01-01 09:15:00,103,3.25,Short
53402,1900-01-01 16:20:00,1900-01-01 19:25:00,103,3.0833333333333335,Short
53403,1900-01-01 05:40:00,1900-01-01 00:02:00,433,18.366666666666667,Medium
53404,1900-01-01 06:20:00,1900-01-01 12:50:00,174,6.5,Short
53405,1900-01-01 07:45:00,1900-01-01 11:11:00,137,3.433333333333333,Short
53406,1900-01-01 19:25:00,1900-01-01 23:30:00,137,4.083333333333333,Short
53408,1900-01-01 13:05:00,1900-01-01 21:50:00,259,8.75,Short
53411,1900-01-01 12:30:00,1900-01-01 14:00:00,54,1.5,Short
53412,1900-01-01 12:10:00,1900-01-01 13:40:00,54,1.5,Short
53415,1900-01-01 15:25:00,1900-01-01 19:55:00,127,4.5,Short
53416,1900-01-01 07:30:00,1900-01-01 11:35:00,127,4.083333333333333,Short
53417,1900-01-01 05:00:00,1900-01-01 11:00:00,233,6.0,Short
53418,1900-01-01 15:00:00,1900-01-01 21:40:00,233,6.666666666666667,Short
53423,1900-01-01 12:00:00,1900-01-01 13:15:00,45,1.25,Short
53424,1900-01-01 13:45:00,1900-01-01 15:10:00,44,1.4166666666666667,Short
53431,1900-01-01 07:05:00,1900-01-01 11:55:00,127,4.833333333333333,Short
53432,1900-01-01 15:30:00,1900-01-01 19:25:00,127,3.9166666666666665,Short
53433,1900-01-01 08:40:00,1900-01-01 11:55:00,87,3.25,Short
53434,1900-01-01 14:20:00,1900-01-01 17:05:00,87,2.75,Short
53435,1900-01-01 06:00:00,1900-01-01 08:20:00,65,2.3333333333333335,Short
53436,1900-01-01 18:40:00,1900-01-01 21:05:00,65,2.4166666666666665,Short
53441,1900-01-01 10:40:00,1900-01-01 13:35:00,71,2.9166666666666665,Short
53442,1900-01-01 04:00:00,1900-01-01 06:55:00,72,2.9166666666666665,Short
53443,1900-01-01 00:00:00,1900-01-01 00:00:00,71,0.0,Short
53444,1900-01-01 12:05:00,1900-01-01 15:05:00,73,3.0,Short
53445,1900-01-01 22:00:00,1900-01-01 01:00:00,71,3.0,Short
53446,1900-01-01 18:45:00,1900-01-01 21:40:00,72,2.9166666666666665,Short
53447,1900-01-01 19:40:00,1900-01-01 21:55:00,50,2.25,Short
53448,1900-01-01 00:00:00,1900-01-01 00:00:00,51,0.0,Short
53449,1900-01-01 09:25:00,1900-01-01 11:40:00,50,2.25,Short
53450,1900-01-01 00:00:00,1900-01-01 00:00:00,51,0.0,Short
53451,1900-01-01 09:15:00,1900-01-01 10:35:00,41,1.3333333333333333,Short
53452,1900-01-01 07:00:00,1900-01-01 08:25:00,41,1.4166666666666667,Short
53479,1900-01-01 05:20:00,1900-01-01 06:40:00,45,1.3333333333333333,Short
53480,1900-01-01 07:40:00,1900-01-01 09:05:00,44,1.4166666666666667,Short
53481,1900-01-01 03:50:00,1900-01-01 04:15:00,11,0.4166666666666667,Short
53482,1900-01-01 02:00:00,1900-01-01 02:25:00,11,0.4166666666666667,Short
53483,1900-01-01 05:45:00,1900-01-01 06:10:00,11,0.4166666666666667,Short
53484,1900-01-01 04:35:00,1900-01-01 05:00:00,11,0.4166666666666667,Short
53485,1900-01-01 09:50:00,1900-01-01 10:18:00,11,0.4666666666666667,Short
53486,1900-01-01 06:30:00,1900-01-01 06:55:00,11,0.4166666666666667,Short
53487,1900-01-01 13:47:00,1900-01-01 14:15:00,11,0.4666666666666667,Short
53488,1900-01-01 12:00:00,1900-01-01 12:25:00,11,0.4166666666666667,Short
53489,1900-01-01 16:20:00,1900-01-01 16:45:00,11,0.4166666666666667,Short
53490,1900-01-01 14:55:00,1900-01-01 15:20:00,11,0.4166666666666667,Short
53491,1900-01-01 19:10:00,1900-01-01 19:35:00,11,0.4166666666666667,Short
53492,1900-01-01 17:10:00,1900-01-01 17:38:00,11,0.4666666666666667,Short
53493,1900-01-01 21:30:00,1900-01-01 21:55:00,11,0.4166666666666667,Short
53494,1900-01-01 20:00:00,1900-01-01 20:25:00,11,0.4166666666666667,Short
53495,1900-01-01 23:30:00,1900-01-01 23:55:00,11,0.4166666666666667,Short
53496,1900-01-01 22:20:00,1900-01-01 22:45:00,11,0.4166666666666667,Short
53497,1900-01-01 21:25:00,1900-01-01 23:05:00,52,1.6666666666666667,Short
53498,1900-01-01 18:58:00,1900-01-01 21:05:00,52,2.1166666666666667,Short
53511,1900-01-01 03:20:00,1900-01-01 04:20:00,38,1.0,Short
53512,1900-01-01 04:50:00,1900-01-01 05:45:00,37,0.9166666666666666,Short
53513,1900-01-01 08:00:00,1900-01-01 09:00:00,38,1.0,Short
53514,1900-01-01 00:00:00,1900-01-01 00:00:00,37,0.0,Short
53515,1900-01-01 12:15:00,1900-01-01 13:15:00,38,1.0,Short
53516,1900-01-01 13:35:00,1900-01-01 14:35:00,37,1.0,Short
53517,1900-01-01 16:20:00,1900-01-01 17:20:00,38,1.0,Short
53518,1900-01-01 17:40:00,1900-01-01 18:35:00,37,0.9166666666666666,Short
53519,1900-01-01 21:35:00,1900-01-01 22:30:00,38,0.9166666666666666,Short
53520,1900-01-01 22:50:00,1900-01-01 23:45:00,37,0.9166666666666666,Short
53523,1900-01-01 16:30:00,1900-01-01 22:45:00,188,6.25,Short
53524,1900-01-01 03:00:00,1900-01-01 09:50:00,188,6.833333333333333,Short
53525,1900-01-01 04:00:00,1900-01-01 17:40:00,453,13.666666666666666,Medium
53526,1900-01-01 07:00:00,1900-01-01 20:30:00,453,13.5,Medium
53551,1900-01-01 09:25:00,1900-01-01 11:05:00,70,1.6666666666666667,Short
53552,1900-01-01 07:25:00,1900-01-01 09:05:00,70,1.6666666666666667,Short
53553,1900-01-01 13:25:00,1900-01-01 15:05:00,70,1.6666666666666667,Short
53554,1900-01-01 11:25:00,1900-01-01 13:05:00,70,1.6666666666666667,Short
53555,1900-01-01 18:00:00,1900-01-01 19:45:00,70,1.75,Short
53556,1900-01-01 15:50:00,1900-01-01 17:35:00,70,1.75,Short
53611,1900-01-01 05:30:00,1900-01-01 10:05:00,159,4.583333333333333,Short
53612,1900-01-01 19:05:00,1900-01-01 23:50:00,159,4.75,Short
53615,1900-01-01 08:15:00,1900-01-01 14:20:00,174,6.083333333333333,Short
53616,1900-01-01 15:00:00,1900-01-01 20:20:00,174,5.333333333333333,Short
53623,1900-01-01 14:00:00,1900-01-01 20:25:00,183,6.416666666666667,Short
53624,1900-01-01 05:05:00,1900-01-01 13:00:00,183,7.916666666666667,Short
53625,1900-01-01 04:55:00,1900-01-01 10:10:00,129,5.25,Short
53626,1900-01-01 07:20:00,1900-01-01 12:10:00,129,4.833333333333333,Short
53627,1900-01-01 06:10:00,1900-01-01 11:35:00,129,5.416666666666667,Short
53628,1900-01-01 11:15:00,1900-01-01 17:00:00,129,5.75,Short
53629,1900-01-01 13:15:00,1900-01-01 18:00:00,129,4.75,Short
53630,1900-01-01 19:00:00,1900-01-01 23:45:00,129,4.75,Short
53631,1900-01-01 18:00:00,1900-01-01 22:05:00,129,4.083333333333333,Short
53632,1900-01-01 20:55:00,1900-01-01 01:30:00,129,4.583333333333332,Short
53641,1900-01-01 19:20:00,1900-01-01 21:45:00,53,2.4166666666666665,Short
53642,1900-01-01 06:35:00,1900-01-01 08:05:00,53,1.5,Short
53643,1900-01-01 08:15:00,1900-01-01 09:15:00,18,1.0,Short
53644,1900-01-01 09:45:00,1900-01-01 10:45:00,18,1.0,Short
53645,1900-01-01 12:10:00,1900-01-01 13:10:00,18,1.0,Short
53646,1900-01-01 13:40:00,1900-01-01 14:40:00,18,1.0,Short
53647,1900-01-01 16:30:00,1900-01-01 17:30:00,18,1.0,Short
53648,1900-01-01 18:00:00,1900-01-01 19:00:00,18,1.0,Short
54001,1900-01-01 18:35:00,1900-01-01 21:15:00,73,2.6666666666666665,Short
54002,1900-01-01 06:15:00,1900-01-01 08:43:00,73,2.466666666666667,Short
54005,1900-01-01 04:15:00,1900-01-01 08:10:00,119,3.9166666666666665,Short
54006,1900-01-01 04:35:00,1900-01-01 09:10:00,141,4.583333333333333,Short
54007,1900-01-01 09:30:00,1900-01-01 13:50:00,141,4.333333333333333,Short
54008,1900-01-01 10:00:00,1900-01-01 14:10:00,141,4.166666666666667,Short
54009,1900-01-01 17:50:00,1900-01-01 22:30:00,141,4.666666666666667,Short
54010,1900-01-01 22:50:00,1900-01-01 23:35:00,33,0.75,Short
54011,1900-01-01 17:45:00,1900-01-01 00:25:00,227,6.666666666666668,Short
54012,1900-01-01 02:40:00,1900-01-01 09:08:00,227,6.466666666666667,Short
54013,1900-01-01 14:05:00,1900-01-01 15:10:00,49,1.0833333333333333,Short
54014,1900-01-01 07:25:00,1900-01-01 09:00:00,49,1.5833333333333333,Short
54015,1900-01-01 17:45:00,1900-01-01 19:20:00,49,1.5833333333333333,Short
54016,1900-01-01 09:50:00,1900-01-01 11:05:00,49,1.25,Short
54018,1900-01-01 15:55:00,1900-01-01 17:20:00,49,1.4166666666666667,Short
54019,1900-01-01 05:05:00,1900-01-01 06:45:00,81,1.6666666666666667,Short
54023,1900-01-01 07:00:00,1900-01-01 08:20:00,57,1.3333333333333333,Short
54024,1900-01-01 17:40:00,1900-01-01 22:15:00,127,4.583333333333333,Short
54025,1900-01-01 11:15:00,1900-01-01 14:00:00,60,2.75,Short
54026,1900-01-01 14:50:00,1900-01-01 16:35:00,71,1.75,Short
54031,1900-01-01 11:45:00,1900-01-01 15:20:00,127,3.5833333333333335,Short
54032,1900-01-01 07:20:00,1900-01-01 11:00:00,127,3.6666666666666665,Short
54033,1900-01-01 17:25:00,1900-01-01 22:25:00,160,5.0,Short
54034,1900-01-01 15:50:00,1900-01-01 19:45:00,127,3.9166666666666665,Short
54035,1900-01-01 15:40:00,1900-01-01 21:40:00,199,6.0,Short
54036,1900-01-01 04:45:00,1900-01-01 10:20:00,199,5.583333333333333,Short
54037,1900-01-01 07:45:00,1900-01-01 11:10:00,120,3.4166666666666665,Short
54038,1900-01-01 04:15:00,1900-01-01 07:15:00,119,3.0,Short
54039,1900-01-01 12:25:00,1900-01-01 15:40:00,120,3.25,Short
54040,1900-01-01 08:25:00,1900-01-01 11:30:00,119,3.0833333333333335,Short
54041,1900-01-01 18:20:00,1900-01-01 21:25:00,120,3.0833333333333335,Short
54042,1900-01-01 13:05:00,1900-01-01 16:15:00,119,3.1666666666666665,Short
54043,1900-01-01 16:40:00,1900-01-01 00:40:00,327,8.0,Medium
54044,1900-01-01 05:00:00,1900-01-01 14:50:00,327,9.833333333333334,Medium
54045,1900-01-01 03:25:00,1900-01-01 12:35:00,257,9.166666666666666,Short
54046,1900-01-01 14:40:00,1900-01-01 22:00:00,257,7.333333333333333,Short
54047,1900-01-01 21:50:00,1900-01-01 00:45:00,120,2.916666666666668,Short
54048,1900-01-01 17:45:00,1900-01-01 21:05:00,119,3.3333333333333335,Short
54049,1900-01-01 04:05:00,1900-01-01 08:25:00,141,4.333333333333333,Short
54050,1900-01-01 16:05:00,1900-01-01 20:20:00,141,4.25,Short
54051,1900-01-01 10:05:00,1900-01-01 13:10:00,123,3.0833333333333335,Short
54052,1900-01-01 14:00:00,1900-01-01 16:50:00,123,2.8333333333333335,Short
54053,1900-01-01 05:20:00,1900-01-01 08:35:00,128,3.25,Short
54054,1900-01-01 18:50:00,1900-01-01 22:25:00,128,3.5833333333333335,Short
54055,1900-01-01 16:15:00,1900-01-01 22:10:00,160,5.916666666666667,Short
54056,1900-01-01 10:00:00,1900-01-01 15:35:00,160,5.583333333333333,Short
54057,1900-01-01 21:00:00,1900-01-01 00:40:00,93,3.666666666666668,Short
54058,1900-01-01 03:15:00,1900-01-01 06:55:00,93,3.6666666666666665,Short
54059,1900-01-01 23:05:00,1900-01-01 01:35:00,90,2.5,Short
54060,1900-01-01 06:30:00,1900-01-01 10:10:00,93,3.6666666666666665,Short
54075,1900-01-01 14:25:00,1900-01-01 03:40:00,408,13.25,Medium
54076,1900-01-01 23:50:00,1900-01-01 13:35:00,408,13.75,Medium
54077,1900-01-01 17:55:00,1900-01-01 22:20:00,110,4.416666666666667,Short
54078,1900-01-01 04:45:00,1900-01-01 09:35:00,110,4.833333333333333,Short
54085,1900-01-01 06:55:00,1900-01-01 09:35:00,82,2.6666666666666665,Short
54086,1900-01-01 10:25:00,1900-01-01 13:35:00,82,3.1666666666666665,Short
54091,1900-01-01 20:05:00,1900-01-01 20:55:00,24,0.8333333333333334,Short
54092,1900-01-01 07:00:00,1900-01-01 07:50:00,24,0.8333333333333334,Short
54101,1900-01-01 16:55:00,1900-01-01 23:10:00,208,6.25,Short
54102,1900-01-01 02:55:00,1900-01-01 09:00:00,208,6.083333333333333,Short
54103,1900-01-01 00:00:00,1900-01-01 00:00:00,120,0.0,Short
54104,1900-01-01 00:00:00,1900-01-01 00:00:00,120,0.0,Short
54107,1900-01-01 17:00:00,1900-01-01 22:10:00,113,5.166666666666667,Short
54108,1900-01-01 05:35:00,1900-01-01 10:10:00,113,4.583333333333333,Short
54109,1900-01-01 16:25:00,1900-01-01 23:20:00,214,6.916666666666667,Short
54110,1900-01-01 03:20:00,1900-01-01 10:25:00,214,7.083333333333333,Short
54152,1900-01-01 00:00:00,1900-01-01 00:00:00,77,0.0,Short
54153,1900-01-01 02:50:00,1900-01-01 08:40:00,167,5.833333333333333,Short
54154,1900-01-01 16:32:00,1900-01-01 22:10:00,167,5.633333333333334,Short
54155,1900-01-01 12:40:00,1900-01-01 17:05:00,138,4.416666666666667,Short
54156,1900-01-01 10:10:00,1900-01-01 14:20:00,139,4.166666666666667,Short
54158,1900-01-01 00:00:00,1900-01-01 00:00:00,136,0.0,Short
54159,1900-01-01 07:10:00,1900-01-01 18:45:00,397,11.583333333333334,Medium
54161,1900-01-01 04:05:00,1900-01-01 10:40:00,261,6.583333333333333,Short
54162,1900-01-01 16:20:00,1900-01-01 23:00:00,261,6.666666666666667,Short
54201,1900-01-01 13:30:00,1900-01-01 14:35:00,37,1.0833333333333333,Short
54211,1900-01-01 06:15:00,1900-01-01 10:35:00,128,4.333333333333333,Short
54212,1900-01-01 14:20:00,1900-01-01 19:00:00,128,4.666666666666667,Short
54221,1900-01-01 05:05:00,1900-01-01 06:55:00,57,1.8333333333333333,Short
54222,1900-01-01 07:25:00,1900-01-01 09:40:00,57,2.25,Short
54223,1900-01-01 17:30:00,1900-01-01 19:55:00,57,2.4166666666666665,Short
54224,1900-01-01 20:40:00,1900-01-01 22:40:00,57,2.0,Short
54225,1900-01-01 09:55:00,1900-01-01 10:45:00,37,0.8333333333333334,Short
54226,1900-01-01 08:35:00,1900-01-01 09:25:00,37,0.8333333333333334,Short
54227,1900-01-01 17:15:00,1900-01-01 18:30:00,37,1.25,Short
54228,1900-01-01 15:45:00,1900-01-01 16:35:00,37,0.8333333333333334,Short
54231,1900-01-01 05:40:00,1900-01-01 09:20:00,127,3.6666666666666665,Short
54232,1900-01-01 04:40:00,1900-01-01 08:55:00,127,4.25,Short
54233,1900-01-01 16:00:00,1900-01-01 19:10:00,127,3.1666666666666665,Short
54234,1900-01-01 17:05:00,1900-01-01 21:25:00,127,4.333333333333333,Short
54237,1900-01-01 20:20:00,1900-01-01 21:50:00,46,1.5,Short
54238,1900-01-01 04:45:00,1900-01-01 06:15:00,45,1.5,Short
54239,1900-01-01 08:25:00,1900-01-01 09:25:00,38,1.0,Short
54240,1900-01-01 09:55:00,1900-01-01 10:50:00,38,0.9166666666666666,Short
54243,1900-01-01 17:10:00,1900-01-01 18:10:00,38,1.0,Short
54244,1900-01-01 18:45:00,1900-01-01 19:50:00,38,1.0833333333333333,Short
54251,1900-01-01 20:00:00,1900-01-01 18:50:00,508,22.833333333333332,Medium
54252,1900-01-01 08:15:00,1900-01-01 04:05:00,518,19.833333333333332,Medium
54253,1900-01-01 15:05:00,1900-01-01 00:15:00,225,9.166666666666666,Short
54254,1900-01-01 04:50:00,1900-01-01 12:10:00,225,7.333333333333333,Short
54255,1900-01-01 06:00:00,1900-01-01 14:55:00,301,8.916666666666666,Medium
54256,1900-01-01 11:10:00,1900-01-01 21:20:00,301,10.166666666666666,Medium
54261,1900-01-01 19:30:00,1900-01-01 22:30:00,75,3.0,Short
54262,1900-01-01 03:15:00,1900-01-01 05:15:00,57,2.0,Short
54263,1900-01-01 07:00:00,1900-01-01 10:30:00,143,3.5,Short
54264,1900-01-01 06:35:00,1900-01-01 10:15:00,143,3.6666666666666665,Short
54265,1900-01-01 16:15:00,1900-01-01 20:10:00,143,3.9166666666666665,Short
54266,1900-01-01 18:30:00,1900-01-01 22:45:00,143,4.25,Short
54267,1900-01-01 08:55:00,1900-01-01 09:45:00,18,0.8333333333333334,Short
54268,1900-01-01 07:40:00,1900-01-01 08:30:00,18,0.8333333333333334,Short
54270,1900-01-01 18:25:00,1900-01-01 19:12:00,18,0.7833333333333333,Short
54271,1900-01-01 12:00:00,1900-01-01 19:10:00,198,7.166666666666667,Short
54272,1900-01-01 19:22:00,1900-01-01 01:10:00,198,5.800000000000001,Short
54273,1900-01-01 03:10:00,1900-01-01 06:35:00,97,3.4166666666666665,Short
54274,1900-01-01 07:00:00,1900-01-01 11:20:00,97,4.333333333333333,Short
54281,1900-01-01 05:30:00,1900-01-01 09:35:00,139,4.083333333333333,Short
54282,1900-01-01 06:05:00,1900-01-01 10:20:00,139,4.25,Short
54283,1900-01-01 19:30:00,1900-01-01 00:40:00,139,5.166666666666668,Short
54284,1900-01-01 18:55:00,1900-01-01 22:45:00,139,3.8333333333333335,Short
54291,1900-01-01 17:15:00,1900-01-01 20:55:00,128,3.6666666666666665,Short
54292,1900-01-01 05:05:00,1900-01-01 09:20:00,128,4.25,Short
54293,1900-01-01 06:35:00,1900-01-01 12:10:00,172,5.583333333333333,Short
54294,1900-01-01 13:50:00,1900-01-01 20:25:00,172,6.583333333333333,Short
54303,1900-01-01 15:20:00,1900-01-01 23:50:00,266,8.5,Short
54304,1900-01-01 07:05:00,1900-01-01 19:40:00,331,12.583333333333334,Medium
54307,1900-01-01 17:00:00,1900-01-01 23:10:00,160,6.166666666666667,Short
54308,1900-01-01 01:40:00,1900-01-01 08:00:00,160,6.333333333333333,Short
54309,1900-01-01 05:20:00,1900-01-01 08:10:00,82,2.8333333333333335,Short
54310,1900-01-01 09:30:00,1900-01-01 12:20:00,82,2.8333333333333335,Short
54311,1900-01-01 12:20:00,1900-01-01 15:50:00,110,3.5,Short
54312,1900-01-01 07:50:00,1900-01-01 11:35:00,110,3.75,Short
54313,1900-01-01 18:55:00,1900-01-01 20:50:00,43,1.9166666666666667,Short
54314,1900-01-01 16:30:00,1900-01-01 18:15:00,43,1.75,Short
54321,1900-01-01 07:40:00,1900-01-01 12:33:00,64,4.883333333333334,Short
54322,1900-01-01 00:00:00,1900-01-01 00:00:00,64,0.0,Short
54323,1900-01-01 15:40:00,1900-01-01 18:05:00,98,2.4166666666666665,Short
54324,1900-01-01 12:40:00,1900-01-01 15:00:00,97,2.3333333333333335,Short
54325,1900-01-01 00:00:00,1900-01-01 00:00:00,176,0.0,Short
54326,1900-01-01 00:00:00,1900-01-01 00:00:00,176,0.0,Short
54327,1900-01-01 00:00:00,1900-01-01 00:00:00,86,0.0,Short
54328,1900-01-01 07:05:00,1900-01-01 09:25:00,86,2.3333333333333335,Short
54329,1900-01-01 17:50:00,1900-01-01 21:15:00,95,3.4166666666666665,Short
54330,1900-01-01 00:00:00,1900-01-01 00:00:00,95,0.0,Short
54331,1900-01-01 17:05:00,1900-01-01 19:30:00,68,2.4166666666666665,Short
54332,1900-01-01 00:00:00,1900-01-01 00:00:00,68,0.0,Short
54333,1900-01-01 03:45:00,1900-01-01 16:15:00,323,12.5,Medium
54334,1900-01-01 11:00:00,1900-01-01 21:40:00,323,10.666666666666666,Medium
54335,1900-01-01 07:00:00,1900-01-01 10:50:00,117,3.8333333333333335,Short
54336,1900-01-01 14:40:00,1900-01-01 18:35:00,117,3.9166666666666665,Short
54341,1900-01-01 14:10:00,1900-01-01 20:35:00,131,6.416666666666667,Short
54342,1900-01-01 00:00:00,1900-01-01 00:00:00,131,0.0,Short
54351,1900-01-01 11:30:00,1900-01-01 17:40:00,164,6.166666666666667,Short
54352,1900-01-01 00:00:00,1900-01-01 00:00:00,164,0.0,Short
54353,1900-01-01 00:00:00,1900-01-01 00:00:00,164,0.0,Short
54354,1900-01-01 09:00:00,1900-01-01 14:50:00,164,5.833333333333333,Short
54355,1900-01-01 00:00:00,1900-01-01 00:00:00,78,0.0,Short
54356,1900-01-01 18:40:00,1900-01-01 21:50:00,78,3.1666666666666665,Short
54371,1900-01-01 04:00:00,1900-01-01 10:45:00,150,6.75,Short
54372,1900-01-01 13:20:00,1900-01-01 18:30:00,150,5.166666666666667,Short
54373,1900-01-01 07:45:00,1900-01-01 12:40:00,150,4.916666666666667,Short
54374,1900-01-01 17:45:00,1900-01-01 23:15:00,150,5.5,Short
54375,1900-01-01 06:50:00,1900-01-01 10:55:00,107,4.083333333333333,Short
54376,1900-01-01 17:00:00,1900-01-01 20:55:00,107,3.9166666666666665,Short
54377,1900-01-01 00:55:00,1900-01-01 15:25:00,429,14.5,Medium
54378,1900-01-01 08:05:00,1900-01-01 23:35:00,429,15.5,Medium
54381,1900-01-01 07:55:00,1900-01-01 11:40:00,106,3.75,Short
54382,1900-01-01 08:15:00,1900-01-01 12:50:00,106,4.583333333333333,Short
54383,1900-01-01 14:45:00,1900-01-01 18:45:00,106,4.0,Short
54384,1900-01-01 17:05:00,1900-01-01 20:55:00,106,3.8333333333333335,Short
54385,1900-01-01 08:55:00,1900-01-01 09:45:00,24,0.8333333333333334,Short
54386,1900-01-01 10:10:00,1900-01-01 11:00:00,24,0.8333333333333334,Short
54387,1900-01-01 11:25:00,1900-01-01 12:15:00,24,0.8333333333333334,Short
54388,1900-01-01 12:40:00,1900-01-01 13:30:00,24,0.8333333333333334,Short
54389,1900-01-01 17:15:00,1900-01-01 18:05:00,24,0.8333333333333334,Short
54390,1900-01-01 18:30:00,1900-01-01 19:20:00,24,0.8333333333333334,Short
54391,1900-01-01 00:00:00,1900-01-01 00:00:00,142,0.0,Short
54392,1900-01-01 17:20:00,1900-01-01 22:05:00,142,4.75,Short
54393,1900-01-01 10:00:00,1900-01-01 12:10:00,53,2.1666666666666665,Short
54394,1900-01-01 14:15:00,1900-01-01 16:35:00,53,2.3333333333333335,Short
54395,1900-01-01 19:10:00,1900-01-01 01:25:00,159,6.25,Short
54396,1900-01-01 03:35:00,1900-01-01 09:05:00,159,5.5,Short
54397,1900-01-01 16:05:00,1900-01-01 18:45:00,47,2.6666666666666665,Short
54398,1900-01-01 13:20:00,1900-01-01 15:40:00,47,2.3333333333333335,Short
54401,1900-01-01 06:00:00,1900-01-01 09:35:00,92,3.5833333333333335,Short
54402,1900-01-01 05:40:00,1900-01-01 10:00:00,92,4.333333333333333,Short
54403,1900-01-01 12:55:00,1900-01-01 16:05:00,92,3.1666666666666665,Short
54404,1900-01-01 10:45:00,1900-01-01 13:40:00,92,2.9166666666666665,Short
54405,1900-01-01 17:40:00,1900-01-01 21:10:00,92,3.5,Short
54406,1900-01-01 17:55:00,1900-01-01 20:50:00,92,2.9166666666666665,Short
54411,1900-01-01 14:55:00,1900-01-01 20:40:00,160,5.75,Short
54412,1900-01-01 06:45:00,1900-01-01 12:10:00,160,5.416666666666667,Short
54413,1900-01-01 03:15:00,1900-01-01 05:45:00,82,2.5,Short
54414,1900-01-01 07:05:00,1900-01-01 09:40:00,82,2.5833333333333335,Short
54416,1900-01-01 13:10:00,1900-01-01 15:40:00,82,2.5,Short
54417,1900-01-01 16:10:00,1900-01-01 18:45:00,82,2.5833333333333335,Short
54420,1900-01-01 19:25:00,1900-01-01 22:20:00,82,2.9166666666666665,Short
54421,1900-01-01 11:15:00,1900-01-01 14:25:00,82,3.1666666666666665,Short
54423,1900-01-01 17:00:00,1900-01-01 20:35:00,119,3.5833333333333335,Short
54424,1900-01-01 05:00:00,1900-01-01 08:40:00,119,3.6666666666666665,Short
54461,1900-01-01 14:50:00,1900-01-01 06:30:00,415,15.666666666666666,Medium
54462,1900-01-01 00:00:00,1900-01-01 00:00:00,416,0.0,Medium
54463,1900-01-01 00:00:00,1900-01-01 00:00:00,233,0.0,Short
54464,1900-01-01 00:00:00,1900-01-01 00:00:00,233,0.0,Short
54465,1900-01-01 15:45:00,1900-01-01 19:55:00,142,4.166666666666667,Short
54466,1900-01-01 05:45:00,1900-01-01 10:20:00,142,4.583333333333333,Short
54467,1900-01-01 05:40:00,1900-01-01 08:00:00,73,2.3333333333333335,Short
54468,1900-01-01 08:30:00,1900-01-01 10:10:00,73,1.6666666666666667,Short
54469,1900-01-01 10:50:00,1900-01-01 12:40:00,73,1.8333333333333333,Short
54470,1900-01-01 16:00:00,1900-01-01 17:50:00,73,1.8333333333333333,Short
54471,1900-01-01 17:35:00,1900-01-01 04:40:00,283,11.083333333333334,Short
54472,1900-01-01 00:00:00,1900-01-01 00:00:00,283,0.0,Short
54473,1900-01-01 18:15:00,1900-01-01 00:10:00,189,5.916666666666668,Short
54474,1900-01-01 03:55:00,1900-01-01 09:00:00,189,5.083333333333333,Short
54475,1900-01-01 09:50:00,1900-01-01 21:50:00,243,12.0,Short
54476,1900-01-01 00:00:00,1900-01-01 00:00:00,243,0.0,Short
54481,1900-01-01 04:10:00,1900-01-01 05:15:00,22,1.0833333333333333,Short
54482,1900-01-01 07:00:00,1900-01-01 08:00:00,22,1.0,Short
54483,1900-01-01 10:15:00,1900-01-01 11:15:00,22,1.0,Short
54484,1900-01-01 14:35:00,1900-01-01 15:45:00,22,1.1666666666666667,Short
54485,1900-01-01 16:50:00,1900-01-01 18:00:00,22,1.1666666666666667,Short
54486,1900-01-01 18:30:00,1900-01-01 19:25:00,22,0.9166666666666666,Short
54531,1900-01-01 18:30:00,1900-01-01 20:20:00,69,1.8333333333333333,Short
54532,1900-01-01 13:05:00,1900-01-01 14:45:00,69,1.6666666666666667,Short
54539,1900-01-01 03:00:00,1900-01-01 14:15:00,272,11.25,Short
54540,1900-01-01 14:35:00,1900-01-01 01:00:00,272,10.416666666666666,Short
54541,1900-01-01 05:15:00,1900-01-01 11:10:00,194,5.916666666666667,Short
54542,1900-01-01 16:25:00,1900-01-01 23:30:00,194,7.083333333333333,Short
54551,1900-01-01 11:00:00,1900-01-01 16:05:00,201,5.083333333333333,Short
54552,1900-01-01 07:30:00,1900-01-01 12:45:00,201,5.25,Short
54553,1900-01-01 15:55:00,1900-01-01 18:25:00,106,2.5,Short
54555,1900-01-01 06:15:00,1900-01-01 08:35:00,95,2.3333333333333335,Short
54556,1900-01-01 17:50:00,1900-01-01 23:10:00,201,5.333333333333333,Short
54557,1900-01-01 07:40:00,1900-01-01 09:00:00,53,1.3333333333333333,Short
54558,1900-01-01 17:15:00,1900-01-01 18:35:00,53,1.3333333333333333,Short
54559,1900-01-01 09:25:00,1900-01-01 12:25:00,116,3.0,Short
54560,1900-01-01 12:45:00,1900-01-01 15:50:00,116,3.0833333333333335,Short
54561,1900-01-01 06:50:00,1900-01-01 08:55:00,87,2.0833333333333335,Short
54562,1900-01-01 06:35:00,1900-01-01 09:00:00,87,2.4166666666666665,Short
54563,1900-01-01 14:10:00,1900-01-01 16:20:00,87,2.1666666666666665,Short
54564,1900-01-01 17:40:00,1900-01-01 20:00:00,87,2.3333333333333335,Short
54571,1900-01-01 17:20:00,1900-01-01 20:45:00,123,3.4166666666666665,Short
54572,1900-01-01 11:00:00,1900-01-01 14:50:00,123,3.8333333333333335,Short
54575,1900-01-01 19:10:00,1900-01-01 21:35:00,77,2.4166666666666665,Short
54576,1900-01-01 05:50:00,1900-01-01 08:20:00,77,2.5,Short
54581,1900-01-01 18:00:00,1900-01-01 19:10:00,43,1.1666666666666667,Short
54582,1900-01-01 09:15:00,1900-01-01 10:30:00,43,1.25,Short
54601,1900-01-01 00:40:00,1900-01-01 10:00:00,345,9.333333333333334,Medium
54602,1900-01-01 16:30:00,1900-01-01 05:00:00,415,12.5,Medium
54603,1900-01-01 04:30:00,1900-01-01 10:15:00,209,5.75,Short
54604,1900-01-01 14:35:00,1900-01-01 20:10:00,209,5.583333333333333,Short
54605,1900-01-01 06:30:00,1900-01-01 14:15:00,279,7.75,Short
54606,1900-01-01 17:15:00,1900-01-01 23:00:00,209,5.75,Short
54611,1900-01-01 04:40:00,1900-01-01 07:35:00,106,2.9166666666666665,Short
54612,1900-01-01 05:15:00,1900-01-01 08:10:00,106,2.9166666666666665,Short
54613,1900-01-01 06:45:00,1900-01-01 09:45:00,106,3.0,Short
54614,1900-01-01 08:00:00,1900-01-01 11:00:00,106,3.0,Short
54615,1900-01-01 17:35:00,1900-01-01 20:55:00,106,3.3333333333333335,Short
54616,1900-01-01 17:15:00,1900-01-01 20:20:00,106,3.0833333333333335,Short
54621,1900-01-01 17:30:00,1900-01-01 20:30:00,115,3.0,Short
54622,1900-01-01 08:25:00,1900-01-01 11:45:00,115,3.3333333333333335,Short
54625,1900-01-01 05:00:00,1900-01-01 08:15:00,87,3.25,Short
54626,1900-01-01 17:10:00,1900-01-01 20:30:00,87,3.3333333333333335,Short
54631,1900-01-01 16:05:00,1900-01-01 21:35:00,207,5.5,Short
54632,1900-01-01 05:00:00,1900-01-01 11:15:00,229,6.25,Short
54633,1900-01-01 11:40:00,1900-01-01 18:45:00,291,7.083333333333333,Short
54634,1900-01-01 05:30:00,1900-01-01 13:45:00,269,8.25,Short
54635,1900-01-01 16:00:00,1900-01-01 22:05:00,209,6.083333333333333,Short
54636,1900-01-01 09:35:00,1900-01-01 15:10:00,209,5.583333333333333,Short
54637,1900-01-01 12:00:00,1900-01-01 13:30:00,42,1.5,Short
54638,1900-01-01 10:25:00,1900-01-01 11:35:00,42,1.1666666666666667,Short
54641,1900-01-01 07:10:00,1900-01-01 19:35:00,384,12.416666666666666,Medium
54642,1900-01-01 11:30:00,1900-01-01 22:50:00,384,11.333333333333334,Medium
54643,1900-01-01 14:50:00,1900-01-01 18:20:00,117,3.5,Short
54644,1900-01-01 06:25:00,1900-01-01 09:50:00,117,3.4166666666666665,Short
54645,1900-01-01 20:25:00,1900-01-01 23:15:00,123,2.8333333333333335,Short
54646,1900-01-01 05:10:00,1900-01-01 08:35:00,123,3.4166666666666665,Short
54651,1900-01-01 10:55:00,1900-01-01 12:15:00,53,1.3333333333333333,Short
54654,1900-01-01 18:25:00,1900-01-01 19:55:00,53,1.5,Short
54701,1900-01-01 10:45:00,1900-01-01 18:15:00,319,7.5,Medium
54702,1900-01-01 08:30:00,1900-01-01 18:40:00,394,10.166666666666666,Medium
54703,1900-01-01 19:10:00,1900-01-01 13:30:00,661,18.333333333333332,Medium
54704,1900-01-01 14:35:00,1900-01-01 05:25:00,601,14.833333333333334,Medium
54751,1900-01-01 13:25:00,1900-01-01 01:00:00,413,11.583333333333334,Medium
54752,1900-01-01 01:25:00,1900-01-01 12:10:00,412,10.75,Medium
54753,1900-01-01 10:40:00,1900-01-01 13:50:00,126,3.1666666666666665,Short
54754,1900-01-01 06:15:00,1900-01-01 09:20:00,126,3.0833333333333335,Short
54755,1900-01-01 07:15:00,1900-01-01 10:20:00,126,3.0833333333333335,Short
54756,1900-01-01 16:10:00,1900-01-01 19:20:00,126,3.1666666666666665,Short
54757,1900-01-01 06:25:00,1900-01-01 15:55:00,327,9.5,Medium
54758,1900-01-01 10:55:00,1900-01-01 19:35:00,327,8.666666666666666,Medium
54759,1900-01-01 09:00:00,1900-01-01 12:00:00,137,3.0,Short
54760,1900-01-01 12:30:00,1900-01-01 15:25:00,125,2.9166666666666665,Short
54761,1900-01-01 16:30:00,1900-01-01 19:30:00,125,3.0,Short
54762,1900-01-01 07:45:00,1900-01-01 10:45:00,125,3.0,Short
54763,1900-01-01 11:25:00,1900-01-01 17:35:00,190,6.166666666666667,Short
54764,1900-01-01 05:00:00,1900-01-01 10:45:00,190,5.75,Short
54765,1900-01-01 03:45:00,1900-01-01 06:00:00,95,2.25,Short
54766,1900-01-01 19:40:00,1900-01-01 22:20:00,95,2.6666666666666665,Short
54781,1900-01-01 17:30:00,1900-01-01 01:50:00,300,8.333333333333334,Medium
54782,1900-01-01 09:10:00,1900-01-01 16:50:00,300,7.666666666666667,Medium
54783,1900-01-01 08:35:00,1900-01-01 20:50:00,422,12.25,Medium
54784,1900-01-01 04:40:00,1900-01-01 16:05:00,423,11.416666666666666,Medium
54785,1900-01-01 05:35:00,1900-01-01 08:10:00,88,2.5833333333333335,Short
54786,1900-01-01 17:20:00,1900-01-01 19:45:00,88,2.4166666666666665,Short
54787,1900-01-01 06:40:00,1900-01-01 08:40:00,82,2.0,Short
54788,1900-01-01 21:45:00,1900-01-01 23:35:00,82,1.8333333333333333,Short
54789,1900-01-01 04:45:00,1900-01-01 13:25:00,384,8.666666666666666,Medium
54790,1900-01-01 14:10:00,1900-01-01 22:55:00,384,8.75,Medium
54791,1900-01-01 13:30:00,1900-01-01 21:00:00,279,7.5,Short
54792,1900-01-01 04:35:00,1900-01-01 12:40:00,279,8.083333333333334,Short
54793,1900-01-01 05:05:00,1900-01-01 11:10:00,212,6.083333333333333,Short
54794,1900-01-01 14:00:00,1900-01-01 19:45:00,212,5.75,Short
54803,1900-01-01 08:45:00,1900-01-01 21:35:00,457,12.833333333333334,Medium
54804,1900-01-01 06:15:00,1900-01-01 20:25:00,455,14.166666666666666,Medium
54805,1900-01-01 23:30:00,1900-01-01 22:50:00,618,23.333333333333332,Medium
54806,1900-01-01 05:35:00,1900-01-01 03:45:00,621,22.166666666666668,Medium
54809,1900-01-01 12:55:00,1900-01-01 01:50:00,542,12.916666666666666,Medium
54810,1900-01-01 01:10:00,1900-01-01 14:45:00,543,13.583333333333334,Medium
54813,1900-01-01 09:00:00,1900-01-01 13:50:00,208,4.833333333333333,Short
54819,1900-01-01 15:00:00,1900-01-01 22:00:00,300,7.0,Medium
54820,1900-01-01 07:00:00,1900-01-01 14:30:00,300,7.5,Medium
54822,1900-01-01 09:15:00,1900-01-01 10:15:00,21,1.0,Short
54825,1900-01-01 18:00:00,1900-01-01 21:15:00,88,3.25,Short
54826,1900-01-01 05:00:00,1900-01-01 08:45:00,87,3.75,Short
54833,1900-01-01 18:25:00,1900-01-01 04:05:00,367,9.666666666666666,Medium
54834,1900-01-01 23:35:00,1900-01-01 09:15:00,367,9.666666666666666,Medium
54835,1900-01-01 06:30:00,1900-01-01 10:10:00,142,3.6666666666666665,Short
54836,1900-01-01 17:45:00,1900-01-01 21:30:00,143,3.75,Short
54881,1900-01-01 07:30:00,1900-01-01 09:40:00,118,2.1666666666666665,Short
54882,1900-01-01 10:30:00,1900-01-01 12:45:00,118,2.25,Short
55001,1900-01-01 07:40:00,1900-01-01 13:15:00,164,5.583333333333333,Short
55002,1900-01-01 13:45:00,1900-01-01 18:55:00,164,5.166666666666667,Short
55007,1900-01-01 17:45:00,1900-01-01 04:30:00,290,10.75,Short
55008,1900-01-01 01:20:00,1900-01-01 10:47:00,290,9.45,Short
55009,1900-01-01 17:45:00,1900-01-01 20:35:00,108,2.8333333333333335,Short
55010,1900-01-01 06:10:00,1900-01-01 09:55:00,109,3.75,Short
55011,1900-01-01 05:30:00,1900-01-01 09:15:00,118,3.75,Short
55012,1900-01-01 18:30:00,1900-01-01 22:20:00,119,3.8333333333333335,Short
55013,1900-01-01 13:25:00,1900-01-01 21:35:00,200,8.166666666666666,Short
55014,1900-01-01 04:50:00,1900-01-01 13:00:00,201,8.166666666666666,Short
55017,1900-01-01 17:25:00,1900-01-01 21:40:00,132,4.25,Short
55018,1900-01-01 04:59:00,1900-01-01 09:40:00,134,4.683333333333334,Short
55019,1900-01-01 11:20:00,1900-01-01 17:05:00,178,5.75,Short
55020,1900-01-01 08:30:00,1900-01-01 14:20:00,179,5.833333333333333,Short
55021,1900-01-01 16:00:00,1900-01-01 23:20:00,225,7.333333333333333,Short
55022,1900-01-01 04:00:00,1900-01-01 12:00:00,225,8.0,Short
55025,1900-01-01 05:20:00,1900-01-01 10:00:00,152,4.666666666666667,Short
55026,1900-01-01 04:15:00,1900-01-01 09:25:00,153,5.166666666666667,Short
55027,1900-01-01 18:15:00,1900-01-01 23:45:00,152,5.5,Short
55028,1900-01-01 17:20:00,1900-01-01 21:20:00,153,4.0,Short
55029,1900-01-01 19:15:00,1900-01-01 00:05:00,150,4.833333333333332,Short
55030,1900-01-01 18:05:00,1900-01-01 23:35:00,150,5.5,Short
55031,1900-01-01 07:45:00,1900-01-01 21:20:00,339,13.583333333333334,Medium
55032,1900-01-01 17:25:00,1900-01-01 05:15:00,332,11.833333333333334,Medium
55033,1900-01-01 11:20:00,1900-01-01 15:10:00,160,3.8333333333333335,Short
55034,1900-01-01 06:15:00,1900-01-01 11:25:00,163,5.166666666666667,Short
55035,1900-01-01 04:50:00,1900-01-01 09:05:00,159,4.25,Short
55036,1900-01-01 18:10:00,1900-01-01 22:30:00,158,4.333333333333333,Short
55037,1900-01-01 19:00:00,1900-01-01 21:55:00,103,2.9166666666666665,Short
55038,1900-01-01 15:35:00,1900-01-01 17:55:00,97,2.3333333333333335,Short
55041,1900-01-01 01:50:00,1900-01-01 06:05:00,150,4.25,Short
55042,1900-01-01 02:40:00,1900-01-01 08:15:00,189,5.583333333333333,Short
55043,1900-01-01 18:20:00,1900-01-01 21:35:00,81,3.25,Short
55044,1900-01-01 06:15:00,1900-01-01 09:35:00,81,3.3333333333333335,Short
55045,1900-01-01 00:00:00,1900-01-01 00:00:00,90,0.0,Short
55046,1900-01-01 14:45:00,1900-01-01 18:00:00,90,3.25,Short
55049,1900-01-01 22:45:00,1900-01-01 09:20:00,332,10.583333333333334,Medium
55050,1900-01-01 05:15:00,1900-01-01 18:00:00,340,12.75,Medium
55051,1900-01-01 15:15:00,1900-01-01 18:25:00,81,3.1666666666666665,Short
55052,1900-01-01 19:55:00,1900-01-01 23:00:00,81,3.0833333333333335,Short
55055,1900-01-01 12:15:00,1900-01-01 14:30:00,39,2.25,Short
55056,1900-01-01 09:45:00,1900-01-01 10:45:00,38,1.0,Short
55071,1900-01-01 15:30:00,1900-01-01 20:30:00,150,5.0,Short
55072,1900-01-01 07:10:00,1900-01-01 12:05:00,150,4.916666666666667,Short
55073,1900-01-01 04:30:00,1900-01-01 09:30:00,150,5.0,Short
55074,1900-01-01 23:00:00,1900-01-01 03:30:00,150,4.5,Short
55075,1900-01-01 03:30:00,1900-01-01 10:00:00,166,6.5,Short
55076,1900-01-01 19:15:00,1900-01-01 01:20:00,166,6.083333333333332,Short
55077,1900-01-01 10:35:00,1900-01-01 14:30:00,112,3.9166666666666665,Short
55078,1900-01-01 15:20:00,1900-01-01 18:50:00,112,3.5,Short
55079,1900-01-01 08:45:00,1900-01-01 15:00:00,189,6.25,Short
55080,1900-01-01 12:30:00,1900-01-01 17:15:00,150,4.75,Short
55081,1900-01-01 23:00:00,1900-01-01 05:10:00,150,6.166666666666668,Short
55082,1900-01-01 17:25:00,1900-01-01 22:15:00,150,4.833333333333333,Short
55101,1900-01-01 05:10:00,1900-01-01 06:20:00,30,1.1666666666666667,Short
55102,1900-01-01 10:50:00,1900-01-01 12:25:00,30,1.5833333333333333,Short
55103,1900-01-01 15:30:00,1900-01-01 16:50:00,30,1.3333333333333333,Short
55104,1900-01-01 20:00:00,1900-01-01 21:15:00,30,1.25,Short
55105,1900-01-01 09:00:00,1900-01-01 09:55:00,20,0.9166666666666666,Short
55106,1900-01-01 06:50:00,1900-01-01 07:45:00,20,0.9166666666666666,Short
55107,1900-01-01 06:25:00,1900-01-01 07:15:00,28,0.8333333333333334,Short
55108,1900-01-01 08:00:00,1900-01-01 08:50:00,28,0.8333333333333334,Short
55109,1900-01-01 09:30:00,1900-01-01 10:30:00,28,1.0,Short
55110,1900-01-01 13:30:00,1900-01-01 14:25:00,28,0.9166666666666666,Short
55111,1900-01-01 15:40:00,1900-01-01 16:30:00,28,0.8333333333333334,Short
55112,1900-01-01 17:20:00,1900-01-01 18:10:00,28,0.8333333333333334,Short
55113,1900-01-01 18:55:00,1900-01-01 19:50:00,28,0.9166666666666666,Short
55114,1900-01-01 20:35:00,1900-01-01 21:30:00,28,0.9166666666666666,Short
55115,1900-01-01 07:40:00,1900-01-01 11:50:00,108,4.166666666666667,Short
55116,1900-01-01 17:30:00,1900-01-01 20:45:00,109,3.25,Short
55119,1900-01-01 15:10:00,1900-01-01 23:30:00,227,8.333333333333334,Short
55120,1900-01-01 11:25:00,1900-01-01 21:25:00,227,10.0,Short
55122,1900-01-01 06:30:00,1900-01-01 12:00:00,164,5.5,Short
55123,1900-01-01 14:05:00,1900-01-01 19:30:00,156,5.416666666666667,Short
55125,1900-01-01 06:05:00,1900-01-01 10:05:00,118,4.0,Short
55126,1900-01-01 06:35:00,1900-01-01 10:40:00,118,4.083333333333333,Short
55127,1900-01-01 12:10:00,1900-01-01 16:15:00,118,4.083333333333333,Short
55128,1900-01-01 12:20:00,1900-01-01 16:20:00,118,4.0,Short
55129,1900-01-01 17:50:00,1900-01-01 21:10:00,118,3.3333333333333335,Short
55130,1900-01-01 18:00:00,1900-01-01 22:10:00,118,4.166666666666667,Short
55131,1900-01-01 07:30:00,1900-01-01 15:30:00,200,8.0,Short
55132,1900-01-01 12:45:00,1900-01-01 20:10:00,201,7.416666666666667,Short
55133,1900-01-01 05:45:00,1900-01-01 09:25:00,136,3.6666666666666665,Short
55134,1900-01-01 16:10:00,1900-01-01 20:45:00,136,4.583333333333333,Short
55135,1900-01-01 05:00:00,1900-01-01 09:55:00,131,4.916666666666667,Short
55136,1900-01-01 18:10:00,1900-01-01 22:50:00,131,4.666666666666667,Short
55137,1900-01-01 05:25:00,1900-01-01 11:15:00,167,5.833333333333333,Short
55138,1900-01-01 06:10:00,1900-01-01 10:55:00,168,4.75,Short
55139,1900-01-01 17:10:00,1900-01-01 22:15:00,167,5.083333333333333,Short
55140,1900-01-01 15:20:00,1900-01-01 22:30:00,168,7.166666666666667,Short
55141,1900-01-01 08:00:00,1900-01-01 11:10:00,81,3.1666666666666665,Short
55142,1900-01-01 11:45:00,1900-01-01 14:30:00,81,2.75,Short
55143,1900-01-01 07:30:00,1900-01-01 09:15:00,56,1.75,Short
55144,1900-01-01 18:30:00,1900-01-01 20:00:00,58,1.5,Short
55145,1900-01-01 18:40:00,1900-01-01 19:30:00,20,0.8333333333333334,Short
55146,1900-01-01 17:20:00,1900-01-01 18:15:00,20,0.9166666666666666,Short
55149,1900-01-01 23:20:00,1900-01-01 06:25:00,227,7.083333333333332,Short
55150,1900-01-01 23:55:00,1900-01-01 07:25:00,227,7.5,Short
55159,1900-01-01 15:25:00,1900-01-01 17:10:00,56,1.75,Short
55160,1900-01-01 09:45:00,1900-01-01 11:15:00,58,1.5,Short
55163,1900-01-01 23:45:00,1900-01-01 05:40:00,157,5.916666666666668,Short
55164,1900-01-01 22:50:00,1900-01-01 04:45:00,157,5.916666666666668,Short
55165,1900-01-01 05:45:00,1900-01-01 06:55:00,43,1.1666666666666667,Short
55166,1900-01-01 20:20:00,1900-01-01 22:00:00,43,1.6666666666666667,Short
55167,1900-01-01 09:40:00,1900-01-01 10:05:00,17,0.4166666666666667,Short
55168,1900-01-01 10:40:00,1900-01-01 11:05:00,17,0.4166666666666667,Short
55169,1900-01-01 16:55:00,1900-01-01 17:25:00,17,0.5,Short
55170,1900-01-01 18:15:00,1900-01-01 18:35:00,17,0.3333333333333333,Short
55171,1900-01-01 07:35:00,1900-01-01 08:00:00,6,0.4166666666666667,Short
55172,1900-01-01 08:30:00,1900-01-01 08:55:00,6,0.4166666666666667,Short
55173,1900-01-01 11:25:00,1900-01-01 11:50:00,6,0.4166666666666667,Short
55174,1900-01-01 12:20:00,1900-01-01 12:45:00,6,0.4166666666666667,Short
55175,1900-01-01 13:15:00,1900-01-01 13:40:00,6,0.4166666666666667,Short
55176,1900-01-01 14:10:00,1900-01-01 14:35:00,6,0.4166666666666667,Short
55177,1900-01-01 15:05:00,1900-01-01 15:30:00,6,0.4166666666666667,Short
55178,1900-01-01 16:00:00,1900-01-01 16:25:00,6,0.4166666666666667,Short
55179,1900-01-01 18:45:00,1900-01-01 19:05:00,6,0.3333333333333333,Short
55180,1900-01-01 19:30:00,1900-01-01 19:55:00,6,0.4166666666666667,Short
55181,1900-01-01 09:15:00,1900-01-01 12:50:00,106,3.5833333333333335,Short
55182,1900-01-01 05:00:00,1900-01-01 08:35:00,106,3.5833333333333335,Short
55183,1900-01-01 18:30:00,1900-01-01 22:10:00,106,3.6666666666666665,Short
55184,1900-01-01 14:10:00,1900-01-01 17:50:00,106,3.6666666666666665,Short
55207,1900-01-01 02:10:00,1900-01-01 06:27:00,159,4.283333333333333,Short
55208,1900-01-01 20:00:00,1900-01-01 01:05:00,159,5.083333333333332,Short
55209,1900-01-01 15:30:00,1900-01-01 21:30:00,159,6.0,Short
55211,1900-01-01 08:35:00,1900-01-01 13:15:00,129,4.666666666666667,Short
55212,1900-01-01 14:15:00,1900-01-01 19:00:00,129,4.75,Short
55213,1900-01-01 12:50:00,1900-01-01 19:00:00,159,6.166666666666667,Short
55214,1900-01-01 22:45:00,1900-01-01 04:00:00,159,5.25,Short
55215,1900-01-01 07:55:00,1900-01-01 10:30:00,74,2.5833333333333335,Short
55216,1900-01-01 18:20:00,1900-01-01 21:30:00,74,3.1666666666666665,Short
55217,1900-01-01 15:00:00,1900-01-01 17:40:00,74,2.6666666666666665,Short
55218,1900-01-01 11:15:00,1900-01-01 14:25:00,74,3.1666666666666665,Short
55220,1900-01-01 08:25:00,1900-01-01 14:30:00,159,6.083333333333333,Short
55221,1900-01-01 17:35:00,1900-01-01 22:15:00,179,4.666666666666667,Short
55222,1900-01-01 03:25:00,1900-01-01 09:10:00,179,5.75,Short
55223,1900-01-01 12:15:00,1900-01-01 21:57:00,267,9.7,Short
55224,1900-01-01 03:15:00,1900-01-01 13:42:00,267,10.45,Short
55225,1900-01-01 18:30:00,1900-01-01 22:45:00,129,4.25,Short
55226,1900-01-01 05:55:00,1900-01-01 10:45:00,129,4.833333333333333,Short
55227,1900-01-01 06:32:00,1900-01-01 07:50:00,51,1.3,Short
55228,1900-01-01 21:35:00,1900-01-01 23:15:00,51,1.6666666666666667,Short
55229,1900-01-01 06:15:00,1900-01-01 10:10:00,108,3.9166666666666665,Short
55230,1900-01-01 17:05:00,1900-01-01 21:35:00,108,4.5,Short
55231,1900-01-01 11:30:00,1900-01-01 13:00:00,12,1.5,Short
55232,1900-01-01 15:50:00,1900-01-01 16:50:00,12,1.0,Short
55237,1900-01-01 06:50:00,1900-01-01 08:40:00,50,1.8333333333333333,Short
55238,1900-01-01 20:30:00,1900-01-01 22:00:00,50,1.5,Short
55239,1900-01-01 14:15:00,1900-01-01 16:25:00,51,2.1666666666666665,Short
55240,1900-01-01 17:55:00,1900-01-01 19:55:00,51,2.0,Short
55301,1900-01-01 14:15:00,1900-01-01 18:20:00,116,4.083333333333333,Short
55302,1900-01-01 07:20:00,1900-01-01 12:35:00,116,5.25,Short
55303,1900-01-01 06:30:00,1900-01-01 12:05:00,125,5.583333333333333,Short
55304,1900-01-01 16:35:00,1900-01-01 22:15:00,125,5.666666666666667,Short
55305,1900-01-01 04:30:00,1900-01-01 06:30:00,76,2.0,Short
55306,1900-01-01 07:20:00,1900-01-01 09:50:00,85,2.5,Short
55307,1900-01-01 10:25:00,1900-01-01 12:40:00,76,2.25,Short
55308,1900-01-01 11:15:00,1900-01-01 13:35:00,85,2.3333333333333335,Short
55309,1900-01-01 17:30:00,1900-01-01 20:00:00,85,2.5,Short
55310,1900-01-01 13:55:00,1900-01-01 16:05:00,76,2.1666666666666665,Short
55311,1900-01-01 13:40:00,1900-01-01 15:15:00,58,1.5833333333333333,Short
55312,1900-01-01 00:00:00,1900-01-01 00:00:00,58,0.0,Short
55313,1900-01-01 15:35:00,1900-01-01 16:10:00,27,0.5833333333333334,Short
55314,1900-01-01 17:00:00,1900-01-01 17:35:00,27,0.5833333333333334,Short
55315,1900-01-01 08:45:00,1900-01-01 10:05:00,54,1.3333333333333333,Short
55316,1900-01-01 05:45:00,1900-01-01 07:05:00,54,1.3333333333333333,Short
55317,1900-01-01 14:00:00,1900-01-01 15:20:00,54,1.3333333333333333,Short
55318,1900-01-01 12:05:00,1900-01-01 13:20:00,54,1.25,Short
55319,1900-01-01 20:45:00,1900-01-01 22:00:00,54,1.25,Short
55320,1900-01-01 18:20:00,1900-01-01 19:50:00,54,1.5,Short
55321,1900-01-01 07:20:00,1900-01-01 09:35:00,85,2.25,Short
55322,1900-01-01 20:55:00,1900-01-01 23:20:00,76,2.4166666666666665,Short
55323,1900-01-01 20:45:00,1900-01-01 23:00:00,76,2.25,Short
55324,1900-01-01 03:45:00,1900-01-01 05:45:00,76,2.0,Short
55325,1900-01-01 04:30:00,1900-01-01 14:45:00,319,10.25,Medium
55326,1900-01-01 15:05:00,1900-01-01 01:00:00,320,9.916666666666666,Medium
55327,1900-01-01 19:00:00,1900-01-01 22:55:00,138,3.9166666666666665,Short
55328,1900-01-01 05:25:00,1900-01-01 09:30:00,139,4.083333333333333,Short
55329,1900-01-01 16:00:00,1900-01-01 23:35:00,213,7.583333333333333,Short
55330,1900-01-01 05:00:00,1900-01-01 10:50:00,214,5.833333333333333,Short
55331,1900-01-01 05:00:00,1900-01-01 07:35:00,107,2.5833333333333335,Short
55332,1900-01-01 17:35:00,1900-01-01 20:25:00,107,2.8333333333333335,Short
55333,1900-01-01 07:45:00,1900-01-01 12:30:00,166,4.75,Short
55334,1900-01-01 15:35:00,1900-01-01 20:40:00,166,5.083333333333333,Short
55335,1900-01-01 06:20:00,1900-01-01 08:35:00,81,2.25,Short
55336,1900-01-01 20:30:00,1900-01-01 22:45:00,81,2.25,Short
55337,1900-01-01 05:10:00,1900-01-01 09:10:00,139,4.0,Short
55338,1900-01-01 10:40:00,1900-01-01 14:40:00,139,4.0,Short
55339,1900-01-01 12:10:00,1900-01-01 14:45:00,105,2.5833333333333335,Short
55340,1900-01-01 21:05:00,1900-01-01 23:30:00,105,2.4166666666666665,Short
55341,1900-01-01 17:35:00,1900-01-01 23:00:00,167,5.416666666666667,Short
55342,1900-01-01 05:35:00,1900-01-01 11:10:00,167,5.583333333333333,Short
55343,1900-01-01 06:00:00,1900-01-01 09:30:00,141,3.5,Short
55344,1900-01-01 07:30:00,1900-01-01 11:00:00,141,3.5,Short
55345,1900-01-01 09:35:00,1900-01-01 13:05:00,141,3.5,Short
55346,1900-01-01 10:00:00,1900-01-01 13:40:00,141,3.6666666666666665,Short
55347,1900-01-01 10:30:00,1900-01-01 13:00:00,81,2.5,Short
55348,1900-01-01 07:30:00,1900-01-01 09:45:00,81,2.25,Short
55349,1900-01-01 17:25:00,1900-01-01 19:55:00,81,2.5,Short
55350,1900-01-01 13:50:00,1900-01-01 16:15:00,81,2.4166666666666665,Short
55351,1900-01-01 14:05:00,1900-01-01 16:30:00,81,2.4166666666666665,Short
55352,1900-01-01 10:15:00,1900-01-01 12:45:00,81,2.5,Short
55353,1900-01-01 21:15:00,1900-01-01 23:30:00,105,2.25,Short
55354,1900-01-01 06:00:00,1900-01-01 08:30:00,105,2.5,Short
55355,1900-01-01 12:55:00,1900-01-01 16:30:00,141,3.5833333333333335,Short
55356,1900-01-01 13:30:00,1900-01-01 16:50:00,141,3.3333333333333335,Short
55357,1900-01-01 17:10:00,1900-01-01 20:30:00,141,3.3333333333333335,Short
55358,1900-01-01 17:10:00,1900-01-01 20:55:00,141,3.75,Short
55359,1900-01-01 21:45:00,1900-01-01 00:30:00,119,2.75,Short
55360,1900-01-01 20:45:00,1900-01-01 23:45:00,119,3.0,Short
55361,1900-01-01 07:10:00,1900-01-01 09:10:00,55,2.0,Short
55362,1900-01-01 07:20:00,1900-01-01 09:15:00,55,1.9166666666666667,Short
55363,1900-01-01 11:05:00,1900-01-01 13:05:00,55,2.0,Short
55364,1900-01-01 10:00:00,1900-01-01 11:55:00,55,1.9166666666666667,Short
55365,1900-01-01 14:45:00,1900-01-01 16:45:00,55,2.0,Short
55366,1900-01-01 13:45:00,1900-01-01 15:40:00,55,1.9166666666666667,Short
55367,1900-01-01 18:00:00,1900-01-01 20:00:00,55,2.0,Short
55368,1900-01-01 18:15:00,1900-01-01 20:15:00,55,2.0,Short
55369,1900-01-01 21:30:00,1900-01-01 23:10:00,55,1.6666666666666667,Short
55370,1900-01-01 21:35:00,1900-01-01 23:25:00,55,1.8333333333333333,Short
55371,1900-01-01 07:15:00,1900-01-01 08:00:00,25,0.75,Short
55372,1900-01-01 08:30:00,1900-01-01 09:15:00,25,0.75,Short
55373,1900-01-01 10:30:00,1900-01-01 11:15:00,25,0.75,Short
55374,1900-01-01 12:40:00,1900-01-01 13:25:00,25,0.75,Short
55375,1900-01-01 17:15:00,1900-01-01 18:00:00,25,0.75,Short
55376,1900-01-01 18:45:00,1900-01-01 19:30:00,25,0.75,Short
55421,1900-01-01 07:15:00,1900-01-01 10:10:00,106,2.9166666666666665,Short
55422,1900-01-01 17:15:00,1900-01-01 20:20:00,106,3.0833333333333335,Short
55465,1900-01-01 06:15:00,1900-01-01 08:50:00,72,2.5833333333333335,Short
55466,1900-01-01 16:00:00,1900-01-01 18:45:00,72,2.75,Short
55467,1900-01-01 07:15:00,1900-01-01 15:30:00,233,8.25,Short
55468,1900-01-01 09:20:00,1900-01-01 18:10:00,233,8.833333333333334,Short
55513,1900-01-01 18:15:00,1900-01-01 22:15:00,105,4.0,Short
55514,1900-01-01 07:35:00,1900-01-01 11:35:00,105,4.0,Short
55517,1900-01-01 17:30:00,1900-01-01 21:00:00,68,3.5,Short
55518,1900-01-01 12:55:00,1900-01-01 15:55:00,68,3.0,Short
55519,1900-01-01 06:05:00,1900-01-01 10:00:00,105,3.9166666666666665,Short
55520,1900-01-01 17:15:00,1900-01-01 21:00:00,105,3.75,Short
55525,1900-01-01 07:55:00,1900-01-01 09:35:00,50,1.6666666666666667,Short
55526,1900-01-01 18:35:00,1900-01-01 20:35:00,50,2.0,Short
55527,1900-01-01 03:15:00,1900-01-01 14:15:00,266,11.0,Short
55528,1900-01-01 15:30:00,1900-01-01 01:50:00,266,10.333333333333334,Short
55533,1900-01-01 07:30:00,1900-01-01 12:15:00,138,4.75,Short
55534,1900-01-01 22:00:00,1900-01-01 02:45:00,139,4.75,Short
55537,1900-01-01 08:30:00,1900-01-01 16:00:00,230,7.5,Short
55538,1900-01-01 12:45:00,1900-01-01 20:15:00,230,7.5,Short
55539,1900-01-01 04:00:00,1900-01-01 15:25:00,267,11.416666666666666,Short
55540,1900-01-01 14:10:00,1900-01-01 00:05:00,267,9.916666666666666,Short
55541,1900-01-01 15:35:00,1900-01-01 22:00:00,159,6.416666666666667,Short
55542,1900-01-01 06:15:00,1900-01-01 13:53:00,159,7.633333333333334,Short
55549,1900-01-01 22:30:00,1900-01-01 03:30:00,87,5.0,Short
55550,1900-01-01 04:15:00,1900-01-01 07:20:00,87,3.0833333333333335,Short
55553,1900-01-01 21:55:00,1900-01-01 03:15:00,138,5.333333333333332,Short
55554,1900-01-01 13:35:00,1900-01-01 18:00:00,139,4.416666666666667,Short
55555,1900-01-01 05:30:00,1900-01-01 09:35:00,139,4.083333333333333,Short
55556,1900-01-01 15:30:00,1900-01-01 21:15:00,139,5.75,Short
55559,1900-01-01 13:45:00,1900-01-01 19:15:00,139,5.5,Short
55560,1900-01-01 08:30:00,1900-01-01 13:10:00,139,4.666666666666667,Short
55563,1900-01-01 06:00:00,1900-01-01 09:45:00,100,3.75,Short
55564,1900-01-01 01:15:00,1900-01-01 04:45:00,100,3.5,Short
55565,1900-01-01 18:15:00,1900-01-01 23:00:00,139,4.75,Short
55566,1900-01-01 04:30:00,1900-01-01 09:35:00,139,5.083333333333333,Short
55567,1900-01-01 10:25:00,1900-01-01 16:00:00,139,5.583333333333333,Short
55568,1900-01-01 18:15:00,1900-01-01 23:45:00,139,5.5,Short
55569,1900-01-01 11:05:00,1900-01-01 11:50:00,21,0.75,Short
55570,1900-01-01 10:00:00,1900-01-01 10:40:00,21,0.6666666666666666,Short
55571,1900-01-01 10:15:00,1900-01-01 14:10:00,100,3.9166666666666665,Short
55572,1900-01-01 05:45:00,1900-01-01 09:30:00,100,3.75,Short
55575,1900-01-01 08:15:00,1900-01-01 10:45:00,54,2.5,Short
55576,1900-01-01 18:45:00,1900-01-01 21:45:00,54,3.0,Short
55577,1900-01-01 16:00:00,1900-01-01 18:20:00,54,2.3333333333333335,Short
55578,1900-01-01 12:00:00,1900-01-01 14:45:00,54,2.75,Short
55583,1900-01-01 19:15:00,1900-01-01 22:35:00,100,3.3333333333333335,Short
55584,1900-01-01 14:45:00,1900-01-01 18:00:00,100,3.25,Short
55601,1900-01-01 06:20:00,1900-01-01 12:15:00,181,5.916666666666667,Short
55602,1900-01-01 14:25:00,1900-01-01 21:10:00,180,6.75,Short
55603,1900-01-01 18:10:00,1900-01-01 23:10:00,160,5.0,Short
55604,1900-01-01 04:35:00,1900-01-01 09:35:00,160,5.0,Short
55615,1900-01-01 23:55:00,1900-01-01 14:00:00,380,14.083333333333334,Medium
55616,1900-01-01 07:00:00,1900-01-01 20:15:00,379,13.25,Medium
55661,1900-01-01 18:45:00,1900-01-01 21:35:00,60,2.8333333333333335,Short
55662,1900-01-01 06:00:00,1900-01-01 08:25:00,60,2.4166666666666665,Short
55663,1900-01-01 10:45:00,1900-01-01 20:00:00,256,9.25,Short
55664,1900-01-01 08:30:00,1900-01-01 17:00:00,255,8.5,Short
55665,1900-01-01 11:00:00,1900-01-01 13:30:00,67,2.5,Short
55666,1900-01-01 13:55:00,1900-01-01 16:15:00,56,2.3333333333333335,Short
55667,1900-01-01 16:45:00,1900-01-01 20:50:00,103,4.083333333333333,Short
55668,1900-01-01 05:30:00,1900-01-01 09:20:00,103,3.8333333333333335,Short
55675,1900-01-01 17:45:00,1900-01-01 21:45:00,140,4.0,Short
55676,1900-01-01 05:45:00,1900-01-01 09:45:00,140,4.0,Short
55677,1900-01-01 17:30:00,1900-01-01 22:45:00,115,5.25,Short
55678,1900-01-01 05:30:00,1900-01-01 10:20:00,115,4.833333333333333,Short
55679,1900-01-01 06:15:00,1900-01-01 10:00:00,140,3.75,Short
55680,1900-01-01 15:45:00,1900-01-01 20:00:00,140,4.25,Short
55681,1900-01-01 08:45:00,1900-01-01 10:00:00,42,1.25,Short
55682,1900-01-01 06:30:00,1900-01-01 07:40:00,42,1.1666666666666667,Short
55683,1900-01-01 20:00:00,1900-01-01 21:15:00,42,1.25,Short
55684,1900-01-01 17:45:00,1900-01-01 18:50:00,42,1.0833333333333333,Short
55685,1900-01-01 09:00:00,1900-01-01 11:55:00,60,2.9166666666666665,Short
55686,1900-01-01 15:25:00,1900-01-01 18:05:00,60,2.6666666666666665,Short
55687,1900-01-01 17:25:00,1900-01-01 22:05:00,101,4.666666666666667,Short
55688,1900-01-01 05:00:00,1900-01-01 08:45:00,101,3.75,Short
55689,1900-01-01 09:10:00,1900-01-01 12:55:00,71,3.75,Short
55690,1900-01-01 13:45:00,1900-01-01 16:45:00,71,3.0,Short
55701,1900-01-01 07:00:00,1900-01-01 10:45:00,90,3.75,Short
55702,1900-01-01 14:30:00,1900-01-01 17:30:00,90,3.0,Short
55703,1900-01-01 14:00:00,1900-01-01 17:14:00,90,3.2333333333333334,Short
55704,1900-01-01 08:15:00,1900-01-01 11:35:00,90,3.3333333333333335,Short
55707,1900-01-01 05:00:00,1900-01-01 08:45:00,109,3.75,Short
55708,1900-01-01 18:35:00,1900-01-01 22:20:00,109,3.75,Short
55709,1900-01-01 08:30:00,1900-01-01 09:40:00,24,1.1666666666666667,Short
55710,1900-01-01 06:15:00,1900-01-01 07:20:00,24,1.0833333333333333,Short
55711,1900-01-01 15:30:00,1900-01-01 23:00:00,232,7.5,Short
55712,1900-01-01 06:00:00,1900-01-01 14:00:00,232,8.0,Short
55713,1900-01-01 07:20:00,1900-01-01 22:20:00,363,15.0,Medium
55714,1900-01-01 03:35:00,1900-01-01 16:00:00,363,12.416666666666666,Medium
55719,1900-01-01 11:00:00,1900-01-01 13:10:00,49,2.1666666666666665,Short
55720,1900-01-01 13:50:00,1900-01-01 16:00:00,49,2.1666666666666665,Short
55721,1900-01-01 06:00:00,1900-01-01 10:30:00,95,4.5,Short
55722,1900-01-01 16:45:00,1900-01-01 21:15:00,94,4.5,Short
55725,1900-01-01 17:40:00,1900-01-01 23:15:00,168,5.583333333333333,Short
55726,1900-01-01 05:00:00,1900-01-01 10:05:00,168,5.083333333333333,Short
55727,1900-01-01 06:15:00,1900-01-01 09:15:00,93,3.0,Short
55728,1900-01-01 10:15:00,1900-01-01 13:10:00,94,2.9166666666666665,Short
55729,1900-01-01 14:00:00,1900-01-01 17:00:00,93,3.0,Short
55730,1900-01-01 18:30:00,1900-01-01 21:50:00,94,3.3333333333333335,Short
55733,1900-01-01 03:00:00,1900-01-01 05:50:00,108,2.8333333333333335,Short
55734,1900-01-01 06:30:00,1900-01-01 09:35:00,108,3.0833333333333335,Short
55735,1900-01-01 07:00:00,1900-01-01 09:55:00,107,2.9166666666666665,Short
55736,1900-01-01 10:35:00,1900-01-01 13:35:00,108,3.0,Short
55740,1900-01-01 15:20:00,1900-01-01 18:20:00,108,3.0,Short
55741,1900-01-01 14:30:00,1900-01-01 17:15:00,108,2.75,Short
55742,1900-01-01 18:00:00,1900-01-01 21:00:00,108,3.0,Short
55743,1900-01-01 17:45:00,1900-01-01 20:45:00,107,3.0,Short
55744,1900-01-01 04:30:00,1900-01-01 07:25:00,108,2.9166666666666665,Short
55749,1900-01-01 09:00:00,1900-01-01 10:45:00,56,1.75,Short
55750,1900-01-01 11:55:00,1900-01-01 13:45:00,56,1.8333333333333333,Short
55751,1900-01-01 14:45:00,1900-01-01 16:25:00,56,1.6666666666666667,Short
55752,1900-01-01 17:10:00,1900-01-01 18:45:00,56,1.5833333333333333,Short
55753,1900-01-01 02:45:00,1900-01-01 11:25:00,268,8.666666666666666,Short
55754,1900-01-01 14:20:00,1900-01-01 22:10:00,268,7.833333333333333,Short
55755,1900-01-01 09:00:00,1900-01-01 12:05:00,107,3.0833333333333335,Short
55756,1900-01-01 03:00:00,1900-01-01 06:05:00,108,3.0833333333333335,Short
55763,1900-01-01 20:30:00,1900-01-01 23:30:00,107,3.0,Short
55764,1900-01-01 12:45:00,1900-01-01 15:45:00,108,3.0,Short
55769,1900-01-01 16:45:00,1900-01-01 20:30:00,90,3.75,Short
55770,1900-01-01 06:05:00,1900-01-01 09:25:00,90,3.3333333333333335,Short
55771,1900-01-01 10:30:00,1900-01-01 12:15:00,61,1.75,Short
55772,1900-01-01 14:15:00,1900-01-01 16:00:00,60,1.75,Short
55801,1900-01-01 04:50:00,1900-01-01 09:15:00,156,4.416666666666667,Short
55802,1900-01-01 17:30:00,1900-01-01 22:00:00,156,4.5,Short
55803,1900-01-01 17:05:00,1900-01-01 21:40:00,208,4.583333333333333,Short
55804,1900-01-01 07:20:00,1900-01-01 12:00:00,208,4.666666666666667,Short
55809,1900-01-01 16:40:00,1900-01-01 21:20:00,156,4.666666666666667,Short
55810,1900-01-01 05:00:00,1900-01-01 10:05:00,156,5.083333333333333,Short
55811,1900-01-01 07:00:00,1900-01-01 15:10:00,309,8.166666666666666,Medium
55812,1900-01-01 22:00:00,1900-01-01 06:20:00,309,8.333333333333334,Medium
55813,1900-01-01 04:05:00,1900-01-01 13:45:00,343,9.666666666666666,Medium
55814,1900-01-01 14:45:00,1900-01-01 00:25:00,343,9.666666666666666,Medium
55817,1900-01-01 14:30:00,1900-01-01 20:15:00,156,5.75,Short
55818,1900-01-01 08:30:00,1900-01-01 13:25:00,156,4.916666666666667,Short
55819,1900-01-01 07:00:00,1900-01-01 11:40:00,126,4.666666666666667,Short
55820,1900-01-01 16:20:00,1900-01-01 20:10:00,126,3.8333333333333335,Short
55823,1900-01-01 06:00:00,1900-01-01 06:40:00,6,0.6666666666666666,Short
55824,1900-01-01 22:00:00,1900-01-01 22:40:00,6,0.6666666666666666,Short
55861,1900-01-01 12:30:00,1900-01-01 16:40:00,95,4.166666666666667,Short
55862,1900-01-01 07:15:00,1900-01-01 11:45:00,94,4.5,Short
55893,1900-01-01 18:20:00,1900-01-01 21:25:00,89,3.0833333333333335,Short
55894,1900-01-01 05:00:00,1900-01-01 07:45:00,88,2.75,Short
55895,1900-01-01 08:15:00,1900-01-01 20:20:00,426,12.083333333333334,Medium
55896,1900-01-01 06:00:00,1900-01-01 17:45:00,425,11.75,Medium
55901,1900-01-01 06:30:00,1900-01-01 20:00:00,336,13.5,Medium
55902,1900-01-01 07:50:00,1900-01-01 21:30:00,335,13.666666666666666,Medium
55903,1900-01-01 14:40:00,1900-01-01 20:40:00,155,6.0,Short
55904,1900-01-01 06:30:00,1900-01-01 12:30:00,155,6.0,Short
55909,1900-01-01 06:35:00,1900-01-01 09:15:00,102,2.6666666666666665,Short
55910,1900-01-01 16:30:00,1900-01-01 19:10:00,102,2.6666666666666665,Short
55913,1900-01-01 05:30:00,1900-01-01 11:55:00,176,6.416666666666667,Short
55914,1900-01-01 14:40:00,1900-01-01 20:45:00,176,6.083333333333333,Short
56001,1900-01-01 13:10:00,1900-01-01 14:40:00,68,1.5,Short
56002,1900-01-01 22:15:00,1900-01-01 23:50:00,68,1.5833333333333333,Short
56003,1900-01-01 05:50:00,1900-01-01 07:15:00,62,1.4166666666666667,Short
56004,1900-01-01 20:25:00,1900-01-01 22:00:00,62,1.5833333333333333,Short
56005,1900-01-01 17:30:00,1900-01-01 19:10:00,62,1.6666666666666667,Short
56006,1900-01-01 08:20:00,1900-01-01 09:55:00,62,1.5833333333333333,Short
56007,1900-01-01 21:00:00,1900-01-01 22:45:00,60,1.75,Short
56008,1900-01-01 04:35:00,1900-01-01 06:25:00,60,1.8333333333333333,Short
56009,1900-01-01 07:10:00,1900-01-01 09:05:00,70,1.9166666666666667,Short
56010,1900-01-01 16:35:00,1900-01-01 18:45:00,70,2.1666666666666665,Short
56011,1900-01-01 07:05:00,1900-01-01 12:40:00,193,5.583333333333333,Short
56012,1900-01-01 14:45:00,1900-01-01 20:55:00,193,6.166666666666667,Short
56013,1900-01-01 13:05:00,1900-01-01 15:25:00,70,2.3333333333333335,Short
56014,1900-01-01 09:40:00,1900-01-01 11:55:00,70,2.25,Short
56033,1900-01-01 16:40:00,1900-01-01 18:55:00,76,2.25,Short
56034,1900-01-01 08:30:00,1900-01-01 11:00:00,76,2.5,Short
56035,1900-01-01 09:15:00,1900-01-01 11:00:00,61,1.75,Short
56036,1900-01-01 16:00:00,1900-01-01 17:40:00,61,1.6666666666666667,Short
56037,1900-01-01 06:35:00,1900-01-01 10:55:00,196,4.333333333333333,Short
56038,1900-01-01 15:35:00,1900-01-01 20:10:00,196,4.583333333333333,Short
56041,1900-01-01 04:25:00,1900-01-01 14:10:00,279,9.75,Short
56042,1900-01-01 13:20:00,1900-01-01 22:45:00,284,9.416666666666666,Short
56043,1900-01-01 17:10:00,1900-01-01 17:40:00,22,0.5,Short
56044,1900-01-01 18:55:00,1900-01-01 19:30:00,22,0.5833333333333334,Short
56100,1900-01-01 05:00:00,1900-01-01 08:25:00,99,3.4166666666666665,Short
56101,1900-01-01 19:00:00,1900-01-01 22:05:00,99,3.0833333333333335,Short
56102,1900-01-01 17:30:00,1900-01-01 18:35:00,40,1.0833333333333333,Short
56103,1900-01-01 08:50:00,1900-01-01 09:55:00,40,1.0833333333333333,Short
56105,1900-01-01 06:05:00,1900-01-01 08:15:00,84,2.1666666666666665,Short
56106,1900-01-01 08:35:00,1900-01-01 10:45:00,85,2.1666666666666665,Short
56107,1900-01-01 17:30:00,1900-01-01 19:30:00,85,2.0,Short
56108,1900-01-01 19:50:00,1900-01-01 21:50:00,85,2.0,Short
56109,1900-01-01 16:10:00,1900-01-01 20:00:00,141,3.8333333333333335,Short
56110,1900-01-01 07:50:00,1900-01-01 11:50:00,141,4.0,Short
56111,1900-01-01 15:10:00,1900-01-01 19:45:00,178,4.583333333333333,Short
56112,1900-01-01 06:25:00,1900-01-01 12:25:00,180,6.0,Short
56113,1900-01-01 06:15:00,1900-01-01 09:40:00,120,3.4166666666666665,Short
56114,1900-01-01 18:05:00,1900-01-01 21:20:00,120,3.25,Short
56115,1900-01-01 07:15:00,1900-01-01 09:15:00,70,2.0,Short
56116,1900-01-01 18:15:00,1900-01-01 20:30:00,70,2.25,Short
56136,1900-01-01 07:10:00,1900-01-01 12:00:00,45,4.833333333333333,Short
56137,1900-01-01 14:00:00,1900-01-01 17:35:00,45,3.5833333333333335,Short
56138,1900-01-01 16:00:00,1900-01-01 17:15:00,18,1.25,Short
56139,1900-01-01 09:15:00,1900-01-01 10:25:00,18,1.1666666666666667,Short
56140,1900-01-01 17:30:00,1900-01-01 18:40:00,18,1.1666666666666667,Short
56141,1900-01-01 07:45:00,1900-01-01 09:05:00,18,1.3333333333333333,Short
56142,1900-01-01 12:15:00,1900-01-01 13:20:00,18,1.0833333333333333,Short
56143,1900-01-01 12:35:00,1900-01-01 13:50:00,18,1.25,Short
56144,1900-01-01 17:55:00,1900-01-01 18:45:00,35,0.8333333333333334,Short
56145,1900-01-01 08:15:00,1900-01-01 09:05:00,35,0.8333333333333334,Short
56146,1900-01-01 09:30:00,1900-01-01 10:20:00,35,0.8333333333333334,Short
56147,1900-01-01 10:40:00,1900-01-01 11:30:00,35,0.8333333333333334,Short
56148,1900-01-01 11:50:00,1900-01-01 12:40:00,35,0.8333333333333334,Short
56149,1900-01-01 13:00:00,1900-01-01 13:55:00,35,0.9166666666666666,Short
56150,1900-01-01 15:15:00,1900-01-01 16:05:00,35,0.8333333333333334,Short
56151,1900-01-01 16:30:00,1900-01-01 17:20:00,35,0.8333333333333334,Short
56201,1900-01-01 20:50:00,1900-01-01 22:30:00,60,1.6666666666666667,Short
56202,1900-01-01 05:00:00,1900-01-01 06:40:00,60,1.6666666666666667,Short
56203,1900-01-01 10:40:00,1900-01-01 12:25:00,60,1.75,Short
56204,1900-01-01 07:20:00,1900-01-01 09:10:00,60,1.8333333333333333,Short
56205,1900-01-01 10:15:00,1900-01-01 11:10:00,25,0.9166666666666666,Short
56206,1900-01-01 09:00:00,1900-01-01 09:50:00,25,0.8333333333333334,Short
56207,1900-01-01 16:55:00,1900-01-01 18:35:00,60,1.6666666666666667,Short
56208,1900-01-01 14:50:00,1900-01-01 16:40:00,60,1.8333333333333333,Short
56209,1900-01-01 18:00:00,1900-01-01 19:50:00,60,1.8333333333333333,Short
56210,1900-01-01 12:30:00,1900-01-01 14:15:00,60,1.75,Short
56215,1900-01-01 12:45:00,1900-01-01 20:00:00,294,7.25,Short
56216,1900-01-01 08:30:00,1900-01-01 15:45:00,294,7.25,Short
56217,1900-01-01 10:00:00,1900-01-01 12:30:00,96,2.5,Short
56218,1900-01-01 13:40:00,1900-01-01 16:30:00,96,2.8333333333333335,Short
56221,1900-01-01 09:20:00,1900-01-01 11:05:00,69,1.75,Short
56222,1900-01-01 11:35:00,1900-01-01 13:20:00,69,1.75,Short
56223,1900-01-01 18:20:00,1900-01-01 22:50:00,165,4.5,Short
56224,1900-01-01 05:00:00,1900-01-01 09:10:00,165,4.166666666666667,Short
56225,1900-01-01 13:50:00,1900-01-01 15:55:00,69,2.0833333333333335,Short
56226,1900-01-01 16:25:00,1900-01-01 18:15:00,69,1.8333333333333333,Short
56227,1900-01-01 16:30:00,1900-01-01 23:35:00,273,7.083333333333333,Short
56228,1900-01-01 04:00:00,1900-01-01 11:20:00,273,7.333333333333333,Short
56231,1900-01-01 05:50:00,1900-01-01 09:15:00,138,3.4166666666666665,Short
56232,1900-01-01 09:20:00,1900-01-01 12:35:00,138,3.25,Short
56237,1900-01-01 14:45:00,1900-01-01 18:05:00,138,3.3333333333333335,Short
56238,1900-01-01 19:00:00,1900-01-01 22:20:00,138,3.3333333333333335,Short
56241,1900-01-01 05:20:00,1900-01-01 10:45:00,220,5.416666666666667,Short
56242,1900-01-01 16:05:00,1900-01-01 21:40:00,219,5.583333333333333,Short
56261,1900-01-01 08:00:00,1900-01-01 18:45:00,290,10.75,Short
56262,1900-01-01 09:15:00,1900-01-01 17:45:00,290,8.5,Short
56263,1900-01-01 23:55:00,1900-01-01 04:15:00,138,4.333333333333332,Short
56264,1900-01-01 23:55:00,1900-01-01 04:00:00,138,4.083333333333332,Short
56265,1900-01-01 17:30:00,1900-01-01 21:25:00,167,3.9166666666666665,Short
56266,1900-01-01 07:15:00,1900-01-01 11:10:00,167,3.9166666666666665,Short
56267,1900-01-01 05:00:00,1900-01-01 09:25:00,167,4.416666666666667,Short
56268,1900-01-01 18:20:00,1900-01-01 22:30:00,167,4.166666666666667,Short
56269,1900-01-01 10:20:00,1900-01-01 16:30:00,275,6.166666666666667,Short
56270,1900-01-01 10:20:00,1900-01-01 16:40:00,275,6.333333333333333,Short
56271,1900-01-01 00:00:00,1900-01-01 00:00:00,114,0.0,Short
56272,1900-01-01 00:00:00,1900-01-01 00:00:00,114,0.0,Short
56273,1900-01-01 04:50:00,1900-01-01 13:05:00,305,8.25,Medium
56274,1900-01-01 15:25:00,1900-01-01 22:40:00,303,7.25,Medium
56275,1900-01-01 05:15:00,1900-01-01 14:30:00,372,9.25,Medium
56276,1900-01-01 13:10:00,1900-01-01 22:15:00,372,9.083333333333334,Medium
56277,1900-01-01 00:00:00,1900-01-01 00:00:00,244,0.0,Short
56278,1900-01-01 15:30:00,1900-01-01 22:15:00,244,6.75,Short
56281,1900-01-01 07:00:00,1900-01-01 12:15:00,198,5.25,Short
56282,1900-01-01 15:30:00,1900-01-01 20:35:00,198,5.083333333333333,Short
56300,1900-01-01 03:30:00,1900-01-01 05:40:00,84,2.1666666666666665,Short
56301,1900-01-01 17:20:00,1900-01-01 19:20:00,85,2.0,Short
56302,1900-01-01 07:20:00,1900-01-01 08:55:00,56,1.5833333333333333,Short
56303,1900-01-01 15:40:00,1900-01-01 17:15:00,56,1.5833333333333333,Short
56304,1900-01-01 12:20:00,1900-01-01 19:50:00,231,7.5,Short
56305,1900-01-01 05:35:00,1900-01-01 08:15:00,96,2.6666666666666665,Short
56307,1900-01-01 06:55:00,1900-01-01 09:00:00,64,2.0833333333333335,Short
56308,1900-01-01 18:00:00,1900-01-01 20:00:00,64,2.0,Short
56309,1900-01-01 15:15:00,1900-01-01 17:05:00,64,1.8333333333333333,Short
56310,1900-01-01 06:30:00,1900-01-01 08:30:00,71,2.0,Short
56311,1900-01-01 06:50:00,1900-01-01 08:50:00,72,2.0,Short
56313,1900-01-01 18:05:00,1900-01-01 19:55:00,72,1.8333333333333333,Short
56315,1900-01-01 17:15:00,1900-01-01 19:15:00,72,2.0,Short
56316,1900-01-01 18:20:00,1900-01-01 20:15:00,71,1.9166666666666667,Short
56317,1900-01-01 13:10:00,1900-01-01 15:55:00,78,2.75,Short
56318,1900-01-01 07:55:00,1900-01-01 10:20:00,77,2.4166666666666665,Short
56319,1900-01-01 07:10:00,1900-01-01 20:50:00,531,13.666666666666666,Medium
56320,1900-01-01 07:20:00,1900-01-01 20:20:00,532,13.0,Medium
56323,1900-01-01 07:30:00,1900-01-01 18:50:00,404,11.333333333333334,Medium
56324,1900-01-01 07:35:00,1900-01-01 19:35:00,404,12.0,Medium
56331,1900-01-01 08:15:00,1900-01-01 09:35:00,44,1.3333333333333333,Short
56332,1900-01-01 06:30:00,1900-01-01 07:55:00,44,1.4166666666666667,Short
56333,1900-01-01 11:00:00,1900-01-01 13:00:00,52,2.0,Short
56334,1900-01-01 08:40:00,1900-01-01 10:30:00,52,1.8333333333333333,Short
56335,1900-01-01 13:45:00,1900-01-01 15:40:00,52,1.9166666666666667,Short
56336,1900-01-01 11:20:00,1900-01-01 13:05:00,52,1.75,Short
56337,1900-01-01 19:10:00,1900-01-01 20:35:00,44,1.4166666666666667,Short
56338,1900-01-01 17:25:00,1900-01-01 18:50:00,44,1.4166666666666667,Short
56361,1900-01-01 04:20:00,1900-01-01 07:30:00,107,3.1666666666666665,Short
56362,1900-01-01 07:25:00,1900-01-01 13:00:00,173,5.583333333333333,Short
56363,1900-01-01 14:55:00,1900-01-01 20:05:00,173,5.166666666666667,Short
56364,1900-01-01 17:35:00,1900-01-01 21:05:00,107,3.5,Short
56365,1900-01-01 05:55:00,1900-01-01 15:20:00,302,9.416666666666666,Medium
56366,1900-01-01 16:35:00,1900-01-01 03:10:00,302,10.583333333333334,Medium
56370,1900-01-01 06:00:00,1900-01-01 08:40:00,96,2.6666666666666665,Short
56371,1900-01-01 06:45:00,1900-01-01 09:20:00,96,2.5833333333333335,Short
56373,1900-01-01 09:05:00,1900-01-01 09:35:00,22,0.5,Short
56374,1900-01-01 10:55:00,1900-01-01 11:30:00,22,0.5833333333333334,Short
56375,1900-01-01 13:05:00,1900-01-01 16:00:00,96,2.9166666666666665,Short
56376,1900-01-01 19:40:00,1900-01-01 22:25:00,96,2.75,Short
56377,1900-01-01 07:05:00,1900-01-01 08:10:00,43,1.0833333333333333,Short
56378,1900-01-01 22:20:00,1900-01-01 23:25:00,43,1.0833333333333333,Short
56379,1900-01-01 07:45:00,1900-01-01 09:30:00,56,1.75,Short
56380,1900-01-01 08:35:00,1900-01-01 11:10:00,100,2.5833333333333335,Short
56381,1900-01-01 10:05:00,1900-01-01 12:30:00,100,2.4166666666666665,Short
56382,1900-01-01 13:10:00,1900-01-01 15:35:00,100,2.4166666666666665,Short
56383,1900-01-01 18:05:00,1900-01-01 21:00:00,100,2.9166666666666665,Short
56384,1900-01-01 17:55:00,1900-01-01 19:30:00,56,1.5833333333333333,Short
56385,1900-01-01 07:15:00,1900-01-01 09:00:00,58,1.75,Short
56386,1900-01-01 05:05:00,1900-01-01 06:50:00,59,1.75,Short
56387,1900-01-01 12:00:00,1900-01-01 14:55:00,114,2.9166666666666665,Short
56388,1900-01-01 17:10:00,1900-01-01 20:05:00,114,2.9166666666666665,Short
56389,1900-01-01 20:40:00,1900-01-01 22:30:00,58,1.8333333333333333,Short
56390,1900-01-01 17:10:00,1900-01-01 19:00:00,59,1.8333333333333333,Short
56391,1900-01-01 18:30:00,1900-01-01 22:50:00,155,4.333333333333333,Short
56392,1900-01-01 04:00:00,1900-01-01 08:35:00,155,4.583333333333333,Short
56393,1900-01-01 17:50:00,1900-01-01 20:25:00,96,2.5833333333333335,Short
56394,1900-01-01 08:35:00,1900-01-01 11:05:00,95,2.5,Short
56501,1900-01-01 07:10:00,1900-01-01 05:35:00,693,22.416666666666668,Medium
56502,1900-01-01 23:30:00,1900-01-01 19:10:00,691,19.666666666666668,Medium
56503,1900-01-01 07:20:00,1900-01-01 05:55:00,747,22.583333333333332,Medium
56504,1900-01-01 20:40:00,1900-01-01 17:10:00,749,20.5,Medium
56505,1900-01-01 13:00:00,1900-01-01 13:35:00,17,0.5833333333333334,Short
56506,1900-01-01 09:50:00,1900-01-01 10:25:00,16,0.5833333333333334,Short
56507,1900-01-01 06:20:00,1900-01-01 09:25:00,84,3.0833333333333335,Short
56508,1900-01-01 18:00:00,1900-01-01 20:35:00,85,2.5833333333333335,Short
56509,1900-01-01 14:00:00,1900-01-01 17:00:00,84,3.0,Short
56510,1900-01-01 07:00:00,1900-01-01 09:30:00,85,2.5,Short
56511,1900-01-01 05:30:00,1900-01-01 06:05:00,17,0.5833333333333334,Short
56512,1900-01-01 20:50:00,1900-01-01 21:25:00,16,0.5833333333333334,Short
56513,1900-01-01 03:40:00,1900-01-01 19:00:00,568,15.333333333333334,Medium
56514,1900-01-01 07:15:00,1900-01-01 22:30:00,567,15.25,Medium
56515,1900-01-01 07:45:00,1900-01-01 20:45:00,470,13.0,Medium
56516,1900-01-01 07:00:00,1900-01-01 20:10:00,469,13.166666666666666,Medium
56517,1900-01-01 18:10:00,1900-01-01 20:40:00,93,2.5,Short
56518,1900-01-01 07:10:00,1900-01-01 09:45:00,93,2.5833333333333335,Short
56519,1900-01-01 15:30:00,1900-01-01 16:45:00,33,1.25,Short
56520,1900-01-01 11:00:00,1900-01-01 12:00:00,33,1.0,Short
56600,1900-01-01 05:05:00,1900-01-01 07:25:00,85,2.3333333333333335,Short
56601,1900-01-01 17:45:00,1900-01-01 20:00:00,85,2.25,Short
56602,1900-01-01 14:45:00,1900-01-01 20:40:00,175,5.916666666666667,Short
56603,1900-01-01 05:55:00,1900-01-01 12:15:00,207,6.333333333333333,Short
56604,1900-01-01 08:00:00,1900-01-01 10:50:00,98,2.8333333333333335,Short
56605,1900-01-01 16:40:00,1900-01-01 20:45:00,131,4.083333333333333,Short
56610,1900-01-01 17:05:00,1900-01-01 20:45:00,110,3.6666666666666665,Short
56611,1900-01-01 05:55:00,1900-01-01 08:40:00,109,2.75,Short
56612,1900-01-01 06:50:00,1900-01-01 08:30:00,66,1.6666666666666667,Short
56613,1900-01-01 09:20:00,1900-01-01 10:55:00,66,1.5833333333333333,Short
56614,1900-01-01 09:10:00,1900-01-01 10:45:00,66,1.5833333333333333,Short
56616,1900-01-01 11:15:00,1900-01-01 12:55:00,66,1.6666666666666667,Short
56617,1900-01-01 15:05:00,1900-01-01 16:40:00,66,1.5833333333333333,Short
56619,1900-01-01 17:10:00,1900-01-01 18:45:00,66,1.5833333333333333,Short
56620,1900-01-01 19:10:00,1900-01-01 20:50:00,66,1.6666666666666667,Short
56621,1900-01-01 19:30:00,1900-01-01 21:10:00,66,1.6666666666666667,Short
56640,1900-01-01 05:50:00,1900-01-01 12:40:00,326,6.833333333333333,Medium
56641,1900-01-01 13:00:00,1900-01-01 20:55:00,324,7.916666666666667,Medium
56642,1900-01-01 07:55:00,1900-01-01 09:25:00,49,1.5,Short
56643,1900-01-01 06:05:00,1900-01-01 07:30:00,48,1.4166666666666667,Short
56644,1900-01-01 20:10:00,1900-01-01 21:40:00,49,1.5,Short
56645,1900-01-01 18:20:00,1900-01-01 19:40:00,48,1.3333333333333333,Short
56646,1900-01-01 13:25:00,1900-01-01 16:05:00,91,2.6666666666666665,Short
56647,1900-01-01 10:05:00,1900-01-01 12:25:00,90,2.3333333333333335,Short
56650,1900-01-01 05:40:00,1900-01-01 13:25:00,273,7.75,Short
56651,1900-01-01 14:10:00,1900-01-01 21:35:00,273,7.416666666666667,Short
56652,1900-01-01 17:20:00,1900-01-01 20:05:00,89,2.75,Short
56653,1900-01-01 06:40:00,1900-01-01 09:05:00,89,2.4166666666666665,Short
56654,1900-01-01 05:35:00,1900-01-01 11:35:00,220,6.0,Short
56655,1900-01-01 07:15:00,1900-01-01 10:35:00,131,3.3333333333333335,Short
56656,1900-01-01 16:30:00,1900-01-01 19:55:00,131,3.4166666666666665,Short
56657,1900-01-01 14:05:00,1900-01-01 16:20:00,89,2.25,Short
56659,1900-01-01 17:10:00,1900-01-01 18:20:00,48,1.1666666666666667,Short
56661,1900-01-01 06:20:00,1900-01-01 08:30:00,83,2.1666666666666665,Short
56663,1900-01-01 17:35:00,1900-01-01 21:25:00,118,3.8333333333333335,Short
56664,1900-01-01 07:20:00,1900-01-01 10:45:00,119,3.4166666666666665,Short
56665,1900-01-01 06:35:00,1900-01-01 11:50:00,182,5.25,Short
56666,1900-01-01 13:05:00,1900-01-01 18:10:00,179,5.083333333333333,Short
56700,1900-01-01 23:15:00,1900-01-01 11:05:00,410,11.833333333333334,Medium
56701,1900-01-01 15:50:00,1900-01-01 06:45:00,409,14.916666666666666,Medium
56703,1900-01-01 18:25:00,1900-01-01 20:50:00,93,2.4166666666666665,Short
56704,1900-01-01 06:15:00,1900-01-01 08:30:00,94,2.25,Short
56705,1900-01-01 15:30:00,1900-01-01 00:40:00,333,9.166666666666666,Medium
56706,1900-01-01 03:00:00,1900-01-01 11:25:00,334,8.416666666666666,Medium
56707,1900-01-01 07:55:00,1900-01-01 09:15:00,62,1.3333333333333333,Short
56708,1900-01-01 18:20:00,1900-01-01 19:50:00,62,1.5,Short
56709,1900-01-01 16:45:00,1900-01-01 20:10:00,120,3.4166666666666665,Short
56710,1900-01-01 07:45:00,1900-01-01 10:40:00,120,2.9166666666666665,Short
56711,1900-01-01 12:30:00,1900-01-01 17:30:00,145,5.0,Short
56714,1900-01-01 06:10:00,1900-01-01 11:15:00,145,5.083333333333333,Short
56715,1900-01-01 06:15:00,1900-01-01 12:05:00,196,5.833333333333333,Short
56716,1900-01-01 14:35:00,1900-01-01 20:10:00,188,5.583333333333333,Short
56717,1900-01-01 18:15:00,1900-01-01 20:40:00,88,2.4166666666666665,Short
56718,1900-01-01 06:55:00,1900-01-01 08:50:00,73,1.9166666666666667,Short
56719,1900-01-01 13:25:00,1900-01-01 13:45:00,15,0.3333333333333333,Short
56721,1900-01-01 12:40:00,1900-01-01 16:35:00,161,3.9166666666666665,Short
56722,1900-01-01 11:20:00,1900-01-01 15:10:00,161,3.8333333333333335,Short
56723,1900-01-01 06:50:00,1900-01-01 10:30:00,161,3.6666666666666665,Short
56724,1900-01-01 05:30:00,1900-01-01 09:20:00,161,3.8333333333333335,Short
56725,1900-01-01 18:10:00,1900-01-01 22:40:00,161,4.5,Short
56726,1900-01-01 18:00:00,1900-01-01 22:00:00,161,4.0,Short
56731,1900-01-01 07:15:00,1900-01-01 10:45:00,173,3.5,Short
56732,1900-01-01 07:00:00,1900-01-01 10:45:00,173,3.75,Short
56733,1900-01-01 11:30:00,1900-01-01 15:10:00,173,3.6666666666666665,Short
56734,1900-01-01 12:00:00,1900-01-01 15:45:00,173,3.75,Short
56735,1900-01-01 17:00:00,1900-01-01 21:10:00,173,4.166666666666667,Short
56736,1900-01-01 15:40:00,1900-01-01 19:35:00,173,3.9166666666666665,Short
56741,1900-01-01 17:50:00,1900-01-01 20:40:00,59,2.8333333333333335,Short
56742,1900-01-01 07:30:00,1900-01-01 09:35:00,60,2.0833333333333335,Short
56761,1900-01-01 07:10:00,1900-01-01 08:55:00,61,1.75,Short
56762,1900-01-01 07:20:00,1900-01-01 09:05:00,61,1.75,Short
56763,1900-01-01 09:30:00,1900-01-01 11:00:00,61,1.5,Short
56764,1900-01-01 16:20:00,1900-01-01 17:55:00,61,1.5833333333333333,Short
56765,1900-01-01 18:35:00,1900-01-01 20:30:00,61,1.9166666666666667,Short
56766,1900-01-01 17:55:00,1900-01-01 19:40:00,61,1.75,Short
56767,1900-01-01 08:45:00,1900-01-01 13:10:00,121,4.416666666666667,Short
56768,1900-01-01 14:20:00,1900-01-01 18:30:00,121,4.166666666666667,Short
56769,1900-01-01 04:30:00,1900-01-01 16:00:00,459,11.5,Medium
56770,1900-01-01 11:10:00,1900-01-01 22:30:00,458,11.333333333333334,Medium
56796,1900-01-01 06:35:00,1900-01-01 08:40:00,72,2.0833333333333335,Short
56797,1900-01-01 09:15:00,1900-01-01 11:50:00,78,2.5833333333333335,Short
56798,1900-01-01 14:45:00,1900-01-01 17:45:00,78,3.0,Short
56799,1900-01-01 18:25:00,1900-01-01 20:40:00,72,2.25,Short
56800,1900-01-01 10:15:00,1900-01-01 12:30:00,72,2.25,Short
56801,1900-01-01 07:25:00,1900-01-01 09:45:00,72,2.3333333333333335,Short
56802,1900-01-01 17:55:00,1900-01-01 20:10:00,72,2.25,Short
56803,1900-01-01 13:50:00,1900-01-01 16:30:00,72,2.6666666666666665,Short
56811,1900-01-01 00:00:00,1900-01-01 00:00:00,120,0.0,Short
56812,1900-01-01 00:00:00,1900-01-01 00:00:00,120,0.0,Short
56819,1900-01-01 00:00:00,1900-01-01 00:00:00,39,0.0,Short
56820,1900-01-01 00:00:00,1900-01-01 00:00:00,39,0.0,Short
56821,1900-01-01 11:25:00,1900-01-01 16:20:00,214,4.916666666666667,Short
56822,1900-01-01 12:05:00,1900-01-01 17:15:00,214,5.166666666666667,Short
56823,1900-01-01 20:00:00,1900-01-01 23:40:00,120,3.6666666666666665,Short
56824,1900-01-01 07:10:00,1900-01-01 10:45:00,120,3.5833333333333335,Short
56825,1900-01-01 13:05:00,1900-01-01 22:40:00,358,9.583333333333334,Medium
56826,1900-01-01 05:30:00,1900-01-01 14:40:00,358,9.166666666666666,Medium
56829,1900-01-01 06:40:00,1900-01-01 12:45:00,263,6.083333333333333,Short
56830,1900-01-01 13:55:00,1900-01-01 20:25:00,264,6.5,Short
56839,1900-01-01 00:00:00,1900-01-01 00:00:00,178,0.0,Short
56840,1900-01-01 00:00:00,1900-01-01 00:00:00,180,0.0,Short
56841,1900-01-01 06:50:00,1900-01-01 11:10:00,141,4.333333333333333,Short
56842,1900-01-01 16:35:00,1900-01-01 20:15:00,141,3.6666666666666665,Short
56843,1900-01-01 00:00:00,1900-01-01 00:00:00,141,0.0,Short
56844,1900-01-01 00:00:00,1900-01-01 00:00:00,141,0.0,Short
56845,1900-01-01 05:30:00,1900-01-01 10:35:00,178,5.083333333333333,Short
56846,1900-01-01 16:10:00,1900-01-01 21:20:00,180,5.166666666666667,Short
56859,1900-01-01 18:10:00,1900-01-01 21:10:00,133,3.0,Short
56860,1900-01-01 05:25:00,1900-01-01 08:30:00,133,3.0833333333333335,Short
56861,1900-01-01 06:55:00,1900-01-01 07:45:00,37,0.8333333333333334,Short
56862,1900-01-01 08:10:00,1900-01-01 08:55:00,37,0.75,Short
56863,1900-01-01 14:15:00,1900-01-01 15:05:00,37,0.8333333333333334,Short
56864,1900-01-01 16:00:00,1900-01-01 16:55:00,37,0.9166666666666666,Short
56865,1900-01-01 17:45:00,1900-01-01 18:30:00,37,0.75,Short
56866,1900-01-01 19:35:00,1900-01-01 20:25:00,37,0.8333333333333334,Short
56871,1900-01-01 06:20:00,1900-01-01 07:25:00,38,1.0833333333333333,Short
56872,1900-01-01 08:10:00,1900-01-01 09:15:00,38,1.0833333333333333,Short
56873,1900-01-01 05:55:00,1900-01-01 09:10:00,121,3.25,Short
56874,1900-01-01 05:40:00,1900-01-01 09:10:00,121,3.5,Short
56875,1900-01-01 14:30:00,1900-01-01 17:40:00,121,3.1666666666666665,Short
56876,1900-01-01 15:45:00,1900-01-01 18:45:00,121,3.0,Short
56877,1900-01-01 17:40:00,1900-01-01 20:55:00,121,3.25,Short
56878,1900-01-01 17:45:00,1900-01-01 20:50:00,121,3.0833333333333335,Short
56879,1900-01-01 18:10:00,1900-01-01 19:10:00,38,1.0,Short
56880,1900-01-01 19:45:00,1900-01-01 20:45:00,38,1.0,Short
56881,1900-01-01 04:55:00,1900-01-01 09:15:00,160,4.333333333333333,Short
56882,1900-01-01 04:50:00,1900-01-01 12:40:00,264,7.833333333333333,Short
56883,1900-01-01 06:40:00,1900-01-01 11:10:00,160,4.5,Short
56884,1900-01-01 16:35:00,1900-01-01 23:40:00,264,7.083333333333333,Short
56885,1900-01-01 13:50:00,1900-01-01 21:00:00,264,7.166666666666667,Short
56886,1900-01-01 18:50:00,1900-01-01 23:00:00,160,4.166666666666667,Short
56889,1900-01-01 02:45:00,1900-01-01 05:30:00,104,2.75,Short
56902,1900-01-01 08:40:00,1900-01-01 09:30:00,20,0.8333333333333334,Short
56903,1900-01-01 00:40:00,1900-01-01 10:10:00,378,9.5,Medium
56904,1900-01-01 17:40:00,1900-01-01 03:30:00,377,9.833333333333334,Medium
56905,1900-01-01 04:45:00,1900-01-01 14:00:00,357,9.25,Medium
56906,1900-01-01 13:00:00,1900-01-01 22:40:00,356,9.666666666666666,Medium
56907,1900-01-01 18:55:00,1900-01-01 19:35:00,20,0.6666666666666666,Short
56909,1900-01-01 22:15:00,1900-01-01 11:40:00,516,13.416666666666666,Medium
56910,1900-01-01 14:00:00,1900-01-01 05:15:00,516,15.25,Medium
56911,1900-01-01 05:25:00,1900-01-01 10:15:00,191,4.833333333333333,Short
56912,1900-01-01 17:30:00,1900-01-01 22:40:00,189,5.166666666666667,Short
56913,1900-01-01 06:30:00,1900-01-01 18:45:00,470,12.25,Medium
56914,1900-01-01 09:15:00,1900-01-01 21:15:00,468,12.0,Medium
56915,1900-01-01 04:15:00,1900-01-01 09:10:00,191,4.916666666666667,Short
56916,1900-01-01 18:50:00,1900-01-01 23:50:00,189,5.0,Short
56917,1900-01-01 11:40:00,1900-01-01 13:05:00,62,1.4166666666666667,Short
56918,1900-01-01 14:00:00,1900-01-01 15:18:00,62,1.3,Short
56921,1900-01-01 18:00:00,1900-01-01 21:30:00,141,3.5,Short
56922,1900-01-01 06:00:00,1900-01-01 09:40:00,141,3.6666666666666665,Short
56925,1900-01-01 05:30:00,1900-01-01 06:50:00,69,1.3333333333333333,Short
56926,1900-01-01 08:15:00,1900-01-01 09:55:00,69,1.6666666666666667,Short
56961,1900-01-01 06:30:00,1900-01-01 08:20:00,61,1.8333333333333333,Short
56962,1900-01-01 07:35:00,1900-01-01 09:05:00,58,1.5,Short
56963,1900-01-01 12:20:00,1900-01-01 14:05:00,61,1.75,Short
56964,1900-01-01 13:10:00,1900-01-01 15:00:00,58,1.8333333333333333,Short
56965,1900-01-01 17:15:00,1900-01-01 19:00:00,61,1.75,Short
56966,1900-01-01 17:30:00,1900-01-01 19:10:00,58,1.6666666666666667,Short
57121,1900-01-01 05:00:00,1900-01-01 10:30:00,243,5.5,Short
57122,1900-01-01 15:15:00,1900-01-01 20:00:00,191,4.75,Short
57123,1900-01-01 05:45:00,1900-01-01 14:45:00,332,9.0,Medium
57124,1900-01-01 11:00:00,1900-01-01 21:15:00,381,10.25,Medium
57129,1900-01-01 18:30:00,1900-01-01 08:45:00,455,14.25,Medium
57130,1900-01-01 19:45:00,1900-01-01 11:10:00,445,15.416666666666666,Medium
57131,1900-01-01 09:05:00,1900-01-01 10:15:00,22,1.1666666666666667,Short
57133,1900-01-01 12:25:00,1900-01-01 22:10:00,366,9.75,Medium
57134,1900-01-01 07:00:00,1900-01-01 17:30:00,366,10.5,Medium
57135,1900-01-01 21:20:00,1900-01-01 09:50:00,450,12.5,Medium
57136,1900-01-01 21:15:00,1900-01-01 11:25:00,453,14.166666666666666,Medium
57145,1900-01-01 08:50:00,1900-01-01 10:10:00,56,1.3333333333333333,Short
57146,1900-01-01 17:30:00,1900-01-01 18:50:00,56,1.3333333333333333,Short
57155,1900-01-01 03:45:00,1900-01-01 10:50:00,223,7.083333333333333,Short
57156,1900-01-01 17:25:00,1900-01-01 23:10:00,223,5.75,Short
57225,1900-01-01 08:25:00,1900-01-01 19:00:00,350,10.583333333333334,Medium
57226,1900-01-01 09:40:00,1900-01-01 18:55:00,350,9.25,Medium
57229,1900-01-01 21:10:00,1900-01-01 08:50:00,372,11.666666666666666,Medium
57230,1900-01-01 20:05:00,1900-01-01 08:15:00,371,12.166666666666666,Medium
57231,1900-01-01 17:25:00,1900-01-01 22:30:00,217,5.083333333333333,Short
57232,1900-01-01 04:45:00,1900-01-01 10:30:00,217,5.75,Short
57237,1900-01-01 04:00:00,1900-01-01 09:15:00,225,5.25,Short
57238,1900-01-01 13:00:00,1900-01-01 19:05:00,226,6.083333333333333,Short
57239,1900-01-01 16:00:00,1900-01-01 22:20:00,137,6.333333333333333,Short
57240,1900-01-01 05:15:00,1900-01-01 12:35:00,209,7.333333333333333,Short
57241,1900-01-01 04:00:00,1900-01-01 09:15:00,220,5.25,Short
57242,1900-01-01 15:15:00,1900-01-01 20:45:00,220,5.5,Short
57255,1900-01-01 04:30:00,1900-01-01 09:45:00,168,5.25,Short
57256,1900-01-01 17:10:00,1900-01-01 21:40:00,168,4.5,Short
57257,1900-01-01 01:05:00,1900-01-01 20:45:00,602,19.666666666666668,Medium
57258,1900-01-01 07:00:00,1900-01-01 02:45:00,603,19.75,Medium
57264,1900-01-01 23:05:00,1900-01-01 00:10:00,29,1.0833333333333321,Short
57265,1900-01-01 03:50:00,1900-01-01 05:05:00,29,1.25,Short
57271,1900-01-01 21:00:00,1900-01-01 14:25:00,535,17.416666666666668,Medium
57272,1900-01-01 15:15:00,1900-01-01 09:00:00,535,17.75,Medium
57273,1900-01-01 06:00:00,1900-01-01 21:45:00,578,15.75,Medium
57274,1900-01-01 06:05:00,1900-01-01 21:15:00,577,15.166666666666666,Medium
57277,1900-01-01 06:10:00,1900-01-01 12:55:00,292,6.75,Short
57278,1900-01-01 18:15:00,1900-01-01 23:30:00,220,5.25,Short
57305,1900-01-01 14:40:00,1900-01-01 08:45:00,622,18.083333333333332,Medium
57306,1900-01-01 17:30:00,1900-01-01 09:45:00,622,16.25,Medium
57307,1900-01-01 10:05:00,1900-01-01 11:30:00,32,1.4166666666666667,Short
57308,1900-01-01 12:40:00,1900-01-01 14:10:00,32,1.5,Short
57317,1900-01-01 08:00:00,1900-01-01 11:45:00,130,3.75,Short
57320,1900-01-01 16:30:00,1900-01-01 19:45:00,130,3.25,Short
57323,1900-01-01 15:00:00,1900-01-01 16:00:00,35,1.0,Short
57324,1900-01-01 13:05:00,1900-01-01 14:05:00,35,1.0,Short
57325,1900-01-01 05:10:00,1900-01-01 22:30:00,622,17.333333333333332,Medium
57326,1900-01-01 05:15:00,1900-01-01 23:15:00,622,18.0,Medium
57327,1900-01-01 06:30:00,1900-01-01 15:20:00,333,8.833333333333334,Medium
57328,1900-01-01 12:10:00,1900-01-01 21:25:00,333,9.25,Medium
57329,1900-01-01 00:00:00,1900-01-01 00:00:00,379,0.0,Medium
57330,1900-01-01 01:00:00,1900-01-01 11:50:00,380,10.833333333333334,Medium
57381,1900-01-01 16:35:00,1900-01-01 22:40:00,171,6.083333333333333,Short
57382,1900-01-01 06:05:00,1900-01-01 11:40:00,171,5.583333333333333,Short
57401,1900-01-01 06:45:00,1900-01-01 09:30:00,104,2.75,Short
57402,1900-01-01 14:40:00,1900-01-01 18:15:00,104,3.5833333333333335,Short
57403,1900-01-01 19:30:00,1900-01-01 22:20:00,104,2.8333333333333335,Short
57404,1900-01-01 06:15:00,1900-01-01 09:10:00,104,2.9166666666666665,Short
57405,1900-01-01 11:00:00,1900-01-01 14:00:00,104,3.0,Short
57406,1900-01-01 18:15:00,1900-01-01 22:10:00,104,3.9166666666666665,Short
57411,1900-01-01 13:45:00,1900-01-01 16:00:00,83,2.25,Short
57412,1900-01-01 10:55:00,1900-01-01 12:30:00,83,1.5833333333333333,Short
57425,1900-01-01 09:40:00,1900-01-01 19:20:00,358,9.666666666666666,Medium
57426,1900-01-01 05:45:00,1900-01-01 15:50:00,356,10.083333333333334,Medium
57429,1900-01-01 06:30:00,1900-01-01 09:10:00,92,2.6666666666666665,Short
57430,1900-01-01 17:30:00,1900-01-01 19:50:00,93,2.3333333333333335,Short
57435,1900-01-01 17:35:00,1900-01-01 23:40:00,236,6.083333333333333,Short
57436,1900-01-01 07:00:00,1900-01-01 12:50:00,236,5.833333333333333,Short
57447,1900-01-01 13:10:00,1900-01-01 15:45:00,105,2.5833333333333335,Short
57448,1900-01-01 00:00:00,1900-01-01 00:00:00,182,0.0,Short
57451,1900-01-01 14:30:00,1900-01-01 21:45:00,234,7.25,Short
57452,1900-01-01 07:05:00,1900-01-01 13:10:00,234,6.083333333333333,Short
57456,1900-01-01 14:10:00,1900-01-01 16:35:00,105,2.4166666666666665,Short
57473,1900-01-01 16:10:00,1900-01-01 22:55:00,191,6.75,Short
57474,1900-01-01 04:45:00,1900-01-01 13:35:00,297,8.833333333333334,Short
57475,1900-01-01 08:15:00,1900-01-01 20:15:00,370,12.0,Medium
57476,1900-01-01 07:10:00,1900-01-01 17:15:00,370,10.083333333333334,Medium
57477,1900-01-01 22:30:00,1900-01-01 12:00:00,473,13.5,Medium
57478,1900-01-01 14:25:00,1900-01-01 06:20:00,474,15.916666666666666,Medium
57486,1900-01-01 05:50:00,1900-01-01 08:40:00,77,2.8333333333333335,Short
57501,1900-01-01 06:35:00,1900-01-01 07:35:00,26,1.0,Short
57502,1900-01-01 07:55:00,1900-01-01 11:25:00,114,3.5,Short
57503,1900-01-01 15:30:00,1900-01-01 19:00:00,114,3.5,Short
57504,1900-01-01 19:40:00,1900-01-01 20:45:00,26,1.0833333333333333,Short
57512,1900-01-01 00:00:00,1900-01-01 00:00:00,58,0.0,Short
57515,1900-01-01 13:00:00,1900-01-01 04:25:00,581,15.416666666666666,Medium
57516,1900-01-01 20:50:00,1900-01-01 11:55:00,581,15.083333333333334,Medium
57517,1900-01-01 12:15:00,1900-01-01 15:00:00,115,2.75,Short
57518,1900-01-01 16:15:00,1900-01-01 19:10:00,114,2.9166666666666665,Short
57521,1900-01-01 20:45:00,1900-01-01 23:30:00,92,2.75,Short
57522,1900-01-01 16:15:00,1900-01-01 19:00:00,92,2.75,Short
57539,1900-01-01 14:15:00,1900-01-01 22:40:00,298,8.416666666666666,Short
57540,1900-01-01 13:15:00,1900-01-01 21:10:00,299,7.916666666666667,Short
57541,1900-01-01 05:20:00,1900-01-01 15:20:00,325,10.0,Medium
57542,1900-01-01 18:45:00,1900-01-01 04:40:00,347,9.916666666666666,Medium
57547,1900-01-01 07:55:00,1900-01-01 21:05:00,435,13.166666666666666,Medium
57548,1900-01-01 07:30:00,1900-01-01 20:05:00,435,12.583333333333334,Medium
57549,1900-01-01 21:35:00,1900-01-01 14:15:00,583,16.666666666666668,Medium
57550,1900-01-01 15:35:00,1900-01-01 07:05:00,583,15.5,Medium
57551,1900-01-01 18:25:00,1900-01-01 23:50:00,223,5.416666666666667,Short
57552,1900-01-01 15:15:00,1900-01-01 20:45:00,225,5.5,Short
57553,1900-01-01 04:30:00,1900-01-01 12:55:00,316,8.416666666666666,Medium
57554,1900-01-01 03:30:00,1900-01-01 12:45:00,317,9.25,Medium
57557,1900-01-01 06:05:00,1900-01-01 09:55:00,110,3.8333333333333335,Short
57558,1900-01-01 18:15:00,1900-01-01 21:05:00,110,2.8333333333333335,Short
57561,1900-01-01 04:50:00,1900-01-01 23:00:00,623,18.166666666666668,Medium
57562,1900-01-01 00:00:00,1900-01-01 00:00:00,620,0.0,Medium
57563,1900-01-01 22:40:00,1900-01-01 09:15:00,340,10.583333333333334,Medium
57564,1900-01-01 23:30:00,1900-01-01 07:45:00,279,8.25,Short
57581,1900-01-01 06:30:00,1900-01-01 11:20:00,206,4.833333333333333,Short
57582,1900-01-01 07:00:00,1900-01-01 12:30:00,206,5.5,Short
57583,1900-01-01 22:15:00,1900-01-01 04:30:00,206,6.25,Short
57584,1900-01-01 22:00:00,1900-01-01 03:00:00,206,5.0,Short
57590,1900-01-01 23:15:00,1900-01-01 00:20:00,19,1.0833333333333321,Short
57593,1900-01-01 00:00:00,1900-01-01 00:00:00,243,0.0,Short
57594,1900-01-01 00:00:00,1900-01-01 00:00:00,243,0.0,Short
57601,1900-01-01 06:00:00,1900-01-01 10:35:00,165,4.583333333333333,Short
57602,1900-01-01 18:50:00,1900-01-01 23:00:00,165,4.166666666666667,Short
57605,1900-01-01 08:10:00,1900-01-01 10:20:00,72,2.1666666666666665,Short
57606,1900-01-01 10:55:00,1900-01-01 13:45:00,79,2.8333333333333335,Short
57625,1900-01-01 18:40:00,1900-01-01 04:30:00,341,9.833333333333334,Medium
57626,1900-01-01 23:45:00,1900-01-01 09:25:00,341,9.666666666666666,Medium
57628,1900-01-01 16:10:00,1900-01-01 19:30:00,112,3.3333333333333335,Short
57631,1900-01-01 03:50:00,1900-01-01 13:00:00,377,9.166666666666666,Medium
57632,1900-01-01 15:30:00,1900-01-01 21:40:00,265,6.166666666666667,Short
57641,1900-01-01 11:50:00,1900-01-01 19:40:00,299,7.833333333333333,Short
57642,1900-01-01 02:00:00,1900-01-01 09:30:00,299,7.5,Short
57649,1900-01-01 22:55:00,1900-01-01 23:45:00,36,0.8333333333333334,Short
57650,1900-01-01 06:45:00,1900-01-01 10:45:00,149,4.0,Short
57651,1900-01-01 10:50:00,1900-01-01 20:10:00,341,9.333333333333334,Medium
57652,1900-01-01 07:00:00,1900-01-01 17:00:00,341,10.0,Medium
57657,1900-01-01 06:15:00,1900-01-01 11:50:00,209,5.583333333333333,Short
57658,1900-01-01 13:05:00,1900-01-01 18:30:00,209,5.416666666666667,Short
57659,1900-01-01 10:25:00,1900-01-01 19:45:00,347,9.333333333333334,Medium
57660,1900-01-01 05:00:00,1900-01-01 12:40:00,235,7.666666666666667,Short
57685,1900-01-01 20:10:00,1900-01-01 22:50:00,108,2.6666666666666665,Short
57686,1900-01-01 00:05:00,1900-01-01 02:40:00,108,2.5833333333333335,Short
57687,1900-01-01 14:25:00,1900-01-01 18:30:00,165,4.083333333333333,Short
57688,1900-01-01 00:00:00,1900-01-01 00:00:00,165,0.0,Short
57689,1900-01-01 05:00:00,1900-01-01 09:25:00,165,4.416666666666667,Short
57690,1900-01-01 09:50:00,1900-01-01 13:55:00,165,4.083333333333333,Short
58001,1900-01-01 00:05:00,1900-01-01 15:30:00,526,15.416666666666666,Medium
58002,1900-01-01 09:40:00,1900-01-01 01:40:00,518,16.0,Medium
58003,1900-01-01 15:25:00,1900-01-01 22:30:00,299,7.083333333333333,Short
58004,1900-01-01 04:35:00,1900-01-01 11:30:00,298,6.916666666666667,Short
58005,1900-01-01 04:40:00,1900-01-01 12:15:00,366,7.583333333333333,Medium
58006,1900-01-01 16:20:00,1900-01-01 23:50:00,366,7.5,Medium
58007,1900-01-01 06:35:00,1900-01-01 11:00:00,182,4.416666666666667,Short
58008,1900-01-01 16:00:00,1900-01-01 20:00:00,182,4.0,Short
58009,1900-01-01 15:55:00,1900-01-01 22:15:00,226,6.333333333333333,Short
58010,1900-01-01 05:45:00,1900-01-01 11:10:00,226,5.416666666666667,Short
58011,1900-01-01 23:05:00,1900-01-01 09:20:00,442,10.25,Medium
58012,1900-01-01 17:10:00,1900-01-01 04:20:00,441,11.166666666666666,Medium
58013,1900-01-01 06:05:00,1900-01-01 09:00:00,82,2.9166666666666665,Short
58014,1900-01-01 19:15:00,1900-01-01 21:40:00,82,2.4166666666666665,Short
58015,1900-01-01 17:45:00,1900-01-01 23:20:00,284,5.583333333333333,Short
58016,1900-01-01 04:30:00,1900-01-01 10:10:00,284,5.666666666666667,Short
58017,1900-01-01 05:30:00,1900-01-01 11:20:00,209,5.833333333333333,Short
58018,1900-01-01 17:05:00,1900-01-01 22:25:00,210,5.333333333333333,Short
58019,1900-01-01 14:30:00,1900-01-01 15:55:00,41,1.4166666666666667,Short
58020,1900-01-01 12:10:00,1900-01-01 13:25:00,41,1.25,Short
58021,1900-01-01 09:15:00,1900-01-01 13:10:00,137,3.9166666666666665,Short
58022,1900-01-01 18:20:00,1900-01-01 21:10:00,137,2.8333333333333335,Short
58023,1900-01-01 15:00:00,1900-01-01 21:00:00,161,6.0,Short
58024,1900-01-01 04:30:00,1900-01-01 10:30:00,162,6.0,Short
58025,1900-01-01 08:40:00,1900-01-01 19:30:00,339,10.833333333333334,Medium
58026,1900-01-01 09:00:00,1900-01-01 17:55:00,336,8.916666666666666,Medium
58029,1900-01-01 13:40:00,1900-01-01 15:35:00,62,1.9166666666666667,Short
58030,1900-01-01 11:45:00,1900-01-01 13:10:00,62,1.4166666666666667,Short
58031,1900-01-01 13:40:00,1900-01-01 15:10:00,69,1.5,Short
58032,1900-01-01 11:20:00,1900-01-01 12:45:00,69,1.4166666666666667,Short
58033,1900-01-01 09:10:00,1900-01-01 12:30:00,117,3.3333333333333335,Short
58034,1900-01-01 15:45:00,1900-01-01 18:55:00,114,3.1666666666666665,Short
58103,1900-01-01 17:00:00,1900-01-01 21:10:00,148,4.166666666666667,Short
58104,1900-01-01 05:20:00,1900-01-01 09:55:00,148,4.583333333333333,Short
58109,1900-01-01 07:30:00,1900-01-01 11:30:00,147,4.0,Short
58110,1900-01-01 13:30:00,1900-01-01 19:15:00,147,5.75,Short
58111,1900-01-01 06:30:00,1900-01-01 06:35:00,885,0.08333333333333333,Long
58112,1900-01-01 21:15:00,1900-01-01 00:05:00,883,2.833333333333332,Long
58113,1900-01-01 17:45:00,1900-01-01 06:55:00,470,13.166666666666666,Medium
58114,1900-01-01 19:20:00,1900-01-01 09:50:00,469,14.5,Medium
58117,1900-01-01 07:15:00,1900-01-01 21:20:00,503,14.083333333333334,Medium
58118,1900-01-01 05:05:00,1900-01-01 19:00:00,496,13.916666666666666,Medium
58131,1900-01-01 08:00:00,1900-01-01 23:30:00,520,15.5,Medium
58132,1900-01-01 04:25:00,1900-01-01 20:25:00,526,16.0,Medium
58133,1900-01-01 14:50:00,1900-01-01 17:10:00,101,2.3333333333333335,Short
58134,1900-01-01 09:10:00,1900-01-01 12:15:00,101,3.0833333333333335,Short
58135,1900-01-01 04:38:00,1900-01-01 05:55:00,48,1.2833333333333334,Short
58136,1900-01-01 07:30:00,1900-01-01 09:00:00,48,1.5,Short
58137,1900-01-01 17:23:00,1900-01-01 18:45:00,48,1.3666666666666667,Short
58138,1900-01-01 19:15:00,1900-01-01 20:35:00,48,1.3333333333333333,Short
58143,1900-01-01 05:30:00,1900-01-01 11:30:00,175,6.0,Short
58151,1900-01-01 07:15:00,1900-01-01 10:30:00,96,3.25,Short
58152,1900-01-01 14:35:00,1900-01-01 17:50:00,96,3.25,Short
58161,1900-01-01 11:45:00,1900-01-01 19:20:00,261,7.583333333333333,Short
58162,1900-01-01 06:20:00,1900-01-01 14:00:00,261,7.666666666666667,Short
58163,1900-01-01 05:45:00,1900-01-01 13:00:00,272,7.25,Short
58164,1900-01-01 15:22:00,1900-01-01 21:20:00,269,5.966666666666667,Short
58201,1900-01-01 07:05:00,1900-01-01 09:45:00,112,2.6666666666666665,Short
58202,1900-01-01 19:25:00,1900-01-01 22:30:00,111,3.0833333333333335,Short
58203,1900-01-01 07:55:00,1900-01-01 13:00:00,209,5.083333333333333,Short
58204,1900-01-01 18:20:00,1900-01-01 23:55:00,209,5.583333333333333,Short
58205,1900-01-01 13:30:00,1900-01-01 21:05:00,310,7.583333333333333,Medium
58206,1900-01-01 07:30:00,1900-01-01 17:30:00,302,10.0,Medium
58207,1900-01-01 15:15:00,1900-01-01 23:25:00,305,8.166666666666666,Medium
58208,1900-01-01 01:55:00,1900-01-01 10:15:00,305,8.333333333333334,Medium
58209,1900-01-01 11:15:00,1900-01-01 13:50:00,96,2.5833333333333335,Short
58210,1900-01-01 07:35:00,1900-01-01 10:25:00,97,2.8333333333333335,Short
58212,1900-01-01 14:20:00,1900-01-01 17:00:00,97,2.6666666666666665,Short
58213,1900-01-01 08:30:00,1900-01-01 21:50:00,431,13.333333333333334,Medium
58214,1900-01-01 06:50:00,1900-01-01 18:50:00,433,12.0,Medium
58217,1900-01-01 19:30:00,1900-01-01 00:30:00,204,5.0,Short
58218,1900-01-01 02:00:00,1900-01-01 07:25:00,204,5.416666666666667,Short
58219,1900-01-01 23:00:00,1900-01-01 07:50:00,237,8.833333333333334,Short
58220,1900-01-01 20:30:00,1900-01-01 05:30:00,237,9.0,Short
58221,1900-01-01 08:30:00,1900-01-01 13:55:00,214,5.416666666666667,Short
58222,1900-01-01 14:15:00,1900-01-01 19:40:00,213,5.416666666666667,Short
58223,1900-01-01 07:25:00,1900-01-01 12:00:00,143,4.583333333333333,Short
58224,1900-01-01 12:30:00,1900-01-01 17:00:00,174,4.5,Short
58227,1900-01-01 17:45:00,1900-01-01 20:00:00,64,2.25,Short
58301,1900-01-01 07:15:00,1900-01-01 22:30:00,494,15.25,Medium
58302,1900-01-01 03:00:00,1900-01-01 18:00:00,494,15.0,Medium
58303,1900-01-01 13:00:00,1900-01-01 15:05:00,54,2.0833333333333335,Short
58304,1900-01-01 09:45:00,1900-01-01 11:15:00,54,1.5,Short
58401,1900-01-01 19:00:00,1900-01-01 20:50:00,82,1.8333333333333333,Short
58402,1900-01-01 06:30:00,1900-01-01 08:20:00,82,1.8333333333333333,Short
58403,1900-01-01 07:00:00,1900-01-01 08:30:00,43,1.5,Short
58404,1900-01-01 17:45:00,1900-01-01 19:00:00,43,1.25,Short
58405,1900-01-01 15:00:00,1900-01-01 16:35:00,82,1.5833333333333333,Short
58406,1900-01-01 10:45:00,1900-01-01 12:30:00,82,1.75,Short
58408,1900-01-01 17:50:00,1900-01-01 21:25:00,142,3.5833333333333335,Short
58409,1900-01-01 12:30:00,1900-01-01 13:45:00,43,1.25,Short
58410,1900-01-01 23:00:00,1900-01-01 00:15:00,43,1.25,Short
58411,1900-01-01 09:55:00,1900-01-01 14:15:00,165,4.333333333333333,Short
58412,1900-01-01 14:45:00,1900-01-01 18:35:00,165,3.8333333333333335,Short
58413,1900-01-01 05:30:00,1900-01-01 11:40:00,202,6.166666666666667,Short
58414,1900-01-01 16:30:00,1900-01-01 22:15:00,202,5.75,Short
58415,1900-01-01 16:50:00,1900-01-01 19:40:00,90,2.8333333333333335,Short
58416,1900-01-01 08:00:00,1900-01-01 11:05:00,90,3.0833333333333335,Short
58417,1900-01-01 07:35:00,1900-01-01 20:15:00,380,12.666666666666666,Medium
58418,1900-01-01 06:25:00,1900-01-01 17:45:00,380,11.333333333333334,Medium
58419,1900-01-01 19:00:00,1900-01-01 01:20:00,239,6.333333333333332,Short
58420,1900-01-01 05:45:00,1900-01-01 11:25:00,239,5.666666666666667,Short
58421,1900-01-01 05:15:00,1900-01-01 10:55:00,196,5.666666666666667,Short
58422,1900-01-01 16:15:00,1900-01-01 21:40:00,196,5.416666666666667,Short
58423,1900-01-01 13:45:00,1900-01-01 17:00:00,115,3.25,Short
58424,1900-01-01 09:05:00,1900-01-01 12:30:00,115,3.4166666666666665,Short
58425,1900-01-01 06:30:00,1900-01-01 11:40:00,214,5.166666666666667,Short
58426,1900-01-01 16:00:00,1900-01-01 21:05:00,214,5.083333333333333,Short
58427,1900-01-01 03:00:00,1900-01-01 05:55:00,88,2.9166666666666665,Short
58428,1900-01-01 20:45:00,1900-01-01 00:35:00,88,3.833333333333332,Short
58429,1900-01-01 19:30:00,1900-01-01 21:15:00,65,1.75,Short
58430,1900-01-01 05:00:00,1900-01-01 06:45:00,65,1.75,Short
58431,1900-01-01 07:15:00,1900-01-01 08:50:00,65,1.5833333333333333,Short
58432,1900-01-01 09:20:00,1900-01-01 11:05:00,65,1.75,Short
58433,1900-01-01 17:30:00,1900-01-01 21:25:00,192,3.9166666666666665,Short
58434,1900-01-01 07:30:00,1900-01-01 11:15:00,192,3.75,Short
58435,1900-01-01 15:30:00,1900-01-01 18:30:00,115,3.0,Short
58436,1900-01-01 11:35:00,1900-01-01 15:10:00,115,3.5833333333333335,Short
58501,1900-01-01 06:50:00,1900-01-01 20:45:00,471,13.916666666666666,Medium
58502,1900-01-01 06:15:00,1900-01-01 20:10:00,471,13.916666666666666,Medium
58503,1900-01-01 05:00:00,1900-01-01 09:20:00,184,4.333333333333333,Short
58504,1900-01-01 16:55:00,1900-01-01 21:00:00,184,4.083333333333333,Short
58505,1900-01-01 12:35:00,1900-01-01 21:20:00,267,8.75,Short
58506,1900-01-01 05:20:00,1900-01-01 12:05:00,267,6.75,Short
58525,1900-01-01 08:50:00,1900-01-01 14:45:00,202,5.916666666666667,Short
58526,1900-01-01 11:35:00,1900-01-01 17:15:00,202,5.666666666666667,Short
58527,1900-01-01 05:30:00,1900-01-01 21:35:00,528,16.083333333333332,Medium
58528,1900-01-01 02:55:00,1900-01-01 19:30:00,528,16.583333333333332,Medium
58529,1900-01-01 18:30:00,1900-01-01 11:55:00,570,17.416666666666668,Medium
58530,1900-01-01 21:40:00,1900-01-01 13:25:00,571,15.75,Medium
58531,1900-01-01 05:25:00,1900-01-01 10:00:00,202,4.583333333333333,Short
58532,1900-01-01 18:35:00,1900-01-01 23:30:00,202,4.916666666666667,Short
58533,1900-01-01 16:15:00,1900-01-01 23:40:00,266,7.416666666666667,Short
58534,1900-01-01 04:25:00,1900-01-01 10:50:00,266,6.416666666666667,Short
58535,1900-01-01 11:15:00,1900-01-01 13:05:00,82,1.8333333333333333,Short
58536,1900-01-01 13:30:00,1900-01-01 15:20:00,82,1.8333333333333333,Short
58537,1900-01-01 05:50:00,1900-01-01 15:45:00,357,9.916666666666666,Medium
58538,1900-01-01 07:05:00,1900-01-01 16:20:00,357,9.25,Medium
58601,1900-01-01 17:20:00,1900-01-01 21:10:00,168,3.8333333333333335,Short
58602,1900-01-01 05:35:00,1900-01-01 10:30:00,168,4.916666666666667,Short
58603,1900-01-01 14:15:00,1900-01-01 22:00:00,248,7.75,Short
58604,1900-01-01 06:40:00,1900-01-01 14:00:00,249,7.333333333333333,Short
58621,1900-01-01 04:45:00,1900-01-01 10:00:00,157,5.25,Short
58622,1900-01-01 14:15:00,1900-01-01 20:40:00,157,6.416666666666667,Short
58651,1900-01-01 05:00:00,1900-01-01 06:30:00,66,1.5,Short
58652,1900-01-01 07:00:00,1900-01-01 08:30:00,67,1.5,Short
58653,1900-01-01 08:55:00,1900-01-01 11:30:00,110,2.5833333333333335,Short
58654,1900-01-01 12:00:00,1900-01-01 14:35:00,111,2.5833333333333335,Short
58655,1900-01-01 15:00:00,1900-01-01 16:30:00,66,1.5,Short
58656,1900-01-01 17:00:00,1900-01-01 18:30:00,67,1.5,Short
58657,1900-01-01 18:55:00,1900-01-01 20:25:00,66,1.5,Short
58658,1900-01-01 20:55:00,1900-01-01 22:15:00,67,1.3333333333333333,Short
58659,1900-01-01 16:40:00,1900-01-01 22:10:00,160,5.5,Short
58660,1900-01-01 04:40:00,1900-01-01 10:40:00,160,6.0,Short
58661,1900-01-01 11:30:00,1900-01-01 17:45:00,222,6.25,Short
58662,1900-01-01 04:20:00,1900-01-01 10:40:00,219,6.333333333333333,Short
58701,1900-01-01 14:25:00,1900-01-01 20:10:00,215,5.75,Short
58702,1900-01-01 08:25:00,1900-01-01 14:05:00,215,5.666666666666667,Short
58711,1900-01-01 07:50:00,1900-01-01 10:10:00,51,2.3333333333333335,Short
58712,1900-01-01 06:30:00,1900-01-01 08:40:00,50,2.1666666666666665,Short
58713,1900-01-01 13:30:00,1900-01-01 15:55:00,51,2.4166666666666665,Short
58714,1900-01-01 12:15:00,1900-01-01 14:25:00,50,2.1666666666666665,Short
58715,1900-01-01 19:25:00,1900-01-01 21:50:00,51,2.4166666666666665,Short
58716,1900-01-01 18:10:00,1900-01-01 20:20:00,50,2.1666666666666665,Short
58717,1900-01-01 17:05:00,1900-01-01 18:20:00,22,1.25,Short
58718,1900-01-01 09:35:00,1900-01-01 10:45:00,22,1.1666666666666667,Short
58719,1900-01-01 08:30:00,1900-01-01 09:20:00,17,0.8333333333333334,Short
58720,1900-01-01 06:55:00,1900-01-01 07:45:00,16,0.8333333333333334,Short
58721,1900-01-01 20:15:00,1900-01-01 21:05:00,17,0.8333333333333334,Short
58722,1900-01-01 18:35:00,1900-01-01 19:25:00,16,0.8333333333333334,Short
58801,1900-01-01 14:15:00,1900-01-01 20:30:00,249,6.25,Short
58802,1900-01-01 07:00:00,1900-01-01 13:45:00,249,6.75,Short
58803,1900-01-01 05:45:00,1900-01-01 12:05:00,249,6.333333333333333,Short
58804,1900-01-01 17:15:00,1900-01-01 23:00:00,249,5.75,Short
58805,1900-01-01 10:20:00,1900-01-01 16:25:00,238,6.083333333333333,Short
58806,1900-01-01 19:10:00,1900-01-01 21:40:00,103,2.5,Short
58808,1900-01-01 07:20:00,1900-01-01 09:55:00,135,2.5833333333333335,Short
58809,1900-01-01 07:30:00,1900-01-01 08:45:00,38,1.25,Short
58810,1900-01-01 05:40:00,1900-01-01 07:10:00,42,1.5,Short
58811,1900-01-01 21:25:00,1900-01-01 23:10:00,43,1.75,Short
58812,1900-01-01 19:10:00,1900-01-01 20:30:00,38,1.3333333333333333,Short
58813,1900-01-01 14:00:00,1900-01-01 15:40:00,38,1.6666666666666667,Short
58814,1900-01-01 12:00:00,1900-01-01 13:15:00,38,1.25,Short
58815,1900-01-01 13:10:00,1900-01-01 17:10:00,123,4.0,Short
58816,1900-01-01 08:05:00,1900-01-01 11:35:00,124,3.5,Short
58817,1900-01-01 05:45:00,1900-01-01 07:20:00,47,1.5833333333333333,Short
58818,1900-01-01 17:35:00,1900-01-01 18:55:00,46,1.3333333333333333,Short
58843,1900-01-01 06:10:00,1900-01-01 10:50:00,104,4.666666666666667,Short
58844,1900-01-01 06:15:00,1900-01-01 10:30:00,104,4.25,Short
58845,1900-01-01 10:40:00,1900-01-01 15:10:00,104,4.5,Short
58846,1900-01-01 12:30:00,1900-01-01 17:00:00,104,4.5,Short
58847,1900-01-01 18:10:00,1900-01-01 22:35:00,104,4.416666666666667,Short
58848,1900-01-01 16:45:00,1900-01-01 21:00:00,104,4.25,Short
58877,1900-01-01 14:00:00,1900-01-01 19:20:00,104,5.333333333333333,Short
58878,1900-01-01 08:00:00,1900-01-01 13:15:00,104,5.25,Short
59013,1900-01-01 23:35:00,1900-01-01 09:15:00,334,9.666666666666666,Medium
59014,1900-01-01 18:25:00,1900-01-01 04:10:00,335,9.75,Medium
59023,1900-01-01 18:10:00,1900-01-01 22:55:00,193,4.75,Short
59024,1900-01-01 04:50:00,1900-01-01 09:15:00,193,4.416666666666667,Short
59037,1900-01-01 17:10:00,1900-01-01 23:50:00,206,6.666666666666667,Short
59038,1900-01-01 04:15:00,1900-01-01 09:55:00,206,5.666666666666667,Short
59039,1900-01-01 11:25:00,1900-01-01 14:30:00,138,3.0833333333333335,Short
59040,1900-01-01 13:55:00,1900-01-01 16:15:00,114,2.3333333333333335,Short
59045,1900-01-01 09:25:00,1900-01-01 13:15:00,158,3.8333333333333335,Short
59046,1900-01-01 16:30:00,1900-01-01 21:10:00,182,4.666666666666667,Short
59048,1900-01-01 18:20:00,1900-01-01 20:05:00,68,1.75,Short
59049,1900-01-01 06:05:00,1900-01-01 20:10:00,362,14.083333333333334,Medium
59050,1900-01-01 07:50:00,1900-01-01 20:45:00,362,12.916666666666666,Medium
59075,1900-01-01 07:20:00,1900-01-01 19:20:00,334,12.0,Medium
59076,1900-01-01 08:45:00,1900-01-01 19:45:00,335,11.0,Medium
59077,1900-01-01 16:45:00,1900-01-01 01:50:00,334,9.083333333333334,Medium
59078,1900-01-01 21:15:00,1900-01-01 07:35:00,335,10.333333333333334,Medium
59101,1900-01-01 15:55:00,1900-01-01 19:25:00,62,3.5,Short
59102,1900-01-01 05:10:00,1900-01-01 08:35:00,62,3.4166666666666665,Short
59103,1900-01-01 09:15:00,1900-01-01 12:50:00,62,3.5833333333333335,Short
59104,1900-01-01 14:00:00,1900-01-01 17:25:00,62,3.4166666666666665,Short
59117,1900-01-01 07:20:00,1900-01-01 09:50:00,99,2.5,Short
59118,1900-01-01 06:15:00,1900-01-01 09:05:00,105,2.8333333333333335,Short
59119,1900-01-01 17:50:00,1900-01-01 20:40:00,105,2.8333333333333335,Short
59120,1900-01-01 17:05:00,1900-01-01 19:35:00,99,2.5,Short
59121,1900-01-01 09:50:00,1900-01-01 12:40:00,105,2.8333333333333335,Short
59122,1900-01-01 10:45:00,1900-01-01 13:40:00,105,2.9166666666666665,Short
59151,1900-01-01 18:25:00,1900-01-01 21:45:00,104,3.3333333333333335,Short
59152,1900-01-01 06:00:00,1900-01-01 09:20:00,104,3.3333333333333335,Short
59153,1900-01-01 10:00:00,1900-01-01 13:30:00,104,3.5,Short
59154,1900-01-01 14:15:00,1900-01-01 17:45:00,104,3.5,Short
59161,1900-01-01 05:45:00,1900-01-01 09:00:00,105,3.25,Short
59162,1900-01-01 17:45:00,1900-01-01 21:00:00,105,3.25,Short
59163,1900-01-01 12:15:00,1900-01-01 13:15:00,13,1.0,Short
59164,1900-01-01 10:00:00,1900-01-01 11:05:00,13,1.0833333333333333,Short
59167,1900-01-01 16:30:00,1900-01-01 19:15:00,62,2.75,Short
59168,1900-01-01 06:15:00,1900-01-01 09:00:00,62,2.75,Short
59169,1900-01-01 07:30:00,1900-01-01 08:30:00,13,1.0,Short
59170,1900-01-01 16:05:00,1900-01-01 17:10:00,13,1.0833333333333333,Short
59201,1900-01-01 11:40:00,1900-01-01 13:00:00,47,1.3333333333333333,Short
59202,1900-01-01 09:55:00,1900-01-01 11:20:00,47,1.4166666666666667,Short
59203,1900-01-01 17:05:00,1900-01-01 21:00:00,169,3.9166666666666665,Short
59204,1900-01-01 11:35:00,1900-01-01 15:30:00,169,3.9166666666666665,Short
59205,1900-01-01 14:15:00,1900-01-01 16:50:00,114,2.5833333333333335,Short
59206,1900-01-01 10:10:00,1900-01-01 12:25:00,108,2.25,Short
59207,1900-01-01 21:35:00,1900-01-01 13:05:00,535,15.5,Medium
59208,1900-01-01 14:45:00,1900-01-01 05:40:00,535,14.916666666666666,Medium
59211,1900-01-01 14:10:00,1900-01-01 20:00:00,222,5.833333333333333,Short
59212,1900-01-01 07:00:00,1900-01-01 13:35:00,216,6.583333333333333,Short
59213,1900-01-01 08:40:00,1900-01-01 09:50:00,52,1.1666666666666667,Short
59214,1900-01-01 06:20:00,1900-01-01 07:40:00,52,1.3333333333333333,Short
59215,1900-01-01 21:15:00,1900-01-01 22:35:00,52,1.3333333333333333,Short
59216,1900-01-01 19:05:00,1900-01-01 20:25:00,52,1.3333333333333333,Short
59225,1900-01-01 09:10:00,1900-01-01 14:10:00,201,5.0,Short
59226,1900-01-01 14:20:00,1900-01-01 19:25:00,201,5.083333333333333,Short
59227,1900-01-01 21:20:00,1900-01-01 23:25:00,91,2.0833333333333335,Short
59228,1900-01-01 05:00:00,1900-01-01 07:05:00,91,2.0833333333333335,Short
59229,1900-01-01 03:40:00,1900-01-01 09:00:00,206,5.333333333333333,Short
59230,1900-01-01 18:55:00,1900-01-01 00:05:00,206,5.166666666666668,Short
59231,1900-01-01 18:50:00,1900-01-01 20:35:00,78,1.75,Short
59232,1900-01-01 07:15:00,1900-01-01 09:10:00,78,1.9166666666666667,Short
59233,1900-01-01 09:35:00,1900-01-01 13:55:00,169,4.333333333333333,Short
59234,1900-01-01 14:25:00,1900-01-01 18:15:00,169,3.8333333333333335,Short
59235,1900-01-01 06:25:00,1900-01-01 09:50:00,152,3.4166666666666665,Short
59236,1900-01-01 17:20:00,1900-01-01 20:55:00,152,3.5833333333333335,Short
59243,1900-01-01 11:40:00,1900-01-01 12:55:00,38,1.25,Short
59244,1900-01-01 10:10:00,1900-01-01 11:25:00,38,1.25,Short
59267,1900-01-01 08:10:00,1900-01-01 09:40:00,47,1.5,Short
59268,1900-01-01 06:30:00,1900-01-01 07:50:00,47,1.3333333333333333,Short
59269,1900-01-01 18:50:00,1900-01-01 20:10:00,47,1.3333333333333333,Short
59270,1900-01-01 17:05:00,1900-01-01 18:25:00,47,1.3333333333333333,Short
59271,1900-01-01 13:35:00,1900-01-01 17:55:00,169,4.333333333333333,Short
59272,1900-01-01 08:20:00,1900-01-01 12:25:00,169,4.083333333333333,Short
59295,1900-01-01 15:20:00,1900-01-01 16:40:00,47,1.3333333333333333,Short
59296,1900-01-01 13:30:00,1900-01-01 14:50:00,47,1.3333333333333333,Short
59297,1900-01-01 06:00:00,1900-01-01 11:45:00,236,5.75,Short
59298,1900-01-01 14:20:00,1900-01-01 20:55:00,236,6.583333333333333,Short
59306,1900-01-01 08:05:00,1900-01-01 10:20:00,78,2.25,Short
59307,1900-01-01 18:00:00,1900-01-01 20:05:00,78,2.0833333333333335,Short
59317,1900-01-01 18:00:00,1900-01-01 19:35:00,54,1.5833333333333333,Short
59318,1900-01-01 07:00:00,1900-01-01 08:30:00,54,1.5,Short
59319,1900-01-01 17:05:00,1900-01-01 22:15:00,183,5.166666666666667,Short
59320,1900-01-01 06:40:00,1900-01-01 11:05:00,183,4.416666666666667,Short
59341,1900-01-01 11:35:00,1900-01-01 23:25:00,428,11.833333333333334,Medium
59342,1900-01-01 04:00:00,1900-01-01 15:00:00,428,11.0,Medium
59345,1900-01-01 10:20:00,1900-01-01 11:20:00,44,1.0,Short
59346,1900-01-01 08:50:00,1900-01-01 09:45:00,44,0.9166666666666666,Short
59353,1900-01-01 23:30:00,1900-01-01 01:00:00,54,1.5,Short
59354,1900-01-01 20:40:00,1900-01-01 22:15:00,54,1.5833333333333333,Short
59355,1900-01-01 07:00:00,1900-01-01 23:45:00,585,16.75,Medium
59356,1900-01-01 05:00:00,1900-01-01 21:15:00,585,16.25,Medium
59357,1900-01-01 09:10:00,1900-01-01 12:05:00,86,2.9166666666666665,Short
59358,1900-01-01 13:45:00,1900-01-01 17:00:00,86,3.25,Short
59359,1900-01-01 17:20:00,1900-01-01 19:15:00,75,1.9166666666666667,Short
59360,1900-01-01 06:40:00,1900-01-01 08:40:00,75,2.0,Short
59379,1900-01-01 05:20:00,1900-01-01 07:25:00,74,2.0833333333333335,Short
59380,1900-01-01 10:30:00,1900-01-01 12:20:00,74,1.8333333333333333,Short
59385,1900-01-01 13:00:00,1900-01-01 04:30:00,553,15.5,Medium
59386,1900-01-01 21:05:00,1900-01-01 13:15:00,553,16.166666666666668,Medium
59387,1900-01-01 15:15:00,1900-01-01 19:30:00,133,4.25,Short
59388,1900-01-01 08:05:00,1900-01-01 12:45:00,133,4.666666666666667,Short
59393,1900-01-01 05:40:00,1900-01-01 15:50:00,397,10.166666666666666,Medium
59394,1900-01-01 12:10:00,1900-01-01 23:00:00,398,10.833333333333334,Medium
59395,1900-01-01 13:35:00,1900-01-01 20:00:00,133,6.416666666666667,Short
59396,1900-01-01 08:00:00,1900-01-01 13:05:00,137,5.083333333333333,Short
59421,1900-01-01 07:50:00,1900-01-01 12:30:00,184,4.666666666666667,Short
59422,1900-01-01 04:20:00,1900-01-01 09:30:00,189,5.166666666666667,Short
59423,1900-01-01 18:15:00,1900-01-01 23:40:00,189,5.416666666666667,Short
59424,1900-01-01 17:25:00,1900-01-01 22:05:00,184,4.666666666666667,Short
59425,1900-01-01 06:25:00,1900-01-01 15:25:00,358,9.0,Medium
59426,1900-01-01 13:30:00,1900-01-01 22:10:00,358,8.666666666666666,Medium
59439,1900-01-01 12:15:00,1900-01-01 04:00:00,490,15.75,Medium
59440,1900-01-01 23:10:00,1900-01-01 15:00:00,490,15.833333333333334,Medium
59441,1900-01-01 22:40:00,1900-01-01 14:55:00,490,16.25,Medium
59442,1900-01-01 12:40:00,1900-01-01 04:35:00,490,15.916666666666666,Medium
59473,1900-01-01 03:30:00,1900-01-01 07:10:00,111,3.6666666666666665,Short
59474,1900-01-01 20:00:00,1900-01-01 23:55:00,111,3.9166666666666665,Short
59475,1900-01-01 09:45:00,1900-01-01 10:40:00,40,0.9166666666666666,Short
59476,1900-01-01 12:05:00,1900-01-01 13:10:00,40,1.0833333333333333,Short
59477,1900-01-01 15:20:00,1900-01-01 16:15:00,40,0.9166666666666666,Short
59478,1900-01-01 17:05:00,1900-01-01 18:00:00,40,0.9166666666666666,Short
59481,1900-01-01 18:30:00,1900-01-01 19:25:00,40,0.9166666666666666,Short
59482,1900-01-01 07:30:00,1900-01-01 08:25:00,40,0.9166666666666666,Short
59483,1900-01-01 06:05:00,1900-01-01 07:10:00,40,1.0833333333333333,Short
59484,1900-01-01 20:00:00,1900-01-01 20:55:00,40,0.9166666666666666,Short
59503,1900-01-01 12:40:00,1900-01-01 00:50:00,429,12.166666666666666,Medium
59504,1900-01-01 02:45:00,1900-01-01 16:45:00,429,14.0,Medium
59507,1900-01-01 05:10:00,1900-01-01 10:05:00,189,4.916666666666667,Short
59508,1900-01-01 11:00:00,1900-01-01 16:00:00,189,5.0,Short
59509,1900-01-01 08:30:00,1900-01-01 10:10:00,64,1.6666666666666667,Short
59510,1900-01-01 06:00:00,1900-01-01 07:35:00,64,1.5833333333333333,Short
59511,1900-01-01 20:00:00,1900-01-01 21:35:00,64,1.5833333333333333,Short
59512,1900-01-01 17:35:00,1900-01-01 19:15:00,64,1.6666666666666667,Short
59547,1900-01-01 12:00:00,1900-01-01 05:30:00,495,17.5,Medium
59548,1900-01-01 22:10:00,1900-01-01 14:10:00,495,16.0,Medium
59549,1900-01-01 08:20:00,1900-01-01 10:40:00,99,2.3333333333333335,Short
59550,1900-01-01 15:10:00,1900-01-01 17:30:00,99,2.3333333333333335,Short
59601,1900-01-01 05:10:00,1900-01-01 09:00:00,139,3.8333333333333335,Short
59602,1900-01-01 18:20:00,1900-01-01 21:50:00,139,3.5,Short
59603,1900-01-01 07:00:00,1900-01-01 17:10:00,306,10.166666666666666,Medium
59604,1900-01-01 09:30:00,1900-01-01 18:50:00,306,9.333333333333334,Medium
59605,1900-01-01 05:45:00,1900-01-01 08:35:00,114,2.8333333333333335,Short
59606,1900-01-01 19:30:00,1900-01-01 22:35:00,114,3.0833333333333335,Short
59607,1900-01-01 09:50:00,1900-01-01 10:50:00,31,1.0,Short
59608,1900-01-01 16:20:00,1900-01-01 17:20:00,31,1.0,Short
59705,1900-01-01 06:00:00,1900-01-01 21:00:00,563,15.0,Medium
59706,1900-01-01 05:00:00,1900-01-01 18:10:00,562,13.166666666666666,Medium
59707,1900-01-01 10:30:00,1900-01-01 12:25:00,77,1.9166666666666667,Short
59708,1900-01-01 08:25:00,1900-01-01 10:10:00,66,1.75,Short
59709,1900-01-01 16:50:00,1900-01-01 18:55:00,66,2.0833333333333335,Short
59710,1900-01-01 14:30:00,1900-01-01 16:30:00,77,2.0,Short
59711,1900-01-01 14:15:00,1900-01-01 17:55:00,142,3.6666666666666665,Short
59712,1900-01-01 08:50:00,1900-01-01 12:30:00,143,3.6666666666666665,Short
59713,1900-01-01 07:00:00,1900-01-01 08:15:00,54,1.25,Short
59714,1900-01-01 18:45:00,1900-01-01 20:20:00,54,1.5833333333333333,Short
59715,1900-01-01 03:30:00,1900-01-01 08:30:00,215,5.0,Short
59716,1900-01-01 05:30:00,1900-01-01 10:45:00,215,5.25,Short
59717,1900-01-01 17:25:00,1900-01-01 22:40:00,215,5.25,Short
59718,1900-01-01 19:40:00,1900-01-01 00:55:00,215,5.25,Short
59719,1900-01-01 11:30:00,1900-01-01 16:30:00,215,5.0,Short
59720,1900-01-01 09:05:00,1900-01-01 14:25:00,215,5.333333333333333,Short
59721,1900-01-01 05:15:00,1900-01-01 13:35:00,367,8.333333333333334,Medium
59722,1900-01-01 14:05:00,1900-01-01 22:35:00,367,8.5,Medium
59727,1900-01-01 07:40:00,1900-01-01 13:35:00,213,5.916666666666667,Short
59728,1900-01-01 23:40:00,1900-01-01 04:40:00,213,5.0,Short
59729,1900-01-01 20:25:00,1900-01-01 02:00:00,213,5.583333333333332,Short
59730,1900-01-01 14:50:00,1900-01-01 20:00:00,213,5.166666666666667,Short
59731,1900-01-01 06:30:00,1900-01-01 08:20:00,66,1.8333333333333333,Short
59732,1900-01-01 04:25:00,1900-01-01 06:10:00,66,1.75,Short
59733,1900-01-01 20:30:00,1900-01-01 22:15:00,66,1.75,Short
59734,1900-01-01 18:20:00,1900-01-01 20:10:00,66,1.8333333333333333,Short
59735,1900-01-01 06:20:00,1900-01-01 07:20:00,47,1.0,Short
59736,1900-01-01 05:00:00,1900-01-01 06:00:00,47,1.0,Short
59803,1900-01-01 13:20:00,1900-01-01 19:45:00,265,6.416666666666667,Short
59804,1900-01-01 05:55:00,1900-01-01 12:55:00,265,7.0,Short
59805,1900-01-01 06:40:00,1900-01-01 12:55:00,268,6.25,Short
59806,1900-01-01 13:35:00,1900-01-01 20:00:00,268,6.416666666666667,Short
59811,1900-01-01 08:35:00,1900-01-01 06:00:00,688,21.416666666666668,Medium
59812,1900-01-01 18:40:00,1900-01-01 15:35:00,691,20.916666666666668,Medium
59813,1900-01-01 07:15:00,1900-01-01 17:35:00,330,10.333333333333334,Medium
59814,1900-01-01 07:45:00,1900-01-01 17:15:00,328,9.5,Medium
59821,1900-01-01 22:05:00,1900-01-01 14:40:00,499,16.583333333333332,Medium
59822,1900-01-01 18:10:00,1900-01-01 09:45:00,499,15.583333333333334,Medium
59823,1900-01-01 06:20:00,1900-01-01 08:50:00,87,2.5,Short
59824,1900-01-01 09:55:00,1900-01-01 12:25:00,87,2.5,Short
59825,1900-01-01 14:30:00,1900-01-01 16:55:00,87,2.4166666666666665,Short
59826,1900-01-01 18:50:00,1900-01-01 21:25:00,87,2.5833333333333335,Short
59827,1900-01-01 15:00:00,1900-01-01 16:05:00,36,1.0833333333333333,Short
59828,1900-01-01 17:30:00,1900-01-01 18:30:00,36,1.0,Short
59831,1900-01-01 07:25:00,1900-01-01 22:30:00,527,15.083333333333334,Medium
59832,1900-01-01 09:45:00,1900-01-01 01:10:00,527,15.416666666666666,Medium
59833,1900-01-01 22:45:00,1900-01-01 05:55:00,227,7.166666666666668,Short
59834,1900-01-01 22:30:00,1900-01-01 04:45:00,227,6.25,Short
59835,1900-01-01 06:50:00,1900-01-01 11:45:00,169,4.916666666666667,Short
59836,1900-01-01 14:15:00,1900-01-01 20:05:00,169,5.833333333333333,Short
59837,1900-01-01 09:45:00,1900-01-01 12:10:00,85,2.4166666666666665,Short
59838,1900-01-01 07:00:00,1900-01-01 09:20:00,85,2.3333333333333335,Short
59839,1900-01-01 18:30:00,1900-01-01 20:45:00,85,2.25,Short
59840,1900-01-01 15:45:00,1900-01-01 18:05:00,85,2.3333333333333335,Short
61631,1900-01-01 09:00:00,1900-01-01 12:20:00,138,3.3333333333333335,Short
61632,1900-01-01 17:45:00,1900-01-01 21:05:00,138,3.3333333333333335,Short
63105,1900-01-01 20:20:00,1900-01-01 01:05:00,230,4.75,Short
63108,1900-01-01 00:00:00,1900-01-01 00:00:00,229,0.0,Short
63141,1900-01-01 12:05:00,1900-01-01 18:05:00,228,6.0,Short
63142,1900-01-01 14:25:00,1900-01-01 19:50:00,228,5.416666666666667,Short
63151,1900-01-01 00:00:00,1900-01-01 00:00:00,6,0.0,Short
63153,1900-01-01 08:45:00,1900-01-01 09:05:00,6,0.3333333333333333,Short
63154,1900-01-01 00:00:00,1900-01-01 00:00:00,6,0.0,Short
63155,1900-01-01 00:00:00,1900-01-01 00:00:00,6,0.0,Short
63156,1900-01-01 00:00:00,1900-01-01 00:00:00,6,0.0,Short
63157,1900-01-01 00:00:00,1900-01-01 00:00:00,6,0.0,Short
63158,1900-01-01 00:00:00,1900-01-01 00:00:00,6,0.0,Short
63159,1900-01-01 00:00:00,1900-01-01 00:00:00,6,0.0,Short
63160,1900-01-01 00:00:00,1900-01-01 00:00:00,6,0.0,Short
63161,1900-01-01 00:00:00,1900-01-01 00:00:00,6,0.0,Short
63162,1900-01-01 00:00:00,1900-01-01 00:00:00,6,0.0,Short
63163,1900-01-01 00:00:00,1900-01-01 00:00:00,6,0.0,Short
63164,1900-01-01 00:00:00,1900-01-01 00:00:00,6,0.0,Short
63165,1900-01-01 00:00:00,1900-01-01 00:00:00,6,0.0,Short
63166,1900-01-01 00:00:00,1900-01-01 00:00:00,6,0.0,Short
63167,1900-01-01 00:00:00,1900-01-01 00:00:00,6,0.0,Short
63168,1900-01-01 00:00:00,1900-01-01 00:00:00,6,0.0,Short
63169,1900-01-01 03:35:00,1900-01-01 03:50:00,6,0.25,Short
63203,1900-01-01 04:10:00,1900-01-01 05:55:00,34,1.75,Short
63204,1900-01-01 20:50:00,1900-01-01 22:40:00,34,1.8333333333333333,Short
63205,1900-01-01 02:10:00,1900-01-01 07:00:00,123,4.833333333333333,Short
63206,1900-01-01 19:50:00,1900-01-01 01:40:00,123,5.833333333333332,Short
63207,1900-01-01 05:35:00,1900-01-01 12:45:00,177,7.166666666666667,Short
63208,1900-01-01 08:40:00,1900-01-01 15:55:00,221,7.25,Short
63209,1900-01-01 08:10:00,1900-01-01 15:00:00,177,6.833333333333333,Short
63210,1900-01-01 11:05:00,1900-01-01 17:20:00,177,6.25,Short
63211,1900-01-01 16:15:00,1900-01-01 01:05:00,221,8.833333333333334,Short
63212,1900-01-01 14:30:00,1900-01-01 20:35:00,177,6.083333333333333,Short
63213,1900-01-01 17:15:00,1900-01-01 18:50:00,49,1.5833333333333333,Short
63214,1900-01-01 07:05:00,1900-01-01 08:35:00,49,1.5,Short
63217,1900-01-01 06:05:00,1900-01-01 09:45:00,98,3.6666666666666665,Short
63218,1900-01-01 17:55:00,1900-01-01 21:30:00,98,3.5833333333333335,Short
63219,1900-01-01 09:55:00,1900-01-01 12:25:00,75,2.5,Short
63220,1900-01-01 16:15:00,1900-01-01 19:35:00,85,3.3333333333333335,Short
63221,1900-01-01 05:30:00,1900-01-01 07:45:00,89,2.25,Short
63222,1900-01-01 18:10:00,1900-01-01 20:40:00,89,2.5,Short
63223,1900-01-01 21:50:00,1900-01-01 23:55:00,49,2.0833333333333335,Short
63224,1900-01-01 03:30:00,1900-01-01 05:00:00,49,1.5,Short
63225,1900-01-01 12:05:00,1900-01-01 19:15:00,207,7.166666666666667,Short
63226,1900-01-01 13:40:00,1900-01-01 21:05:00,225,7.416666666666667,Short
63227,1900-01-01 08:00:00,1900-01-01 15:15:00,207,7.25,Short
63228,1900-01-01 15:35:00,1900-01-01 23:30:00,207,7.916666666666667,Short
63231,1900-01-01 19:55:00,1900-01-01 03:50:00,207,7.916666666666668,Short
63232,1900-01-01 06:40:00,1900-01-01 11:00:00,117,4.333333333333333,Short
63233,1900-01-01 05:15:00,1900-01-01 13:20:00,225,8.083333333333334,Short
63234,1900-01-01 07:30:00,1900-01-01 17:05:00,207,9.583333333333334,Short
63235,1900-01-01 04:00:00,1900-01-01 06:35:00,89,2.5833333333333335,Short
63237,1900-01-01 04:30:00,1900-01-01 09:10:00,152,4.666666666666667,Short
63238,1900-01-01 18:30:00,1900-01-01 23:00:00,152,4.5,Short
63240,1900-01-01 20:20:00,1900-01-01 00:15:00,89,3.916666666666668,Short
63241,1900-01-01 05:00:00,1900-01-01 08:05:00,94,3.0833333333333335,Short
63242,1900-01-01 05:00:00,1900-01-01 08:00:00,91,3.0,Short
63243,1900-01-01 06:15:00,1900-01-01 09:15:00,94,3.0,Short
63244,1900-01-01 05:45:00,1900-01-01 08:45:00,94,3.0,Short
63245,1900-01-01 08:30:00,1900-01-01 11:30:00,91,3.0,Short
63246,1900-01-01 08:30:00,1900-01-01 11:30:00,91,3.0,Short
63247,1900-01-01 09:15:00,1900-01-01 12:15:00,91,3.0,Short
63248,1900-01-01 09:30:00,1900-01-01 12:20:00,94,2.8333333333333335,Short
63249,1900-01-01 12:00:00,1900-01-01 14:45:00,91,2.75,Short
63250,1900-01-01 11:45:00,1900-01-01 14:20:00,85,2.5833333333333335,Short
63251,1900-01-01 13:00:00,1900-01-01 16:00:00,91,3.0,Short
63252,1900-01-01 12:45:00,1900-01-01 15:25:00,91,2.6666666666666665,Short
63253,1900-01-01 15:30:00,1900-01-01 18:30:00,91,3.0,Short
63254,1900-01-01 15:15:00,1900-01-01 18:00:00,94,2.75,Short
63255,1900-01-01 18:30:00,1900-01-01 21:30:00,91,3.0,Short
63256,1900-01-01 16:30:00,1900-01-01 19:30:00,91,3.0,Short
63257,1900-01-01 20:00:00,1900-01-01 23:00:00,94,3.0,Short
63258,1900-01-01 19:00:00,1900-01-01 22:00:00,94,3.0,Short
63259,1900-01-01 22:30:00,1900-01-01 01:35:00,91,3.083333333333332,Short
63260,1900-01-01 22:00:00,1900-01-01 01:00:00,94,3.0,Short
63261,1900-01-01 16:20:00,1900-01-01 23:50:00,139,7.5,Short
63262,1900-01-01 04:55:00,1900-01-01 10:15:00,139,5.333333333333333,Short
63263,1900-01-01 14:50:00,1900-01-01 19:05:00,117,4.25,Short
63264,1900-01-01 05:10:00,1900-01-01 14:50:00,207,9.666666666666666,Short
63271,1900-01-01 15:30:00,1900-01-01 19:10:00,89,3.6666666666666665,Short
63272,1900-01-01 05:05:00,1900-01-01 09:45:00,89,4.666666666666667,Short
63273,1900-01-01 11:30:00,1900-01-01 12:45:00,20,1.25,Short
63274,1900-01-01 09:50:00,1900-01-01 11:00:00,18,1.1666666666666667,Short
63275,1900-01-01 13:00:00,1900-01-01 14:15:00,20,1.25,Short
63276,1900-01-01 13:00:00,1900-01-01 14:05:00,18,1.0833333333333333,Short
63279,1900-01-01 17:30:00,1900-01-01 20:25:00,93,2.9166666666666665,Short
63280,1900-01-01 20:10:00,1900-01-01 02:25:00,120,6.25,Short
63283,1900-01-01 15:00:00,1900-01-01 19:45:00,120,4.75,Short
63284,1900-01-01 08:10:00,1900-01-01 12:25:00,120,4.25,Short
63285,1900-01-01 03:30:00,1900-01-01 08:15:00,120,4.75,Short
63286,1900-01-01 07:05:00,1900-01-01 10:10:00,93,3.0833333333333335,Short
63289,1900-01-01 11:55:00,1900-01-01 14:00:00,85,2.0833333333333335,Short
63290,1900-01-01 15:00:00,1900-01-01 17:05:00,85,2.0833333333333335,Short
63291,1900-01-01 07:30:00,1900-01-01 09:35:00,85,2.0833333333333335,Short
63292,1900-01-01 18:16:00,1900-01-01 20:35:00,85,2.316666666666667,Short
63293,1900-01-01 09:45:00,1900-01-01 12:30:00,118,2.75,Short
63294,1900-01-01 16:00:00,1900-01-01 18:11:00,118,2.183333333333333,Short
63295,1900-01-01 17:55:00,1900-01-01 23:25:00,203,5.5,Short
63296,1900-01-01 04:00:00,1900-01-01 10:15:00,203,6.25,Short
63501,1900-01-01 01:50:00,1900-01-01 03:40:00,106,1.8333333333333333,Short
63502,1900-01-01 21:58:00,1900-01-01 00:15:00,106,2.283333333333335,Short
63505,1900-01-01 04:00:00,1900-01-01 05:55:00,104,1.9166666666666667,Short
63506,1900-01-01 04:55:00,1900-01-01 06:40:00,105,1.75,Short
63507,1900-01-01 05:15:00,1900-01-01 07:05:00,104,1.8333333333333333,Short
63508,1900-01-01 05:45:00,1900-01-01 07:35:00,105,1.8333333333333333,Short
63509,1900-01-01 07:30:00,1900-01-01 09:15:00,104,1.75,Short
63510,1900-01-01 06:20:00,1900-01-01 08:06:00,105,1.7666666666666666,Short
63511,1900-01-01 08:40:00,1900-01-01 10:35:00,104,1.9166666666666667,Short
63512,1900-01-01 07:42:00,1900-01-01 09:38:00,105,1.9333333333333333,Short
63513,1900-01-01 09:50:00,1900-01-01 11:40:00,104,1.8333333333333333,Short
63514,1900-01-01 09:00:00,1900-01-01 10:50:00,105,1.8333333333333333,Short
63515,1900-01-01 12:05:00,1900-01-01 13:55:00,104,1.8333333333333333,Short
63516,1900-01-01 00:00:00,1900-01-01 00:00:00,105,0.0,Short
63517,1900-01-01 13:15:00,1900-01-01 15:05:00,104,1.8333333333333333,Short
63518,1900-01-01 12:40:00,1900-01-01 14:30:00,105,1.8333333333333333,Short
63519,1900-01-01 15:20:00,1900-01-01 17:15:00,104,1.9166666666666667,Short
63520,1900-01-01 14:05:00,1900-01-01 16:00:00,105,1.9166666666666667,Short
63521,1900-01-01 16:05:00,1900-01-01 17:55:00,104,1.8333333333333333,Short
63522,1900-01-01 00:00:00,1900-01-01 00:00:00,105,0.0,Short
63523,1900-01-01 17:25:00,1900-01-01 19:20:00,104,1.9166666666666667,Short
63524,1900-01-01 16:55:00,1900-01-01 18:45:00,105,1.8333333333333333,Short
63525,1900-01-01 00:00:00,1900-01-01 00:00:00,104,0.0,Short
63526,1900-01-01 21:50:00,1900-01-01 23:50:00,105,2.0,Short
63527,1900-01-01 00:00:00,1900-01-01 00:00:00,42,0.0,Short
63528,1900-01-01 00:00:00,1900-01-01 00:00:00,42,0.0,Short
63529,1900-01-01 05:40:00,1900-01-01 08:05:00,100,2.4166666666666665,Short
63530,1900-01-01 08:30:00,1900-01-01 10:55:00,101,2.4166666666666665,Short
63531,1900-01-01 08:10:00,1900-01-01 10:00:00,72,1.8333333333333333,Short
63532,1900-01-01 04:00:00,1900-01-01 05:50:00,73,1.8333333333333333,Short
63533,1900-01-01 14:00:00,1900-01-01 15:50:00,72,1.8333333333333333,Short
63534,1900-01-01 10:40:00,1900-01-01 12:30:00,73,1.8333333333333333,Short
63535,1900-01-01 17:10:00,1900-01-01 19:00:00,72,1.8333333333333333,Short
63536,1900-01-01 16:40:00,1900-01-01 18:30:00,73,1.8333333333333333,Short
63537,1900-01-01 00:00:00,1900-01-01 00:00:00,72,0.0,Short
63538,1900-01-01 20:00:00,1900-01-01 21:50:00,73,1.8333333333333333,Short
63541,1900-01-01 05:10:00,1900-01-01 07:10:00,88,2.0,Short
63542,1900-01-01 07:20:00,1900-01-01 09:20:00,88,2.0,Short
63543,1900-01-01 18:10:00,1900-01-01 20:15:00,88,2.0833333333333335,Short
63544,1900-01-01 20:45:00,1900-01-01 23:05:00,88,2.3333333333333335,Short
63545,1900-01-01 14:00:00,1900-01-01 15:20:00,58,1.3333333333333333,Short
63546,1900-01-01 09:50:00,1900-01-01 11:10:00,58,1.3333333333333333,Short
63547,1900-01-01 15:30:00,1900-01-01 17:24:00,74,1.9,Short
63548,1900-01-01 05:15:00,1900-01-01 07:00:00,76,1.75,Short
63549,1900-01-01 17:27:00,1900-01-01 20:40:00,124,3.216666666666667,Short
63550,1900-01-01 07:20:00,1900-01-01 09:45:00,122,2.4166666666666665,Short
63551,1900-01-01 23:00:00,1900-01-01 00:20:00,58,1.3333333333333321,Short
63552,1900-01-01 03:12:00,1900-01-01 04:45:00,58,1.55,Short
63553,1900-01-01 06:30:00,1900-01-01 21:25:00,479,14.916666666666666,Medium
63554,1900-01-01 04:15:00,1900-01-01 20:20:00,479,16.083333333333332,Medium
63561,1900-01-01 00:00:00,1900-01-01 00:00:00,110,0.0,Short
63562,1900-01-01 04:00:00,1900-01-01 06:40:00,116,2.6666666666666665,Short
63563,1900-01-01 20:30:00,1900-01-01 22:40:00,110,2.1666666666666665,Short
63564,1900-01-01 17:40:00,1900-01-01 19:50:00,110,2.1666666666666665,Short
63565,1900-01-01 10:00:00,1900-01-01 10:55:00,43,0.9166666666666666,Short
63566,1900-01-01 11:25:00,1900-01-01 12:25:00,43,1.0,Short
63567,1900-01-01 09:35:00,1900-01-01 12:55:00,154,3.3333333333333335,Short
63568,1900-01-01 13:20:00,1900-01-01 16:35:00,154,3.25,Short
63569,1900-01-01 00:00:00,1900-01-01 00:00:00,110,0.0,Short
63570,1900-01-01 06:10:00,1900-01-01 08:50:00,116,2.6666666666666665,Short
63571,1900-01-01 20:10:00,1900-01-01 00:45:00,131,4.583333333333332,Short
63572,1900-01-01 04:30:00,1900-01-01 08:40:00,131,4.166666666666667,Short
63573,1900-01-01 11:20:00,1900-01-01 13:30:00,97,2.1666666666666665,Short
63574,1900-01-01 14:10:00,1900-01-01 16:45:00,97,2.5833333333333335,Short
63581,1900-01-01 09:10:00,1900-01-01 11:40:00,111,2.5,Short
63582,1900-01-01 06:20:00,1900-01-01 08:47:00,111,2.45,Short
63583,1900-01-01 17:40:00,1900-01-01 20:15:00,111,2.5833333333333335,Short
63584,1900-01-01 13:15:00,1900-01-01 15:45:00,111,2.5,Short
63591,1900-01-01 15:40:00,1900-01-01 18:50:00,137,3.1666666666666665,Short
63592,1900-01-01 07:05:00,1900-01-01 11:05:00,137,4.0,Short
63593,1900-01-01 14:05:00,1900-01-01 16:45:00,80,2.6666666666666665,Short
63594,1900-01-01 10:52:00,1900-01-01 13:05:00,80,2.216666666666667,Short
63595,1900-01-01 03:40:00,1900-01-01 08:50:00,193,5.166666666666667,Short
63596,1900-01-01 18:00:00,1900-01-01 23:10:00,193,5.166666666666667,Short
63597,1900-01-01 12:30:00,1900-01-01 17:40:00,198,5.166666666666667,Short
63598,1900-01-01 00:00:00,1900-01-01 00:00:00,200,0.0,Short
64001,1900-01-01 19:25:00,1900-01-01 21:40:00,88,2.25,Short
64002,1900-01-01 06:20:00,1900-01-01 08:38:00,88,2.3,Short
64003,1900-01-01 05:00:00,1900-01-01 06:10:00,44,1.1666666666666667,Short
64004,1900-01-01 06:35:00,1900-01-01 08:30:00,56,1.9166666666666667,Short
64011,1900-01-01 06:15:00,1900-01-01 08:20:00,65,2.0833333333333335,Short
64012,1900-01-01 10:05:00,1900-01-01 12:10:00,65,2.0833333333333335,Short
64013,1900-01-01 12:35:00,1900-01-01 14:40:00,65,2.0833333333333335,Short
64014,1900-01-01 13:10:00,1900-01-01 15:30:00,65,2.3333333333333335,Short
64015,1900-01-01 14:35:00,1900-01-01 16:40:00,65,2.0833333333333335,Short
64016,1900-01-01 14:30:00,1900-01-01 16:55:00,65,2.4166666666666665,Short
64017,1900-01-01 15:35:00,1900-01-01 17:45:00,65,2.1666666666666665,Short
64018,1900-01-01 17:15:00,1900-01-01 17:52:00,11,0.6166666666666667,Short
64019,1900-01-01 22:20:00,1900-01-01 01:00:00,65,2.666666666666668,Short
64031,1900-01-01 09:00:00,1900-01-01 10:30:00,36,1.5,Short
64032,1900-01-01 15:00:00,1900-01-01 16:25:00,36,1.4166666666666667,Short
64034,1900-01-01 20:25:00,1900-01-01 21:50:00,36,1.4166666666666667,Short
64036,1900-01-01 22:50:00,1900-01-01 00:15:00,36,1.4166666666666679,Short
64051,1900-01-01 23:15:00,1900-01-01 01:55:00,77,2.666666666666668,Short
64052,1900-01-01 11:30:00,1900-01-01 14:05:00,77,2.5833333333333335,Short
64053,1900-01-01 06:00:00,1900-01-01 08:20:00,79,2.3333333333333335,Short
64055,1900-01-01 08:20:00,1900-01-01 11:05:00,79,2.75,Short
64057,1900-01-01 10:55:00,1900-01-01 13:30:00,77,2.5833333333333335,Short
64061,1900-01-01 17:30:00,1900-01-01 19:20:00,57,1.8333333333333333,Short
64062,1900-01-01 05:15:00,1900-01-01 07:10:00,57,1.9166666666666667,Short
64064,1900-01-01 19:45:00,1900-01-01 21:25:00,57,1.6666666666666667,Short
64071,1900-01-01 08:10:00,1900-01-01 09:45:00,44,1.5833333333333333,Short
64073,1900-01-01 19:45:00,1900-01-01 22:10:00,94,2.4166666666666665,Short
64074,1900-01-01 04:45:00,1900-01-01 06:50:00,96,2.0833333333333335,Short
64075,1900-01-01 07:15:00,1900-01-01 08:50:00,53,1.5833333333333333,Short
64076,1900-01-01 00:15:00,1900-01-01 01:35:00,53,1.3333333333333333,Short
64077,1900-01-01 07:55:00,1900-01-01 09:30:00,53,1.5833333333333333,Short
64078,1900-01-01 08:45:00,1900-01-01 10:15:00,53,1.5,Short
64080,1900-01-01 17:05:00,1900-01-01 18:30:00,53,1.4166666666666667,Short
64082,1900-01-01 18:00:00,1900-01-01 19:30:00,53,1.5,Short
64084,1900-01-01 21:25:00,1900-01-01 22:45:00,53,1.3333333333333333,Short
64087,1900-01-01 18:27:00,1900-01-01 19:35:00,28,1.1333333333333333,Short
64088,1900-01-01 20:38:00,1900-01-01 21:05:00,7,0.45,Short
64089,1900-01-01 16:45:00,1900-01-01 18:25:00,35,1.6666666666666667,Short
64090,1900-01-01 09:15:00,1900-01-01 10:55:00,35,1.6666666666666667,Short
64091,1900-01-01 08:00:00,1900-01-01 09:45:00,43,1.75,Short
64092,1900-01-01 18:50:00,1900-01-01 20:35:00,35,1.75,Short
64093,1900-01-01 09:47:00,1900-01-01 10:35:00,25,0.8,Short
64094,1900-01-01 08:30:00,1900-01-01 09:13:00,25,0.7166666666666667,Short
64095,1900-01-01 09:50:00,1900-01-01 11:00:00,32,1.1666666666666667,Short
64096,1900-01-01 10:55:00,1900-01-01 11:45:00,25,0.8333333333333334,Short
64097,1900-01-01 19:45:00,1900-01-01 20:20:00,11,0.5833333333333334,Short
64098,1900-01-01 18:00:00,1900-01-01 18:48:00,25,0.8,Short
64101,1900-01-01 01:55:00,1900-01-01 05:10:00,125,3.25,Short
64102,1900-01-01 18:15:00,1900-01-01 21:20:00,125,3.0833333333333335,Short
64103,1900-01-01 06:10:00,1900-01-01 09:10:00,125,3.0,Short
64104,1900-01-01 05:10:00,1900-01-01 06:45:00,54,1.5833333333333333,Short
64105,1900-01-01 06:20:00,1900-01-01 09:30:00,131,3.1666666666666665,Short
64106,1900-01-01 17:25:00,1900-01-01 19:45:00,82,2.3333333333333335,Short
64107,1900-01-01 15:00:00,1900-01-01 16:35:00,54,1.5833333333333333,Short
64108,1900-01-01 20:30:00,1900-01-01 23:00:00,82,2.5,Short
64109,1900-01-01 07:00:00,1900-01-01 09:20:00,71,2.3333333333333335,Short
64110,1900-01-01 17:40:00,1900-01-01 20:45:00,131,3.0833333333333335,Short
64111,1900-01-01 06:00:00,1900-01-01 09:00:00,92,3.0,Short
64112,1900-01-01 11:20:00,1900-01-01 13:50:00,64,2.5,Short
64113,1900-01-01 19:50:00,1900-01-01 22:35:00,99,2.75,Short
64114,1900-01-01 18:05:00,1900-01-01 21:05:00,131,3.0,Short
64151,1900-01-01 14:05:00,1900-01-01 17:00:00,125,2.9166666666666665,Short
64152,1900-01-01 08:50:00,1900-01-01 12:00:00,125,3.1666666666666665,Short
64153,1900-01-01 06:35:00,1900-01-01 09:35:00,139,3.0,Short
64154,1900-01-01 12:30:00,1900-01-01 13:55:00,78,1.4166666666666667,Short
64155,1900-01-01 10:05:00,1900-01-01 12:20:00,86,2.25,Short
64156,1900-01-01 16:25:00,1900-01-01 19:25:00,139,3.0,Short
64157,1900-01-01 05:40:00,1900-01-01 09:20:00,114,3.6666666666666665,Short
64158,1900-01-01 14:25:00,1900-01-01 15:55:00,86,1.5,Short
64159,1900-01-01 18:10:00,1900-01-01 19:50:00,83,1.6666666666666667,Short
64160,1900-01-01 16:20:00,1900-01-01 20:05:00,115,3.75,Short
64161,1900-01-01 20:20:00,1900-01-01 22:40:00,106,2.3333333333333335,Short
64162,1900-01-01 08:15:00,1900-01-01 09:55:00,83,1.6666666666666667,Short
64163,1900-01-01 04:35:00,1900-01-01 05:00:00,12,0.4166666666666667,Short
64164,1900-01-01 05:50:00,1900-01-01 07:45:00,106,1.9166666666666667,Short
64165,1900-01-01 09:40:00,1900-01-01 11:40:00,78,2.0,Short
64167,1900-01-01 03:50:00,1900-01-01 09:55:00,185,6.083333333333333,Short
64168,1900-01-01 16:40:00,1900-01-01 21:50:00,185,5.166666666666667,Short
64201,1900-01-01 04:10:00,1900-01-01 05:55:00,73,1.75,Short
64202,1900-01-01 05:00:00,1900-01-01 07:00:00,73,2.0,Short
64203,1900-01-01 07:20:00,1900-01-01 09:00:00,73,1.6666666666666667,Short
64204,1900-01-01 07:20:00,1900-01-01 09:15:00,73,1.9166666666666667,Short
64205,1900-01-01 09:35:00,1900-01-01 11:15:00,73,1.6666666666666667,Short
64206,1900-01-01 09:10:00,1900-01-01 10:55:00,73,1.75,Short
64207,1900-01-01 11:20:00,1900-01-01 13:00:00,73,1.6666666666666667,Short
64208,1900-01-01 10:50:00,1900-01-01 12:35:00,73,1.75,Short
64209,1900-01-01 14:00:00,1900-01-01 16:15:00,73,2.25,Short
64210,1900-01-01 11:55:00,1900-01-01 13:35:00,73,1.6666666666666667,Short
64211,1900-01-01 16:00:00,1900-01-01 17:40:00,73,1.6666666666666667,Short
64212,1900-01-01 14:05:00,1900-01-01 15:45:00,73,1.6666666666666667,Short
64213,1900-01-01 20:20:00,1900-01-01 22:05:00,73,1.75,Short
64214,1900-01-01 17:45:00,1900-01-01 19:55:00,85,2.1666666666666665,Short
64216,1900-01-01 21:05:00,1900-01-01 23:25:00,85,2.3333333333333335,Short
64221,1900-01-01 19:10:00,1900-01-01 00:20:00,164,5.166666666666668,Short
64222,1900-01-01 06:30:00,1900-01-01 11:15:00,164,4.75,Short
64231,1900-01-01 10:10:00,1900-01-01 11:10:00,28,1.0,Short
64232,1900-01-01 11:30:00,1900-01-01 12:35:00,28,1.0833333333333333,Short
64234,1900-01-01 13:45:00,1900-01-01 14:35:00,28,0.8333333333333334,Short
64235,1900-01-01 06:50:00,1900-01-01 10:10:00,101,3.3333333333333335,Short
64236,1900-01-01 18:50:00,1900-01-01 21:25:00,101,2.5833333333333335,Short
64251,1900-01-01 05:40:00,1900-01-01 07:10:00,73,1.5,Short
64252,1900-01-01 16:20:00,1900-01-01 18:05:00,73,1.75,Short
64253,1900-01-01 15:15:00,1900-01-01 17:35:00,84,2.3333333333333335,Short
64254,1900-01-01 22:15:00,1900-01-01 00:05:00,73,1.8333333333333321,Short
64255,1900-01-01 18:30:00,1900-01-01 20:55:00,84,2.4166666666666665,Short
64257,1900-01-01 22:10:00,1900-01-01 23:55:00,73,1.75,Short
64260,1900-01-01 06:00:00,1900-01-01 08:20:00,86,2.3333333333333335,Short
64271,1900-01-01 13:20:00,1900-01-01 14:50:00,36,1.5,Short
64272,1900-01-01 08:30:00,1900-01-01 09:50:00,36,1.3333333333333333,Short
64273,1900-01-01 16:35:00,1900-01-01 18:10:00,36,1.5833333333333333,Short
64274,1900-01-01 18:15:00,1900-01-01 19:45:00,36,1.5,Short
64275,1900-01-01 19:55:00,1900-01-01 21:45:00,36,1.8333333333333333,Short
64281,1900-01-01 07:30:00,1900-01-01 11:00:00,139,3.5,Short
64282,1900-01-01 16:45:00,1900-01-01 21:05:00,139,4.333333333333333,Short
64401,1900-01-01 10:25:00,1900-01-01 11:10:00,19,0.75,Short
64402,1900-01-01 00:00:00,1900-01-01 00:00:00,19,0.0,Short
64403,1900-01-01 17:15:00,1900-01-01 18:00:00,19,0.75,Short
64404,1900-01-01 09:40:00,1900-01-01 10:40:00,19,1.0,Short
64406,1900-01-01 09:20:00,1900-01-01 10:10:00,19,0.8333333333333334,Short
64407,1900-01-01 18:20:00,1900-01-01 19:05:00,19,0.75,Short
64408,1900-01-01 10:10:00,1900-01-01 11:00:00,19,0.8333333333333334,Short
64409,1900-01-01 22:40:00,1900-01-01 23:45:00,23,1.0833333333333333,Short
64410,1900-01-01 18:25:00,1900-01-01 19:15:00,25,0.8333333333333334,Short
64411,1900-01-01 09:00:00,1900-01-01 10:00:00,21,1.0,Short
64412,1900-01-01 20:20:00,1900-01-01 21:05:00,19,0.75,Short
64414,1900-01-01 08:40:00,1900-01-01 09:30:00,19,0.8333333333333334,Short
64415,1900-01-01 23:00:00,1900-01-01 23:45:00,25,0.75,Short
64417,1900-01-01 07:10:00,1900-01-01 08:25:00,28,1.25,Short
64418,1900-01-01 18:45:00,1900-01-01 20:00:00,28,1.25,Short
64419,1900-01-01 15:45:00,1900-01-01 17:10:00,30,1.4166666666666667,Short
64420,1900-01-01 00:10:00,1900-01-01 01:35:00,30,1.4166666666666667,Short
64421,1900-01-01 04:10:00,1900-01-01 04:55:00,25,0.75,Short
64422,1900-01-01 00:10:00,1900-01-01 01:00:00,25,0.8333333333333334,Short
64423,1900-01-01 09:50:00,1900-01-01 10:35:00,25,0.75,Short
64424,1900-01-01 09:10:00,1900-01-01 09:55:00,25,0.75,Short
64425,1900-01-01 12:50:00,1900-01-01 13:40:00,25,0.8333333333333334,Short
64426,1900-01-01 09:50:00,1900-01-01 10:50:00,25,1.0,Short
64427,1900-01-01 15:10:00,1900-01-01 16:00:00,25,0.8333333333333334,Short
64428,1900-01-01 09:35:00,1900-01-01 10:30:00,25,0.9166666666666666,Short
64429,1900-01-01 16:30:00,1900-01-01 17:20:00,25,0.8333333333333334,Short
64430,1900-01-01 10:50:00,1900-01-01 11:40:00,25,0.8333333333333334,Short
64431,1900-01-01 16:40:00,1900-01-01 17:30:00,25,0.8333333333333334,Short
64432,1900-01-01 14:00:00,1900-01-01 14:50:00,25,0.8333333333333334,Short
64433,1900-01-01 16:50:00,1900-01-01 17:45:00,25,0.9166666666666666,Short
64434,1900-01-01 11:20:00,1900-01-01 12:30:00,28,1.1666666666666667,Short
64437,1900-01-01 06:05:00,1900-01-01 07:08:00,28,1.05,Short
64439,1900-01-01 08:10:00,1900-01-01 09:18:00,28,1.1333333333333333,Short
64441,1900-01-01 17:20:00,1900-01-01 18:10:00,25,0.8333333333333334,Short
64443,1900-01-01 18:30:00,1900-01-01 20:00:00,28,1.5,Short
64445,1900-01-01 19:25:00,1900-01-01 20:05:00,19,0.6666666666666666,Short
64449,1900-01-01 08:30:00,1900-01-01 09:20:00,25,0.8333333333333334,Short
64450,1900-01-01 17:50:00,1900-01-01 18:40:00,25,0.8333333333333334,Short
64451,1900-01-01 16:40:00,1900-01-01 19:15:00,88,2.5833333333333335,Short
64452,1900-01-01 05:55:00,1900-01-01 09:35:00,155,3.6666666666666665,Short
64453,1900-01-01 17:40:00,1900-01-01 19:50:00,88,2.1666666666666665,Short
64454,1900-01-01 12:45:00,1900-01-01 17:10:00,155,4.416666666666667,Short
64461,1900-01-01 18:10:00,1900-01-01 22:25:00,164,4.25,Short
64462,1900-01-01 05:35:00,1900-01-01 09:45:00,164,4.166666666666667,Short
64463,1900-01-01 01:20:00,1900-01-01 04:40:00,156,3.3333333333333335,Short
64464,1900-01-01 05:10:00,1900-01-01 07:30:00,89,2.3333333333333335,Short
64465,1900-01-01 08:10:00,1900-01-01 12:05:00,156,3.9166666666666665,Short
64466,1900-01-01 21:10:00,1900-01-01 00:05:00,89,2.916666666666668,Short
64470,1900-01-01 06:40:00,1900-01-01 08:55:00,89,2.25,Short
64471,1900-01-01 17:05:00,1900-01-01 20:20:00,114,3.25,Short
64472,1900-01-01 06:00:00,1900-01-01 09:15:00,114,3.25,Short
64481,1900-01-01 20:00:00,1900-01-01 22:50:00,108,2.8333333333333335,Short
64482,1900-01-01 04:35:00,1900-01-01 05:30:00,41,0.9166666666666666,Short
64483,1900-01-01 22:55:00,1900-01-01 00:00:00,41,1.0833333333333321,Short
64491,1900-01-01 08:25:00,1900-01-01 10:00:00,53,1.5833333333333333,Short
64492,1900-01-01 17:50:00,1900-01-01 19:20:00,53,1.5,Short
64493,1900-01-01 16:35:00,1900-01-01 17:40:00,46,1.0833333333333333,Short
64494,1900-01-01 10:15:00,1900-01-01 11:30:00,46,1.25,Short
64496,1900-01-01 21:15:00,1900-01-01 23:30:00,89,2.25,Short
64501,1900-01-01 05:30:00,1900-01-01 07:10:00,81,1.6666666666666667,Short
64502,1900-01-01 12:10:00,1900-01-01 13:55:00,81,1.75,Short
64504,1900-01-01 19:30:00,1900-01-01 21:10:00,81,1.6666666666666667,Short
64511,1900-01-01 06:40:00,1900-01-01 12:30:00,238,5.833333333333333,Short
64512,1900-01-01 14:00:00,1900-01-01 20:00:00,238,6.0,Short
64513,1900-01-01 16:40:00,1900-01-01 22:35:00,238,5.916666666666667,Short
64514,1900-01-01 05:55:00,1900-01-01 09:30:00,157,3.5833333333333335,Short
64515,1900-01-01 06:10:00,1900-01-01 10:10:00,157,4.0,Short
64516,1900-01-01 11:30:00,1900-01-01 15:50:00,157,4.333333333333333,Short
64517,1900-01-01 11:40:00,1900-01-01 15:30:00,157,3.8333333333333335,Short
64518,1900-01-01 16:50:00,1900-01-01 21:05:00,157,4.25,Short
64521,1900-01-01 05:50:00,1900-01-01 08:15:00,113,2.4166666666666665,Short
64522,1900-01-01 16:20:00,1900-01-01 18:45:00,113,2.4166666666666665,Short
64523,1900-01-01 08:35:00,1900-01-01 11:30:00,113,2.9166666666666665,Short
64524,1900-01-01 17:50:00,1900-01-01 20:10:00,113,2.3333333333333335,Short
64531,1900-01-01 05:45:00,1900-01-01 07:55:00,88,2.1666666666666665,Short
64532,1900-01-01 06:50:00,1900-01-01 09:30:00,108,2.6666666666666665,Short
64533,1900-01-01 12:50:00,1900-01-01 15:05:00,88,2.25,Short
64534,1900-01-01 17:30:00,1900-01-01 21:00:00,114,3.5,Short
64536,1900-01-01 09:55:00,1900-01-01 12:35:00,88,2.6666666666666665,Short
64541,1900-01-01 05:45:00,1900-01-01 08:20:00,108,2.5833333333333335,Short
64542,1900-01-01 20:50:00,1900-01-01 23:10:00,108,2.3333333333333335,Short
64543,1900-01-01 17:50:00,1900-01-01 20:40:00,108,2.8333333333333335,Short
64545,1900-01-01 10:20:00,1900-01-01 11:35:00,41,1.25,Short
64546,1900-01-01 07:45:00,1900-01-01 08:55:00,41,1.1666666666666667,Short
64547,1900-01-01 17:50:00,1900-01-01 19:10:00,41,1.3333333333333333,Short
64548,1900-01-01 16:10:00,1900-01-01 17:05:00,41,0.9166666666666666,Short
64551,1900-01-01 08:25:00,1900-01-01 12:10:00,135,3.75,Short
64552,1900-01-01 13:25:00,1900-01-01 17:40:00,135,4.25,Short
64553,1900-01-01 05:35:00,1900-01-01 09:40:00,153,4.083333333333333,Short
64554,1900-01-01 17:45:00,1900-01-01 22:30:00,153,4.75,Short
64555,1900-01-01 09:55:00,1900-01-01 11:55:00,59,2.0,Short
64556,1900-01-01 14:15:00,1900-01-01 16:15:00,59,2.0,Short
64557,1900-01-01 16:45:00,1900-01-01 21:50:00,180,5.083333333333333,Short
64558,1900-01-01 04:25:00,1900-01-01 08:55:00,180,4.5,Short
64559,1900-01-01 13:20:00,1900-01-01 19:10:00,180,5.833333333333333,Short
64560,1900-01-01 04:55:00,1900-01-01 09:30:00,180,4.583333333333333,Short
64561,1900-01-01 11:25:00,1900-01-01 19:20:00,261,7.916666666666667,Short
64562,1900-01-01 06:00:00,1900-01-01 14:50:00,261,8.833333333333334,Short
64563,1900-01-01 07:35:00,1900-01-01 12:40:00,215,5.083333333333333,Short
64564,1900-01-01 13:00:00,1900-01-01 19:40:00,215,6.666666666666667,Short
64565,1900-01-01 00:00:00,1900-01-01 00:00:00,192,0.0,Short
64566,1900-01-01 04:20:00,1900-01-01 09:35:00,192,5.25,Short
64567,1900-01-01 05:45:00,1900-01-01 09:23:00,103,3.6333333333333333,Short
64568,1900-01-01 18:10:00,1900-01-01 21:50:00,103,3.6666666666666665,Short
64569,1900-01-01 12:55:00,1900-01-01 16:25:00,87,3.5,Short
64570,1900-01-01 09:30:00,1900-01-01 11:45:00,89,2.25,Short
64581,1900-01-01 05:55:00,1900-01-01 10:00:00,161,4.083333333333333,Short
64582,1900-01-01 17:45:00,1900-01-01 21:45:00,161,4.0,Short
64583,1900-01-01 06:30:00,1900-01-01 13:00:00,203,6.5,Short
64584,1900-01-01 12:55:00,1900-01-01 18:10:00,203,5.25,Short
64585,1900-01-01 22:00:00,1900-01-01 22:25:00,5,0.4166666666666667,Short
64586,1900-01-01 05:00:00,1900-01-01 05:25:00,5,0.4166666666666667,Short
64587,1900-01-01 14:05:00,1900-01-01 20:25:00,225,6.333333333333333,Short
64588,1900-01-01 06:45:00,1900-01-01 13:05:00,225,6.333333333333333,Short
64589,1900-01-01 19:10:00,1900-01-01 20:55:00,78,1.75,Short
64590,1900-01-01 06:00:00,1900-01-01 08:05:00,78,2.0833333333333335,Short
64591,1900-01-01 06:30:00,1900-01-01 11:30:00,194,5.0,Short
64592,1900-01-01 14:40:00,1900-01-01 19:45:00,194,5.083333333333333,Short
64593,1900-01-01 07:20:00,1900-01-01 09:25:00,77,2.0833333333333335,Short
64594,1900-01-01 18:15:00,1900-01-01 20:45:00,77,2.5,Short
64595,1900-01-01 16:00:00,1900-01-01 20:15:00,152,4.25,Short
64596,1900-01-01 07:25:00,1900-01-01 11:10:00,152,3.75,Short
64901,1900-01-01 08:00:00,1900-01-01 12:00:00,118,4.0,Short
64902,1900-01-01 15:00:00,1900-01-01 18:25:00,119,3.4166666666666665,Short
64903,1900-01-01 05:45:00,1900-01-01 10:20:00,158,4.583333333333333,Short
64904,1900-01-01 16:05:00,1900-01-01 20:25:00,160,4.333333333333333,Short
64905,1900-01-01 05:00:00,1900-01-01 08:20:00,134,3.3333333333333335,Short
64906,1900-01-01 16:50:00,1900-01-01 19:40:00,77,2.8333333333333335,Short
64908,1900-01-01 05:50:00,1900-01-01 07:35:00,44,1.75,Short
64910,1900-01-01 18:20:00,1900-01-01 22:10:00,148,3.8333333333333335,Short
64911,1900-01-01 09:25:00,1900-01-01 11:30:00,71,2.0833333333333335,Short
64912,1900-01-01 07:10:00,1900-01-01 09:15:00,71,2.0833333333333335,Short
64913,1900-01-01 05:00:00,1900-01-01 07:00:00,69,2.0,Short
64914,1900-01-01 13:30:00,1900-01-01 15:45:00,69,2.25,Short
64915,1900-01-01 10:10:00,1900-01-01 12:20:00,69,2.1666666666666665,Short
64916,1900-01-01 21:00:00,1900-01-01 23:10:00,69,2.1666666666666665,Short
64931,1900-01-01 18:35:00,1900-01-01 20:55:00,69,2.3333333333333335,Short
64932,1900-01-01 15:50:00,1900-01-01 18:10:00,69,2.3333333333333335,Short
64951,1900-01-01 14:10:00,1900-01-01 17:20:00,83,3.1666666666666665,Short
64952,1900-01-01 10:40:00,1900-01-01 13:45:00,83,3.0833333333333335,Short
64953,1900-01-01 16:15:00,1900-01-01 21:00:00,180,4.75,Short
64955,1900-01-01 07:45:00,1900-01-01 09:30:00,28,1.75,Short
64956,1900-01-01 13:30:00,1900-01-01 15:05:00,28,1.5833333333333333,Short
64957,1900-01-01 18:15:00,1900-01-01 21:30:00,133,3.25,Short
64958,1900-01-01 04:25:00,1900-01-01 07:15:00,137,2.8333333333333335,Short
64959,1900-01-01 07:30:00,1900-01-01 10:25:00,94,2.9166666666666665,Short
66000,1900-01-01 00:00:00,1900-01-01 00:00:00,21,0.0,Short
66001,1900-01-01 00:00:00,1900-01-01 00:00:00,41,0.0,Short
66002,1900-01-01 06:15:00,1900-01-01 07:00:00,21,0.75,Short
66003,1900-01-01 21:05:00,1900-01-01 21:50:00,20,0.75,Short
66004,1900-01-01 00:00:00,1900-01-01 00:00:00,21,0.0,Short
66005,1900-01-01 21:50:00,1900-01-01 22:35:00,20,0.75,Short
66006,1900-01-01 00:00:00,1900-01-01 00:00:00,21,0.0,Short
66007,1900-01-01 23:00:00,1900-01-01 23:45:00,20,0.75,Short
66008,1900-01-01 10:50:00,1900-01-01 12:55:00,68,2.0833333333333335,Short
66009,1900-01-01 00:00:00,1900-01-01 00:00:00,68,0.0,Short
66010,1900-01-01 00:00:00,1900-01-01 00:00:00,68,0.0,Short
66011,1900-01-01 15:50:00,1900-01-01 17:50:00,68,2.0,Short
66012,1900-01-01 18:30:00,1900-01-01 19:50:00,41,1.3333333333333333,Short
66013,1900-01-01 17:45:00,1900-01-01 19:20:00,68,1.5833333333333333,Short
66014,1900-01-01 16:05:00,1900-01-01 18:35:00,77,2.5,Short
66015,1900-01-01 07:20:00,1900-01-01 09:05:00,68,1.75,Short
66016,1900-01-01 06:25:00,1900-01-01 08:20:00,70,1.9166666666666667,Short
66017,1900-01-01 00:00:00,1900-01-01 00:00:00,140,0.0,Short
66018,1900-01-01 06:00:00,1900-01-01 09:35:00,140,3.5833333333333335,Short
66019,1900-01-01 06:05:00,1900-01-01 11:15:00,202,5.166666666666667,Short
66020,1900-01-01 15:30:00,1900-01-01 20:45:00,204,5.25,Short
66021,1900-01-01 19:10:00,1900-01-01 20:35:00,68,1.4166666666666667,Short
66022,1900-01-01 07:20:00,1900-01-01 09:10:00,62,1.8333333333333333,Short
66025,1900-01-01 05:30:00,1900-01-01 07:45:00,82,2.25,Short
66026,1900-01-01 12:00:00,1900-01-01 14:00:00,82,2.0,Short
66027,1900-01-01 13:40:00,1900-01-01 15:50:00,82,2.1666666666666665,Short
66028,1900-01-01 19:55:00,1900-01-01 21:55:00,82,2.0,Short
66029,1900-01-01 08:00:00,1900-01-01 09:45:00,93,1.75,Short
66030,1900-01-01 10:00:00,1900-01-01 11:45:00,93,1.75,Short
66031,1900-01-01 15:45:00,1900-01-01 17:25:00,93,1.6666666666666667,Short
66032,1900-01-01 17:50:00,1900-01-01 19:50:00,93,2.0,Short
66033,1900-01-01 11:30:00,1900-01-01 14:50:00,131,3.3333333333333335,Short
66034,1900-01-01 12:30:00,1900-01-01 15:55:00,131,3.4166666666666665,Short
66035,1900-01-01 07:45:00,1900-01-01 09:55:00,82,2.1666666666666665,Short
66036,1900-01-01 18:35:00,1900-01-01 20:45:00,82,2.1666666666666665,Short
66037,1900-01-01 10:05:00,1900-01-01 12:00:00,93,1.9166666666666667,Short
66038,1900-01-01 16:00:00,1900-01-01 18:20:00,93,2.3333333333333335,Short
66039,1900-01-01 09:15:00,1900-01-01 11:15:00,78,2.0,Short
66040,1900-01-01 18:40:00,1900-01-01 20:30:00,68,1.8333333333333333,Short
66041,1900-01-01 09:50:00,1900-01-01 13:05:00,108,3.25,Short
66042,1900-01-01 13:45:00,1900-01-01 16:40:00,108,2.9166666666666665,Short
66043,1900-01-01 08:25:00,1900-01-01 11:05:00,95,2.6666666666666665,Short
66044,1900-01-01 15:30:00,1900-01-01 17:50:00,95,2.3333333333333335,Short
66045,1900-01-01 11:30:00,1900-01-01 13:05:00,67,1.5833333333333333,Short
66046,1900-01-01 13:55:00,1900-01-01 15:15:00,67,1.3333333333333333,Short
66047,1900-01-01 09:50:00,1900-01-01 13:05:00,148,3.25,Short
66048,1900-01-01 13:30:00,1900-01-01 17:05:00,146,3.5833333333333335,Short
66049,1900-01-01 20:40:00,1900-01-01 23:25:00,78,2.75,Short
66050,1900-01-01 05:10:00,1900-01-01 07:10:00,77,2.0,Short
66051,1900-01-01 14:05:00,1900-01-01 14:45:00,20,0.6666666666666666,Short
66052,1900-01-01 14:50:00,1900-01-01 15:35:00,21,0.75,Short
66053,1900-01-01 00:00:00,1900-01-01 00:00:00,42,0.0,Short
66054,1900-01-01 22:10:00,1900-01-01 22:40:00,20,0.5,Short
66300,1900-01-01 07:45:00,1900-01-01 12:00:00,155,4.25,Short
66301,1900-01-01 14:40:00,1900-01-01 18:55:00,155,4.25,Short
66302,1900-01-01 08:50:00,1900-01-01 12:20:00,140,3.5,Short
66303,1900-01-01 12:25:00,1900-01-01 15:55:00,142,3.5,Short
66304,1900-01-01 09:40:00,1900-01-01 14:20:00,151,4.666666666666667,Short
66305,1900-01-01 16:30:00,1900-01-01 21:40:00,151,5.166666666666667,Short
66307,1900-01-01 05:50:00,1900-01-01 09:50:00,155,4.0,Short
66308,1900-01-01 11:10:00,1900-01-01 15:25:00,155,4.25,Short
66309,1900-01-01 19:40:00,1900-01-01 23:20:00,142,3.6666666666666665,Short
66310,1900-01-01 20:50:00,1900-01-01 00:25:00,140,3.583333333333332,Short
66511,1900-01-01 12:20:00,1900-01-01 15:05:00,85,2.75,Short
66512,1900-01-01 08:00:00,1900-01-01 10:30:00,86,2.5,Short
66513,1900-01-01 07:10:00,1900-01-01 07:45:00,17,0.5833333333333334,Short
66514,1900-01-01 15:15:00,1900-01-01 17:10:00,73,1.9166666666666667,Short
66515,1900-01-01 17:25:00,1900-01-01 19:15:00,74,1.8333333333333333,Short
66516,1900-01-01 19:25:00,1900-01-01 19:55:00,16,0.5,Short
66517,1900-01-01 22:40:00,1900-01-01 23:15:00,16,0.5833333333333334,Short
66518,1900-01-01 04:00:00,1900-01-01 04:35:00,17,0.5833333333333334,Short
66519,1900-01-01 04:45:00,1900-01-01 07:40:00,86,2.9166666666666665,Short
66520,1900-01-01 20:15:00,1900-01-01 22:30:00,87,2.25,Short
66523,1900-01-01 17:45:00,1900-01-01 20:25:00,98,2.6666666666666665,Short
66524,1900-01-01 06:30:00,1900-01-01 09:25:00,98,2.9166666666666665,Short
66527,1900-01-01 21:35:00,1900-01-01 22:20:00,34,0.75,Short
66528,1900-01-01 05:50:00,1900-01-01 06:35:00,34,0.75,Short
66529,1900-01-01 06:45:00,1900-01-01 09:40:00,102,2.9166666666666665,Short
66530,1900-01-01 09:50:00,1900-01-01 11:15:00,68,1.4166666666666667,Short
66531,1900-01-01 12:40:00,1900-01-01 14:20:00,68,1.6666666666666667,Short
66532,1900-01-01 14:45:00,1900-01-01 17:10:00,85,2.4166666666666665,Short
66533,1900-01-01 17:20:00,1900-01-01 19:15:00,73,1.9166666666666667,Short
66534,1900-01-01 19:30:00,1900-01-01 21:25:00,92,1.9166666666666667,Short
66535,1900-01-01 05:00:00,1900-01-01 06:05:00,44,1.0833333333333333,Short
66536,1900-01-01 07:35:00,1900-01-01 08:40:00,44,1.0833333333333333,Short
66537,1900-01-01 17:25:00,1900-01-01 18:30:00,44,1.0833333333333333,Short
66538,1900-01-01 18:40:00,1900-01-01 19:45:00,44,1.0833333333333333,Short
66539,1900-01-01 19:55:00,1900-01-01 21:00:00,44,1.0833333333333333,Short
66540,1900-01-01 22:35:00,1900-01-01 23:50:00,44,1.25,Short
66541,1900-01-01 10:30:00,1900-01-01 11:10:00,21,0.6666666666666666,Short
66542,1900-01-01 08:45:00,1900-01-01 09:40:00,21,0.9166666666666666,Short
66543,1900-01-01 14:45:00,1900-01-01 17:15:00,102,2.5,Short
66544,1900-01-01 11:45:00,1900-01-01 14:05:00,102,2.3333333333333335,Short
66600,1900-01-01 18:25:00,1900-01-01 20:50:00,100,2.4166666666666665,Short
66601,1900-01-01 06:55:00,1900-01-01 09:40:00,100,2.75,Short
66602,1900-01-01 09:05:00,1900-01-01 13:00:00,159,3.9166666666666665,Short
66603,1900-01-01 13:40:00,1900-01-01 17:50:00,159,4.166666666666667,Short
66604,1900-01-01 14:55:00,1900-01-01 17:40:00,98,2.75,Short
66605,1900-01-01 09:45:00,1900-01-01 12:30:00,98,2.75,Short
66606,1900-01-01 07:15:00,1900-01-01 08:50:00,58,1.5833333333333333,Short
66607,1900-01-01 18:10:00,1900-01-01 19:55:00,58,1.75,Short
66608,1900-01-01 14:30:00,1900-01-01 19:05:00,158,4.583333333333333,Short
66609,1900-01-01 07:45:00,1900-01-01 12:25:00,159,4.666666666666667,Short
66611,1900-01-01 08:20:00,1900-01-01 12:25:00,149,4.083333333333333,Short
66612,1900-01-01 15:10:00,1900-01-01 19:25:00,150,4.25,Short
67247,1900-01-01 13:15:00,1900-01-01 16:40:00,121,3.4166666666666665,Short
67248,1900-01-01 20:45:00,1900-01-01 23:20:00,103,2.5833333333333335,Short
67249,1900-01-01 06:15:00,1900-01-01 09:10:00,113,2.9166666666666665,Short
67250,1900-01-01 18:00:00,1900-01-01 21:00:00,113,3.0,Short
67251,1900-01-01 05:00:00,1900-01-01 05:50:00,31,0.8333333333333334,Short
67253,1900-01-01 06:10:00,1900-01-01 07:05:00,31,0.9166666666666666,Short
67254,1900-01-01 08:20:00,1900-01-01 09:20:00,32,1.0,Short
67255,1900-01-01 09:30:00,1900-01-01 10:15:00,25,0.75,Short
67256,1900-01-01 11:25:00,1900-01-01 14:00:00,106,2.5833333333333335,Short
67257,1900-01-01 12:35:00,1900-01-01 15:55:00,106,3.3333333333333335,Short
67258,1900-01-01 16:50:00,1900-01-01 18:00:00,25,1.1666666666666667,Short
67259,1900-01-01 18:30:00,1900-01-01 19:35:00,32,1.0833333333333333,Short
67260,1900-01-01 14:35:00,1900-01-01 18:00:00,138,3.4166666666666665,Short
67261,1900-01-01 18:20:00,1900-01-01 22:20:00,149,4.0,Short
67262,1900-01-01 03:45:00,1900-01-01 07:35:00,149,3.8333333333333335,Short
67263,1900-01-01 08:00:00,1900-01-01 11:40:00,138,3.6666666666666665,Short
67264,1900-01-01 09:40:00,1900-01-01 13:45:00,163,4.083333333333333,Short
67265,1900-01-01 05:15:00,1900-01-01 09:10:00,163,3.9166666666666665,Short
67266,1900-01-01 18:40:00,1900-01-01 22:00:00,143,3.3333333333333335,Short
67267,1900-01-01 14:00:00,1900-01-01 18:05:00,163,4.083333333333333,Short
67269,1900-01-01 06:40:00,1900-01-01 08:40:00,104,2.0,Short
67270,1900-01-01 21:10:00,1900-01-01 23:30:00,104,2.3333333333333335,Short
67271,1900-01-01 09:00:00,1900-01-01 12:10:00,121,3.1666666666666665,Short
67272,1900-01-01 18:15:00,1900-01-01 20:55:00,122,2.6666666666666665,Short
67273,1900-01-01 12:30:00,1900-01-01 13:30:00,32,1.0,Short
67274,1900-01-01 14:10:00,1900-01-01 15:10:00,32,1.0,Short
67275,1900-01-01 06:15:00,1900-01-01 08:00:00,59,1.75,Short
67276,1900-01-01 09:00:00,1900-01-01 10:55:00,59,1.9166666666666667,Short
67277,1900-01-01 14:10:00,1900-01-01 16:55:00,96,2.75,Short
67278,1900-01-01 17:10:00,1900-01-01 20:10:00,96,3.0,Short
67279,1900-01-01 15:05:00,1900-01-01 18:15:00,154,3.1666666666666665,Short
67280,1900-01-01 09:45:00,1900-01-01 13:10:00,154,3.4166666666666665,Short
67282,1900-01-01 13:00:00,1900-01-01 15:35:00,142,2.5833333333333335,Short
67291,1900-01-01 06:15:00,1900-01-01 07:30:00,60,1.25,Short
67292,1900-01-01 18:05:00,1900-01-01 19:25:00,60,1.3333333333333333,Short
67293,1900-01-01 16:05:00,1900-01-01 17:40:00,60,1.5833333333333333,Short
67294,1900-01-01 08:05:00,1900-01-01 10:35:00,130,2.5,Short
67295,1900-01-01 11:15:00,1900-01-01 13:00:00,79,1.75,Short
67296,1900-01-01 18:20:00,1900-01-01 20:17:00,97,1.95,Short
67297,1900-01-01 18:35:00,1900-01-01 22:20:00,138,3.75,Short
67298,1900-01-01 05:10:00,1900-01-01 09:10:00,138,4.0,Short
67299,1900-01-01 17:15:00,1900-01-01 22:05:00,149,4.833333333333333,Short
67300,1900-01-01 04:30:00,1900-01-01 08:55:00,149,4.416666666666667,Short
68001,1900-01-01 06:45:00,1900-01-01 09:35:00,148,2.8333333333333335,Short
68003,1900-01-01 10:00:00,1900-01-01 13:50:00,215,3.8333333333333335,Short
68004,1900-01-01 14:05:00,1900-01-01 18:22:00,214,4.283333333333333,Short
68005,1900-01-01 15:20:00,1900-01-01 18:35:00,137,3.25,Short
68006,1900-01-01 08:50:00,1900-01-01 11:50:00,137,3.0,Short
68007,1900-01-01 17:00:00,1900-01-01 21:45:00,188,4.75,Short
68008,1900-01-01 09:50:00,1900-01-01 12:27:00,147,2.6166666666666667,Short
68009,1900-01-01 18:45:00,1900-01-01 20:00:00,62,1.25,Short
68010,1900-01-01 06:00:00,1900-01-01 07:40:00,62,1.6666666666666667,Short
68011,1900-01-01 18:20:00,1900-01-01 21:00:00,137,2.6666666666666665,Short
68012,1900-01-01 03:15:00,1900-01-01 05:50:00,137,2.5833333333333335,Short
68013,1900-01-01 05:40:00,1900-01-01 08:20:00,137,2.6666666666666665,Short
68014,1900-01-01 14:00:00,1900-01-01 17:10:00,137,3.1666666666666665,Short
68015,1900-01-01 21:05:00,1900-01-01 23:35:00,137,2.5,Short
68016,1900-01-01 04:20:00,1900-01-01 07:00:00,137,2.6666666666666665,Short
68017,1900-01-01 14:50:00,1900-01-01 22:25:00,238,7.583333333333333,Short
68018,1900-01-01 05:20:00,1900-01-01 13:00:00,238,7.666666666666667,Short
68019,1900-01-01 06:05:00,1900-01-01 13:10:00,284,7.083333333333333,Short
68020,1900-01-01 15:20:00,1900-01-01 21:25:00,284,6.083333333333333,Short
68021,1900-01-01 09:25:00,1900-01-01 12:05:00,120,2.6666666666666665,Short
68022,1900-01-01 12:30:00,1900-01-01 15:10:00,120,2.6666666666666665,Short
68023,1900-01-01 04:40:00,1900-01-01 09:20:00,188,4.666666666666667,Short
68024,1900-01-01 09:50:00,1900-01-01 13:55:00,189,4.083333333333333,Short
68047,1900-01-01 21:30:00,1900-01-01 22:20:00,40,0.8333333333333334,Short
68048,1900-01-01 06:10:00,1900-01-01 07:05:00,40,0.9166666666666666,Short
68053,1900-01-01 15:05:00,1900-01-01 16:35:00,71,1.5,Short
68054,1900-01-01 16:45:00,1900-01-01 18:10:00,70,1.4166666666666667,Short
68055,1900-01-01 08:25:00,1900-01-01 13:30:00,171,5.083333333333333,Short
68056,1900-01-01 08:45:00,1900-01-01 13:20:00,170,4.583333333333333,Short
68057,1900-01-01 05:45:00,1900-01-01 06:35:00,39,0.8333333333333334,Short
68058,1900-01-01 07:15:00,1900-01-01 08:10:00,39,0.9166666666666666,Short
68059,1900-01-01 18:45:00,1900-01-01 21:40:00,112,2.9166666666666665,Short
68060,1900-01-01 15:05:00,1900-01-01 18:25:00,112,3.3333333333333335,Short
68063,1900-01-01 05:05:00,1900-01-01 06:10:00,41,1.0833333333333333,Short
68069,1900-01-01 18:40:00,1900-01-01 19:45:00,41,1.0833333333333333,Short
68070,1900-01-01 22:35:00,1900-01-01 23:35:00,41,1.0,Short
68071,1900-01-01 07:15:00,1900-01-01 09:35:00,70,2.3333333333333335,Short
68072,1900-01-01 18:10:00,1900-01-01 19:15:00,40,1.0833333333333333,Short
68073,1900-01-01 16:30:00,1900-01-01 16:55:00,11,0.4166666666666667,Short
68074,1900-01-01 09:45:00,1900-01-01 11:15:00,40,1.5,Short
68075,1900-01-01 22:30:00,1900-01-01 23:05:00,29,0.5833333333333334,Short
68076,1900-01-01 03:40:00,1900-01-01 04:20:00,29,0.6666666666666666,Short
68077,1900-01-01 13:35:00,1900-01-01 14:50:00,40,1.25,Short
68078,1900-01-01 15:00:00,1900-01-01 16:05:00,40,1.0833333333333333,Short
68079,1900-01-01 11:35:00,1900-01-01 13:05:00,37,1.5,Short
68080,1900-01-01 14:35:00,1900-01-01 16:20:00,37,1.75,Short
68081,1900-01-01 04:00:00,1900-01-01 04:55:00,53,0.9166666666666666,Short
68082,1900-01-01 21:15:00,1900-01-01 22:50:00,84,1.5833333333333333,Short
68088,1900-01-01 14:00:00,1900-01-01 17:50:00,121,3.8333333333333335,Short
68089,1900-01-01 11:40:00,1900-01-01 14:20:00,155,2.6666666666666665,Short
68090,1900-01-01 08:20:00,1900-01-01 11:20:00,155,3.0,Short
68091,1900-01-01 16:37:00,1900-01-01 18:00:00,51,1.3833333333333333,Short
68092,1900-01-01 06:55:00,1900-01-01 08:15:00,51,1.3333333333333333,Short
68093,1900-01-01 03:00:00,1900-01-01 04:30:00,51,1.5,Short
68094,1900-01-01 14:10:00,1900-01-01 15:45:00,51,1.5833333333333333,Short
68097,1900-01-01 20:15:00,1900-01-01 22:05:00,108,1.8333333333333333,Short
68098,1900-01-01 17:35:00,1900-01-01 19:30:00,108,1.9166666666666667,Short
68643,1900-01-01 06:05:00,1900-01-01 06:20:00,8,0.25,Short
68644,1900-01-01 06:30:00,1900-01-01 06:45:00,8,0.25,Short
68645,1900-01-01 17:05:00,1900-01-01 17:17:00,8,0.2,Short
68646,1900-01-01 17:35:00,1900-01-01 17:50:00,8,0.25,Short
68685,1900-01-01 07:48:00,1900-01-01 10:55:00,130,3.1166666666666667,Short
68686,1900-01-01 05:40:00,1900-01-01 08:05:00,117,2.4166666666666665,Short
68688,1900-01-01 06:45:00,1900-01-01 09:20:00,117,2.5833333333333335,Short
68689,1900-01-01 19:32:00,1900-01-01 22:05:00,117,2.55,Short
68690,1900-01-01 11:15:00,1900-01-01 14:08:00,130,2.8833333333333333,Short
68701,1900-01-01 00:00:00,1900-01-01 00:00:00,48,0.0,Short
68702,1900-01-01 06:25:00,1900-01-01 07:20:00,41,0.9166666666666666,Short
68703,1900-01-01 07:35:00,1900-01-01 08:30:00,48,0.9166666666666666,Short
68704,1900-01-01 09:20:00,1900-01-01 10:20:00,41,1.0,Short
68705,1900-01-01 00:00:00,1900-01-01 00:00:00,109,0.0,Short
68706,1900-01-01 11:40:00,1900-01-01 18:15:00,214,6.583333333333333,Short
68707,1900-01-01 12:35:00,1900-01-01 13:35:00,48,1.0,Short
68708,1900-01-01 17:00:00,1900-01-01 18:00:00,34,1.0,Short
68709,1900-01-01 17:20:00,1900-01-01 19:35:00,109,2.25,Short
68710,1900-01-01 00:00:00,1900-01-01 00:00:00,102,0.0,Short
68711,1900-01-01 05:05:00,1900-01-01 06:35:00,73,1.5,Short
68712,1900-01-01 22:15:00,1900-01-01 23:40:00,73,1.4166666666666667,Short
68713,1900-01-01 06:45:00,1900-01-01 09:25:00,127,2.6666666666666665,Short
68714,1900-01-01 10:35:00,1900-01-01 13:50:00,126,3.25,Short
68715,1900-01-01 15:10:00,1900-01-01 17:40:00,127,2.5,Short
68716,1900-01-01 18:30:00,1900-01-01 21:15:00,126,2.75,Short
68717,1900-01-01 18:25:00,1900-01-01 19:20:00,48,0.9166666666666666,Short
68718,1900-01-01 19:50:00,1900-01-01 20:40:00,41,0.8333333333333334,Short
68719,1900-01-01 16:45:00,1900-01-01 19:05:00,112,2.3333333333333335,Short
68721,1900-01-01 19:10:00,1900-01-01 21:30:00,109,2.3333333333333335,Short
68723,1900-01-01 21:40:00,1900-01-01 23:25:00,73,1.75,Short
68724,1900-01-01 07:00:00,1900-01-01 11:20:00,175,4.333333333333333,Short
68725,1900-01-01 20:50:00,1900-01-01 21:50:00,48,1.0,Short
68726,1900-01-01 22:05:00,1900-01-01 23:10:00,41,1.0833333333333333,Short
68727,1900-01-01 19:05:00,1900-01-01 21:30:00,112,2.4166666666666665,Short
68728,1900-01-01 07:15:00,1900-01-01 09:25:00,111,2.1666666666666665,Short
68729,1900-01-01 21:50:00,1900-01-01 23:55:00,109,2.0833333333333335,Short
68730,1900-01-01 00:00:00,1900-01-01 00:00:00,102,0.0,Short
68731,1900-01-01 21:00:00,1900-01-01 23:15:00,97,2.25,Short
68732,1900-01-01 18:30:00,1900-01-01 20:45:00,97,2.25,Short
68733,1900-01-01 13:20:00,1900-01-01 15:40:00,97,2.3333333333333335,Short
68734,1900-01-01 10:20:00,1900-01-01 12:35:00,97,2.25,Short
68735,1900-01-01 07:30:00,1900-01-01 10:00:00,135,2.5,Short
68736,1900-01-01 20:50:00,1900-01-01 23:20:00,135,2.5,Short
68737,1900-01-01 15:25:00,1900-01-01 18:20:00,135,2.9166666666666665,Short
68738,1900-01-01 10:40:00,1900-01-01 13:05:00,133,2.4166666666666665,Short
68739,1900-01-01 00:00:00,1900-01-01 00:00:00,100,0.0,Short
68740,1900-01-01 07:30:00,1900-01-01 10:25:00,100,2.9166666666666665,Short
68741,1900-01-01 06:45:00,1900-01-01 09:35:00,133,2.8333333333333335,Short
68742,1900-01-01 17:40:00,1900-01-01 20:40:00,133,3.0,Short
68743,1900-01-01 09:40:00,1900-01-01 12:30:00,127,2.8333333333333335,Short
68744,1900-01-01 14:25:00,1900-01-01 17:20:00,126,2.9166666666666665,Short
68745,1900-01-01 05:50:00,1900-01-01 11:05:00,209,5.25,Short
68746,1900-01-01 13:10:00,1900-01-01 18:00:00,209,4.833333333333333,Short
68747,1900-01-01 06:00:00,1900-01-01 14:20:00,320,8.333333333333334,Medium
68748,1900-01-01 14:50:00,1900-01-01 22:45:00,318,7.916666666666667,Medium
68749,1900-01-01 09:30:00,1900-01-01 15:10:00,215,5.666666666666667,Short
68750,1900-01-01 16:15:00,1900-01-01 22:00:00,215,5.75,Short
69101,1900-01-01 05:55:00,1900-01-01 08:50:00,99,2.9166666666666665,Short
69102,1900-01-01 16:50:00,1900-01-01 20:05:00,99,3.25,Short
69104,1900-01-01 04:00:00,1900-01-01 05:30:00,35,1.5,Short
69105,1900-01-01 03:05:00,1900-01-01 05:10:00,63,2.0833333333333335,Short
69106,1900-01-01 00:45:00,1900-01-01 02:20:00,63,1.5833333333333333,Short
69107,1900-01-01 20:20:00,1900-01-01 23:30:00,99,3.1666666666666665,Short
69108,1900-01-01 08:10:00,1900-01-01 10:55:00,99,2.75,Short
69109,1900-01-01 16:10:00,1900-01-01 19:40:00,128,3.5,Short
69110,1900-01-01 11:30:00,1900-01-01 14:40:00,128,3.1666666666666665,Short
69111,1900-01-01 17:45:00,1900-01-01 20:55:00,128,3.1666666666666665,Short
69112,1900-01-01 05:45:00,1900-01-01 09:05:00,128,3.3333333333333335,Short
69113,1900-01-01 19:50:00,1900-01-01 22:50:00,99,3.0,Short
69114,1900-01-01 05:20:00,1900-01-01 08:20:00,99,3.0,Short
69115,1900-01-01 08:45:00,1900-01-01 11:35:00,99,2.8333333333333335,Short
69116,1900-01-01 02:25:00,1900-01-01 03:45:00,63,1.3333333333333333,Short
69117,1900-01-01 11:10:00,1900-01-01 14:55:00,146,3.75,Short
69118,1900-01-01 16:20:00,1900-01-01 19:30:00,147,3.1666666666666665,Short
69119,1900-01-01 18:20:00,1900-01-01 22:10:00,146,3.8333333333333335,Short
69120,1900-01-01 06:15:00,1900-01-01 09:40:00,147,3.4166666666666665,Short
69121,1900-01-01 20:00:00,1900-01-01 21:55:00,72,1.9166666666666667,Short
69122,1900-01-01 05:55:00,1900-01-01 07:50:00,72,1.9166666666666667,Short
69123,1900-01-01 10:00:00,1900-01-01 12:10:00,78,2.1666666666666665,Short
69124,1900-01-01 04:15:00,1900-01-01 06:30:00,78,2.25,Short
69125,1900-01-01 19:10:00,1900-01-01 21:20:00,78,2.1666666666666665,Short
69126,1900-01-01 13:00:00,1900-01-01 15:20:00,78,2.3333333333333335,Short
69127,1900-01-01 17:00:00,1900-01-01 18:45:00,63,1.75,Short
69128,1900-01-01 13:40:00,1900-01-01 15:20:00,63,1.6666666666666667,Short
69129,1900-01-01 05:40:00,1900-01-01 07:35:00,63,1.9166666666666667,Short
69130,1900-01-01 19:10:00,1900-01-01 20:50:00,63,1.6666666666666667,Short
69131,1900-01-01 12:10:00,1900-01-01 13:15:00,31,1.0833333333333333,Short
69132,1900-01-01 15:00:00,1900-01-01 16:05:00,31,1.0833333333333333,Short
69133,1900-01-01 07:30:00,1900-01-01 08:20:00,29,0.8333333333333334,Short
69134,1900-01-01 08:35:00,1900-01-01 09:25:00,29,0.8333333333333334,Short
69135,1900-01-01 16:40:00,1900-01-01 17:30:00,29,0.8333333333333334,Short
69136,1900-01-01 17:45:00,1900-01-01 18:35:00,29,0.8333333333333334,Short
69137,1900-01-01 22:55:00,1900-01-01 00:10:00,35,1.25,Short
69138,1900-01-01 21:15:00,1900-01-01 22:25:00,35,1.1666666666666667,Short
69139,1900-01-01 06:50:00,1900-01-01 13:00:00,232,6.166666666666667,Short
69140,1900-01-01 18:20:00,1900-01-01 23:10:00,206,4.833333333333333,Short
69141,1900-01-01 06:45:00,1900-01-01 09:45:00,117,3.0,Short
69142,1900-01-01 17:25:00,1900-01-01 20:25:00,117,3.0,Short
69143,1900-01-01 04:40:00,1900-01-01 06:30:00,89,1.8333333333333333,Short
69144,1900-01-01 20:40:00,1900-01-01 22:30:00,89,1.8333333333333333,Short
69145,1900-01-01 05:00:00,1900-01-01 07:10:00,78,2.1666666666666665,Short
69146,1900-01-01 08:30:00,1900-01-01 10:45:00,78,2.25,Short
69147,1900-01-01 14:20:00,1900-01-01 16:40:00,78,2.3333333333333335,Short
69149,1900-01-01 04:00:00,1900-01-01 11:10:00,265,7.166666666666667,Short
69150,1900-01-01 14:05:00,1900-01-01 21:30:00,265,7.416666666666667,Short
69151,1900-01-01 15:25:00,1900-01-01 17:15:00,68,1.8333333333333333,Short
69152,1900-01-01 09:20:00,1900-01-01 11:25:00,68,2.0833333333333335,Short
69153,1900-01-01 13:50:00,1900-01-01 15:15:00,54,1.4166666666666667,Short
69154,1900-01-01 11:40:00,1900-01-01 12:55:00,54,1.25,Short
69161,1900-01-01 18:50:00,1900-01-01 22:25:00,137,3.5833333333333335,Short
69164,1900-01-01 05:30:00,1900-01-01 08:55:00,137,3.4166666666666665,Short
69165,1900-01-01 09:20:00,1900-01-01 11:05:00,65,1.75,Short
69166,1900-01-01 16:45:00,1900-01-01 18:25:00,65,1.6666666666666667,Short
69167,1900-01-01 14:35:00,1900-01-01 16:10:00,65,1.5833333333333333,Short
69168,1900-01-01 12:10:00,1900-01-01 13:45:00,65,1.5833333333333333,Short
69169,1900-01-01 18:30:00,1900-01-01 22:55:00,160,4.416666666666667,Short
69171,1900-01-01 18:30:00,1900-01-01 20:05:00,58,1.5833333333333333,Short
69172,1900-01-01 06:35:00,1900-01-01 08:25:00,58,1.8333333333333333,Short
69173,1900-01-01 22:55:00,1900-01-01 00:11:00,63,1.2666666666666657,Short
69174,1900-01-01 04:55:00,1900-01-01 06:35:00,89,1.6666666666666667,Short
69181,1900-01-01 16:35:00,1900-01-01 18:45:00,114,2.1666666666666665,Short
69182,1900-01-01 08:25:00,1900-01-01 10:50:00,114,2.4166666666666665,Short
69183,1900-01-01 18:55:00,1900-01-01 19:50:00,44,0.9166666666666666,Short
69184,1900-01-01 07:10:00,1900-01-01 08:10:00,44,1.0,Short
69185,1900-01-01 20:05:00,1900-01-01 21:30:00,54,1.4166666666666667,Short
69186,1900-01-01 05:30:00,1900-01-01 06:55:00,54,1.4166666666666667,Short
69187,1900-01-01 22:20:00,1900-01-01 01:25:00,114,3.083333333333332,Short
69188,1900-01-01 01:35:00,1900-01-01 04:25:00,114,2.8333333333333335,Short
69189,1900-01-01 11:30:00,1900-01-01 15:35:00,152,4.083333333333333,Short
69190,1900-01-01 13:00:00,1900-01-01 17:25:00,153,4.416666666666667,Short
69191,1900-01-01 18:10:00,1900-01-01 21:25:00,95,3.25,Short
69192,1900-01-01 07:30:00,1900-01-01 10:25:00,95,2.9166666666666665,Short
69195,1900-01-01 06:35:00,1900-01-01 08:10:00,61,1.5833333333333333,Short
69196,1900-01-01 18:00:00,1900-01-01 19:35:00,61,1.5833333333333333,Short
70101,1900-01-01 17:35:00,1900-01-01 20:25:00,115,2.8333333333333335,Short
70102,1900-01-01 06:00:00,1900-01-01 08:15:00,119,2.25,Short
70103,1900-01-01 09:30:00,1900-01-01 12:50:00,115,3.3333333333333335,Short
70104,1900-01-01 14:25:00,1900-01-01 17:10:00,119,2.75,Short
70105,1900-01-01 05:00:00,1900-01-01 12:05:00,324,7.083333333333333,Medium
70106,1900-01-01 15:00:00,1900-01-01 22:00:00,326,7.0,Medium
71081,1900-01-01 12:50:00,1900-01-01 13:50:00,41,1.0,Short
71082,1900-01-01 05:44:00,1900-01-01 08:10:00,86,2.433333333333333,Short
71083,1900-01-01 15:35:00,1900-01-01 16:35:00,41,1.0,Short
71084,1900-01-01 14:33:00,1900-01-01 15:25:00,41,0.8666666666666667,Short
71085,1900-01-01 19:15:00,1900-01-01 20:07:00,41,0.8666666666666667,Short
71086,1900-01-01 17:55:00,1900-01-01 18:55:00,41,1.0,Short
71088,1900-01-01 08:35:00,1900-01-01 09:45:00,51,1.1666666666666667,Short
71089,1900-01-01 09:10:00,1900-01-01 12:15:00,105,3.0833333333333335,Short
71092,1900-01-01 05:15:00,1900-01-01 07:55:00,105,2.6666666666666665,Short
71093,1900-01-01 09:50:00,1900-01-01 10:50:00,41,1.0,Short
71094,1900-01-01 11:30:00,1900-01-01 12:30:00,41,1.0,Short
71095,1900-01-01 20:00:00,1900-01-01 22:35:00,105,2.5833333333333335,Short
71096,1900-01-01 15:40:00,1900-01-01 18:45:00,105,3.0833333333333335,Short
71401,1900-01-01 05:25:00,1900-01-01 06:45:00,43,1.3333333333333333,Short
71402,1900-01-01 07:05:00,1900-01-01 10:15:00,121,3.1666666666666665,Short
71403,1900-01-01 09:40:00,1900-01-01 11:30:00,77,1.8333333333333333,Short
71404,1900-01-01 16:20:00,1900-01-01 19:40:00,121,3.3333333333333335,Short
71405,1900-01-01 14:35:00,1900-01-01 15:55:00,43,1.3333333333333333,Short
71407,1900-01-01 10:32:00,1900-01-01 12:35:00,77,2.05,Short
71408,1900-01-01 12:45:00,1900-01-01 14:23:00,77,1.6333333333333333,Short
71409,1900-01-01 14:40:00,1900-01-01 16:58:00,77,2.3,Short
71410,1900-01-01 17:10:00,1900-01-01 18:50:00,77,1.6666666666666667,Short
71411,1900-01-01 20:05:00,1900-01-01 21:53:00,77,1.8,Short
71413,1900-01-01 22:50:00,1900-01-01 08:05:00,265,9.25,Short
71414,1900-01-01 11:40:00,1900-01-01 20:15:00,265,8.583333333333334,Short
71415,1900-01-01 08:15:00,1900-01-01 15:50:00,265,7.583333333333333,Short
71416,1900-01-01 23:00:00,1900-01-01 06:35:00,265,7.583333333333332,Short
71901,1900-01-01 05:50:00,1900-01-01 06:55:00,51,1.0833333333333333,Short
71902,1900-01-01 07:30:00,1900-01-01 08:45:00,51,1.25,Short
71903,1900-01-01 09:25:00,1900-01-01 13:05:00,148,3.6666666666666665,Short
71904,1900-01-01 13:50:00,1900-01-01 17:05:00,148,3.25,Short
71905,1900-01-01 20:05:00,1900-01-01 21:45:00,51,1.6666666666666667,Short
71906,1900-01-01 22:15:00,1900-01-01 23:35:00,51,1.3333333333333333,Short
71907,1900-01-01 17:10:00,1900-01-01 21:00:00,148,3.8333333333333335,Short
71908,1900-01-01 06:05:00,1900-01-01 09:20:00,148,3.25,Short
71909,1900-01-01 00:00:00,1900-01-01 00:00:00,136,0.0,Short
71910,1900-01-01 06:10:00,1900-01-01 09:55:00,136,3.75,Short
72171,1900-01-01 06:35:00,1900-01-01 07:10:00,18,0.5833333333333334,Short
72172,1900-01-01 07:25:00,1900-01-01 08:00:00,18,0.5833333333333334,Short
72173,1900-01-01 08:55:00,1900-01-01 09:30:00,18,0.5833333333333334,Short
72174,1900-01-01 09:40:00,1900-01-01 10:15:00,18,0.5833333333333334,Short
72175,1900-01-01 15:20:00,1900-01-01 15:55:00,18,0.5833333333333334,Short
72176,1900-01-01 16:10:00,1900-01-01 16:45:00,18,0.5833333333333334,Short
72177,1900-01-01 16:55:00,1900-01-01 17:30:00,18,0.5833333333333334,Short
72178,1900-01-01 17:40:00,1900-01-01 18:15:00,18,0.5833333333333334,Short
72179,1900-01-01 19:25:00,1900-01-01 20:00:00,18,0.5833333333333334,Short
72180,1900-01-01 20:30:00,1900-01-01 21:05:00,18,0.5833333333333334,Short
72203,1900-01-01 06:15:00,1900-01-01 07:40:00,34,1.4166666666666667,Short
72204,1900-01-01 07:50:00,1900-01-01 09:15:00,35,1.4166666666666667,Short
72205,1900-01-01 10:10:00,1900-01-01 11:40:00,34,1.5,Short
72206,1900-01-01 11:50:00,1900-01-01 13:20:00,35,1.5,Short
72207,1900-01-01 14:30:00,1900-01-01 16:00:00,34,1.5,Short
72208,1900-01-01 16:15:00,1900-01-01 17:40:00,35,1.4166666666666667,Short
72209,1900-01-01 18:45:00,1900-01-01 20:05:00,34,1.3333333333333333,Short
72210,1900-01-01 20:15:00,1900-01-01 21:35:00,35,1.3333333333333333,Short
72451,1900-01-01 05:00:00,1900-01-01 09:20:00,95,4.333333333333333,Short
72452,1900-01-01 16:55:00,1900-01-01 21:25:00,95,4.5,Short
73011,1900-01-01 16:15:00,1900-01-01 18:45:00,111,2.5,Short
73012,1900-01-01 07:25:00,1900-01-01 09:55:00,111,2.5,Short
73021,1900-01-01 05:25:00,1900-01-01 07:15:00,59,1.8333333333333333,Short
73022,1900-01-01 19:30:00,1900-01-01 21:10:00,59,1.6666666666666667,Short
73031,1900-01-01 14:45:00,1900-01-01 16:35:00,65,1.8333333333333333,Short
73032,1900-01-01 10:40:00,1900-01-01 12:40:00,65,2.0,Short
73033,1900-01-01 22:30:00,1900-01-01 23:45:00,44,1.25,Short
73034,1900-01-01 05:24:00,1900-01-01 06:50:00,44,1.4333333333333333,Short
73035,1900-01-01 13:00:00,1900-01-01 16:40:00,127,3.6666666666666665,Short
73036,1900-01-01 04:30:00,1900-01-01 08:04:00,127,3.566666666666667,Short
73037,1900-01-01 03:00:00,1900-01-01 04:10:00,54,1.1666666666666667,Short
73038,1900-01-01 18:15:00,1900-01-01 19:45:00,54,1.5,Short
73151,1900-01-01 05:35:00,1900-01-01 12:35:00,261,7.0,Short
73152,1900-01-01 13:30:00,1900-01-01 20:20:00,261,6.833333333333333,Short
73211,1900-01-01 21:50:00,1900-01-01 22:55:00,10,1.0833333333333333,Short
73212,1900-01-01 04:55:00,1900-01-01 05:50:00,10,0.9166666666666666,Short
73213,1900-01-01 06:35:00,1900-01-01 08:30:00,19,1.9166666666666667,Short
73214,1900-01-01 19:20:00,1900-01-01 21:45:00,19,2.4166666666666665,Short
73215,1900-01-01 11:30:00,1900-01-01 12:20:00,6,0.8333333333333334,Short
73216,1900-01-01 15:00:00,1900-01-01 15:45:00,6,0.75,Short
73261,1900-01-01 06:30:00,1900-01-01 09:30:00,64,3.0,Short
73262,1900-01-01 12:10:00,1900-01-01 15:40:00,64,3.5,Short
73263,1900-01-01 16:45:00,1900-01-01 19:20:00,64,2.5833333333333335,Short
73264,1900-01-01 19:40:00,1900-01-01 23:05:00,64,3.4166666666666665,Short
73421,1900-01-01 07:30:00,1900-01-01 08:52:00,45,1.3666666666666667,Short
73422,1900-01-01 09:15:00,1900-01-01 10:30:00,44,1.25,Short
73425,1900-01-01 20:00:00,1900-01-01 21:25:00,45,1.4166666666666667,Short
73426,1900-01-01 22:05:00,1900-01-01 23:15:00,45,1.1666666666666667,Short
73427,1900-01-01 03:10:00,1900-01-01 04:40:00,45,1.5,Short
73428,1900-01-01 05:30:00,1900-01-01 06:48:00,45,1.3,Short
73429,1900-01-01 12:25:00,1900-01-01 13:50:00,47,1.4166666666666667,Short
73430,1900-01-01 10:38:00,1900-01-01 12:05:00,47,1.45,Short
73451,1900-01-01 07:05:00,1900-01-01 08:50:00,56,1.75,Short
73452,1900-01-01 05:00:00,1900-01-01 06:45:00,56,1.75,Short
73453,1900-01-01 15:12:00,1900-01-01 16:45:00,56,1.55,Short
73454,1900-01-01 13:00:00,1900-01-01 14:45:00,56,1.75,Short
73461,1900-01-01 10:35:00,1900-01-01 11:35:00,28,1.0,Short
73462,1900-01-01 09:15:00,1900-01-01 10:15:00,28,1.0,Short
73463,1900-01-01 18:30:00,1900-01-01 19:30:00,28,1.0,Short
73464,1900-01-01 17:10:00,1900-01-01 18:10:00,28,1.0,Short
73538,1900-01-01 14:25:00,1900-01-01 18:10:00,132,3.75,Short
73539,1900-01-01 00:00:00,1900-01-01 00:00:00,132,0.0,Short
73581,1900-01-01 10:25:00,1900-01-01 12:15:00,61,1.8333333333333333,Short
73582,1900-01-01 12:25:00,1900-01-01 14:15:00,61,1.8333333333333333,Short
73901,1900-01-01 00:00:00,1900-01-01 00:00:00,39,0.0,Short
73902,1900-01-01 00:00:00,1900-01-01 00:00:00,39,0.0,Short
73903,1900-01-01 00:00:00,1900-01-01 00:00:00,39,0.0,Short
73904,1900-01-01 00:00:00,1900-01-01 00:00:00,39,0.0,Short
73905,1900-01-01 00:00:00,1900-01-01 00:00:00,39,0.0,Short
73911,1900-01-01 00:00:00,1900-01-01 00:00:00,28,0.0,Short
73912,1900-01-01 00:00:00,1900-01-01 00:00:00,28,0.0,Short
73913,1900-01-01 00:00:00,1900-01-01 00:00:00,28,0.0,Short
73914,1900-01-01 00:00:00,1900-01-01 00:00:00,28,0.0,Short
73916,1900-01-01 00:00:00,1900-01-01 00:00:00,28,0.0,Short
74001,1900-01-01 20:05:00,1900-01-01 22:35:00,82,2.5,Short
74002,1900-01-01 17:00:00,1900-01-01 19:35:00,82,2.5833333333333335,Short
74003,1900-01-01 13:50:00,1900-01-01 16:30:00,82,2.6666666666666665,Short
74004,1900-01-01 05:30:00,1900-01-01 08:15:00,82,2.75,Short
74011,1900-01-01 20:20:00,1900-01-01 22:35:00,69,2.25,Short
74012,1900-01-01 04:15:00,1900-01-01 06:50:00,69,2.5833333333333335,Short
74013,1900-01-01 16:35:00,1900-01-01 23:20:00,246,6.75,Short
74014,1900-01-01 04:30:00,1900-01-01 11:20:00,247,6.833333333333333,Short
74015,1900-01-01 07:10:00,1900-01-01 10:10:00,138,3.0,Short
74016,1900-01-01 16:15:00,1900-01-01 19:20:00,138,3.0833333333333335,Short
74017,1900-01-01 19:50:00,1900-01-01 21:35:00,81,1.75,Short
74018,1900-01-01 05:05:00,1900-01-01 06:50:00,81,1.75,Short
74019,1900-01-01 13:30:00,1900-01-01 16:00:00,89,2.5,Short
74020,1900-01-01 10:30:00,1900-01-01 13:05:00,89,2.5833333333333335,Short
74021,1900-01-01 07:35:00,1900-01-01 12:45:00,163,5.166666666666667,Short
74022,1900-01-01 05:40:00,1900-01-01 09:20:00,93,3.6666666666666665,Short
74023,1900-01-01 20:00:00,1900-01-01 23:00:00,93,3.0,Short
74024,1900-01-01 13:15:00,1900-01-01 18:30:00,163,5.25,Short
74025,1900-01-01 04:05:00,1900-01-01 07:35:00,93,3.5,Short
74026,1900-01-01 10:00:00,1900-01-01 13:25:00,93,3.4166666666666665,Short
74027,1900-01-01 15:30:00,1900-01-01 17:45:00,54,2.25,Short
74028,1900-01-01 18:55:00,1900-01-01 21:20:00,54,2.4166666666666665,Short
74029,1900-01-01 10:45:00,1900-01-01 13:30:00,89,2.75,Short
74030,1900-01-01 06:30:00,1900-01-01 09:05:00,89,2.5833333333333335,Short
74031,1900-01-01 06:20:00,1900-01-01 06:45:00,11,0.4166666666666667,Short
74032,1900-01-01 07:00:00,1900-01-01 08:40:00,47,1.6666666666666667,Short
74033,1900-01-01 08:50:00,1900-01-01 10:25:00,47,1.5833333333333333,Short
74034,1900-01-01 10:40:00,1900-01-01 11:05:00,11,0.4166666666666667,Short
74035,1900-01-01 15:15:00,1900-01-01 15:40:00,11,0.4166666666666667,Short
74036,1900-01-01 16:15:00,1900-01-01 17:50:00,47,1.5833333333333333,Short
74037,1900-01-01 18:00:00,1900-01-01 19:35:00,47,1.5833333333333333,Short
74038,1900-01-01 19:50:00,1900-01-01 20:15:00,11,0.4166666666666667,Short
74201,1900-01-01 05:00:00,1900-01-01 10:45:00,172,5.75,Short
74202,1900-01-01 16:30:00,1900-01-01 21:25:00,172,4.916666666666667,Short
74301,1900-01-01 08:15:00,1900-01-01 10:30:00,47,2.25,Short
74302,1900-01-01 05:35:00,1900-01-01 07:35:00,47,2.0,Short
74303,1900-01-01 13:20:00,1900-01-01 15:20:00,47,2.0,Short
74304,1900-01-01 11:00:00,1900-01-01 13:00:00,47,2.0,Short
74305,1900-01-01 19:20:00,1900-01-01 21:35:00,47,2.25,Short
74306,1900-01-01 16:00:00,1900-01-01 18:30:00,47,2.5,Short
74601,1900-01-01 06:10:00,1900-01-01 07:45:00,49,1.5833333333333333,Short
74602,1900-01-01 07:55:00,1900-01-01 09:30:00,49,1.5833333333333333,Short
74603,1900-01-01 09:40:00,1900-01-01 11:15:00,49,1.5833333333333333,Short
74604,1900-01-01 11:30:00,1900-01-01 13:05:00,49,1.5833333333333333,Short
74605,1900-01-01 13:15:00,1900-01-01 14:50:00,49,1.5833333333333333,Short
74606,1900-01-01 15:05:00,1900-01-01 16:40:00,49,1.5833333333333333,Short
74607,1900-01-01 16:50:00,1900-01-01 18:25:00,49,1.5833333333333333,Short
74608,1900-01-01 18:35:00,1900-01-01 20:10:00,49,1.5833333333333333,Short
74611,1900-01-01 19:00:00,1900-01-01 21:00:00,89,2.0,Short
74612,1900-01-01 16:20:00,1900-01-01 18:20:00,89,2.0,Short
74613,1900-01-01 07:20:00,1900-01-01 08:20:00,45,1.0,Short
74614,1900-01-01 08:30:00,1900-01-01 11:35:00,134,3.0833333333333335,Short
74615,1900-01-01 11:45:00,1900-01-01 15:05:00,134,3.3333333333333335,Short
74616,1900-01-01 15:15:00,1900-01-01 16:10:00,45,0.9166666666666666,Short
74617,1900-01-01 15:15:00,1900-01-01 16:20:00,45,1.0833333333333333,Short
74618,1900-01-01 10:30:00,1900-01-01 11:30:00,45,1.0,Short
74619,1900-01-01 07:25:00,1900-01-01 10:20:00,134,2.9166666666666665,Short
74620,1900-01-01 16:35:00,1900-01-01 18:55:00,134,2.3333333333333335,Short
74621,1900-01-01 18:15:00,1900-01-01 19:15:00,45,1.0,Short
74622,1900-01-01 17:55:00,1900-01-01 18:50:00,45,0.9166666666666666,Short
74623,1900-01-01 10:40:00,1900-01-01 11:35:00,45,0.9166666666666666,Short
74624,1900-01-01 19:35:00,1900-01-01 20:40:00,45,1.0833333333333333,Short
74625,1900-01-01 06:30:00,1900-01-01 09:20:00,134,2.8333333333333335,Short
74626,1900-01-01 07:20:00,1900-01-01 10:40:00,134,3.3333333333333335,Short
74627,1900-01-01 14:45:00,1900-01-01 17:45:00,134,3.0,Short
74628,1900-01-01 09:30:00,1900-01-01 12:40:00,134,3.1666666666666665,Short
74629,1900-01-01 17:25:00,1900-01-01 20:25:00,134,3.0,Short
74630,1900-01-01 11:45:00,1900-01-01 14:35:00,134,2.8333333333333335,Short
74631,1900-01-01 10:50:00,1900-01-01 13:10:00,89,2.3333333333333335,Short
74632,1900-01-01 15:05:00,1900-01-01 17:15:00,89,2.1666666666666665,Short
74633,1900-01-01 12:55:00,1900-01-01 15:00:00,89,2.0833333333333335,Short
74634,1900-01-01 19:00:00,1900-01-01 21:05:00,89,2.0833333333333335,Short
74635,1900-01-01 08:15:00,1900-01-01 10:15:00,89,2.0,Short
74636,1900-01-01 06:00:00,1900-01-01 08:05:00,89,2.0833333333333335,Short
74637,1900-01-01 09:35:00,1900-01-01 11:55:00,89,2.3333333333333335,Short
74638,1900-01-01 07:05:00,1900-01-01 09:25:00,89,2.3333333333333335,Short
74639,1900-01-01 16:05:00,1900-01-01 18:10:00,89,2.0833333333333335,Short
74640,1900-01-01 13:50:00,1900-01-01 15:55:00,89,2.0833333333333335,Short
74641,1900-01-01 09:20:00,1900-01-01 10:55:00,68,1.5833333333333333,Short
74642,1900-01-01 19:20:00,1900-01-01 21:20:00,78,2.0,Short
74643,1900-01-01 17:10:00,1900-01-01 19:00:00,78,1.8333333333333333,Short
74644,1900-01-01 21:45:00,1900-01-01 23:55:00,78,2.1666666666666665,Short
74645,1900-01-01 14:40:00,1900-01-01 19:10:00,170,4.5,Short
74646,1900-01-01 05:00:00,1900-01-01 10:15:00,170,5.25,Short
74647,1900-01-01 20:55:00,1900-01-01 22:20:00,56,1.4166666666666667,Short
74648,1900-01-01 19:40:00,1900-01-01 22:25:00,77,2.75,Short
74651,1900-01-01 04:20:00,1900-01-01 05:50:00,53,1.5,Short
74652,1900-01-01 06:05:00,1900-01-01 07:30:00,45,1.4166666666666667,Short
74653,1900-01-01 09:57:00,1900-01-01 11:15:00,45,1.3,Short
74654,1900-01-01 11:20:00,1900-01-01 12:45:00,45,1.4166666666666667,Short
74655,1900-01-01 13:43:00,1900-01-01 15:05:00,45,1.3666666666666667,Short
74656,1900-01-01 15:20:00,1900-01-01 16:45:00,45,1.4166666666666667,Short
74657,1900-01-01 17:32:00,1900-01-01 18:50:00,45,1.3,Short
74658,1900-01-01 19:15:00,1900-01-01 21:05:00,53,1.8333333333333333,Short
74661,1900-01-01 07:30:00,1900-01-01 08:10:00,25,0.6666666666666666,Short
74662,1900-01-01 08:20:00,1900-01-01 09:05:00,25,0.75,Short
74663,1900-01-01 18:20:00,1900-01-01 19:00:00,25,0.6666666666666666,Short
74664,1900-01-01 19:10:00,1900-01-01 20:00:00,25,0.8333333333333334,Short
74671,1900-01-01 12:15:00,1900-01-01 15:40:00,106,3.4166666666666665,Short
74672,1900-01-01 04:15:00,1900-01-01 07:20:00,106,3.0833333333333335,Short
74673,1900-01-01 15:12:00,1900-01-01 18:10:00,98,2.966666666666667,Short
74674,1900-01-01 12:05:00,1900-01-01 14:35:00,98,2.5,Short
74675,1900-01-01 20:25:00,1900-01-01 23:10:00,106,2.75,Short
74676,1900-01-01 18:40:00,1900-01-01 21:35:00,106,2.9166666666666665,Short
74681,1900-01-01 06:40:00,1900-01-01 08:55:00,77,2.25,Short
74682,1900-01-01 04:20:00,1900-01-01 06:30:00,77,2.1666666666666665,Short
74683,1900-01-01 11:20:00,1900-01-01 13:20:00,72,2.0,Short
74684,1900-01-01 09:10:00,1900-01-01 11:15:00,77,2.0833333333333335,Short
74685,1900-01-01 15:45:00,1900-01-01 17:50:00,72,2.0833333333333335,Short
74686,1900-01-01 13:47:00,1900-01-01 15:40:00,72,1.8833333333333333,Short
74687,1900-01-01 20:15:00,1900-01-01 22:25:00,77,2.1666666666666665,Short
74688,1900-01-01 18:17:00,1900-01-01 20:10:00,72,1.8833333333333333,Short
74691,1900-01-01 13:10:00,1900-01-01 15:00:00,58,1.8333333333333333,Short
74692,1900-01-01 15:35:00,1900-01-01 18:10:00,58,2.5833333333333335,Short
74801,1900-01-01 05:45:00,1900-01-01 06:20:00,14,0.5833333333333334,Short
74802,1900-01-01 00:00:00,1900-01-01 00:00:00,14,0.0,Short
74803,1900-01-01 08:20:00,1900-01-01 08:50:00,14,0.5,Short
74804,1900-01-01 07:40:00,1900-01-01 08:10:00,14,0.5,Short
74805,1900-01-01 09:45:00,1900-01-01 10:15:00,14,0.5,Short
74806,1900-01-01 09:10:00,1900-01-01 09:40:00,14,0.5,Short
74807,1900-01-01 11:40:00,1900-01-01 12:10:00,14,0.5,Short
74808,1900-01-01 11:00:00,1900-01-01 11:30:00,14,0.5,Short
74809,1900-01-01 14:55:00,1900-01-01 15:25:00,14,0.5,Short
74810,1900-01-01 14:15:00,1900-01-01 14:45:00,14,0.5,Short
74811,1900-01-01 16:45:00,1900-01-01 17:15:00,14,0.5,Short
74812,1900-01-01 16:10:00,1900-01-01 16:40:00,14,0.5,Short
74813,1900-01-01 18:45:00,1900-01-01 19:15:00,14,0.5,Short
74814,1900-01-01 18:05:00,1900-01-01 18:35:00,14,0.5,Short
74815,1900-01-01 20:30:00,1900-01-01 21:00:00,14,0.5,Short
74816,1900-01-01 19:50:00,1900-01-01 20:20:00,14,0.5,Short
74817,1900-01-01 22:25:00,1900-01-01 22:55:00,14,0.5,Short
74818,1900-01-01 21:45:00,1900-01-01 22:15:00,14,0.5,Short
74831,1900-01-01 10:00:00,1900-01-01 14:25:00,185,4.416666666666667,Short
74832,1900-01-01 13:55:00,1900-01-01 17:35:00,185,3.6666666666666665,Short
74833,1900-01-01 18:30:00,1900-01-01 01:00:00,313,6.5,Medium
74834,1900-01-01 02:50:00,1900-01-01 09:10:00,313,6.333333333333333,Medium
74835,1900-01-01 11:30:00,1900-01-01 22:35:00,471,11.083333333333334,Medium
74836,1900-01-01 05:15:00,1900-01-01 16:30:00,471,11.25,Medium
74837,1900-01-01 17:15:00,1900-01-01 03:50:00,348,10.583333333333334,Medium
74838,1900-01-01 04:15:00,1900-01-01 13:00:00,348,8.75,Medium
74839,1900-01-01 00:00:00,1900-01-01 00:00:00,208,0.0,Short
74840,1900-01-01 00:30:00,1900-01-01 05:15:00,209,4.75,Short
74841,1900-01-01 06:20:00,1900-01-01 13:45:00,302,7.416666666666667,Medium
74842,1900-01-01 14:35:00,1900-01-01 22:00:00,303,7.416666666666667,Medium
74843,1900-01-01 22:30:00,1900-01-01 03:30:00,208,5.0,Short
74844,1900-01-01 04:15:00,1900-01-01 09:05:00,209,4.833333333333333,Short
74845,1900-01-01 07:30:00,1900-01-01 12:35:00,211,5.083333333333333,Short
74846,1900-01-01 13:50:00,1900-01-01 19:05:00,211,5.25,Short
74847,1900-01-01 19:20:00,1900-01-01 00:20:00,211,5.0,Short
74848,1900-01-01 01:35:00,1900-01-01 06:55:00,211,5.333333333333333,Short
74849,1900-01-01 08:45:00,1900-01-01 10:00:00,48,1.25,Short
74850,1900-01-01 10:15:00,1900-01-01 11:25:00,47,1.1666666666666667,Short
74851,1900-01-01 13:05:00,1900-01-01 14:20:00,48,1.25,Short
74852,1900-01-01 14:40:00,1900-01-01 15:50:00,47,1.1666666666666667,Short
74853,1900-01-01 16:55:00,1900-01-01 18:10:00,48,1.25,Short
74854,1900-01-01 18:25:00,1900-01-01 19:35:00,47,1.1666666666666667,Short
74855,1900-01-01 05:40:00,1900-01-01 08:15:00,142,2.5833333333333335,Short
74856,1900-01-01 19:55:00,1900-01-01 23:00:00,142,3.0833333333333335,Short
74857,1900-01-01 07:30:00,1900-01-01 09:35:00,90,2.0833333333333335,Short
74858,1900-01-01 17:40:00,1900-01-01 19:45:00,90,2.0833333333333335,Short
74901,1900-01-01 08:50:00,1900-01-01 11:45:00,115,2.9166666666666665,Short
74902,1900-01-01 05:35:00,1900-01-01 08:35:00,115,3.0,Short
74903,1900-01-01 18:35:00,1900-01-01 21:25:00,115,2.8333333333333335,Short
74904,1900-01-01 17:25:00,1900-01-01 20:35:00,115,3.1666666666666665,Short
74906,1900-01-01 08:15:00,1900-01-01 09:45:00,53,1.5,Short
74907,1900-01-01 17:30:00,1900-01-01 19:05:00,53,1.5833333333333333,Short
74909,1900-01-01 04:45:00,1900-01-01 09:30:00,152,4.75,Short
74910,1900-01-01 15:35:00,1900-01-01 19:40:00,152,4.083333333333333,Short
74911,1900-01-01 04:00:00,1900-01-01 05:20:00,42,1.3333333333333333,Short
74912,1900-01-01 03:20:00,1900-01-01 04:35:00,42,1.25,Short
74913,1900-01-01 07:55:00,1900-01-01 09:10:00,42,1.25,Short
74914,1900-01-01 06:35:00,1900-01-01 07:45:00,42,1.1666666666666667,Short
74915,1900-01-01 14:45:00,1900-01-01 15:55:00,42,1.1666666666666667,Short
74916,1900-01-01 16:30:00,1900-01-01 17:30:00,42,1.0,Short
74917,1900-01-01 17:35:00,1900-01-01 18:40:00,42,1.0833333333333333,Short
74918,1900-01-01 18:55:00,1900-01-01 20:10:00,42,1.25,Short
74919,1900-01-01 20:20:00,1900-01-01 21:30:00,42,1.1666666666666667,Short
74920,1900-01-01 21:20:00,1900-01-01 22:45:00,42,1.4166666666666667,Short
74923,1900-01-01 04:50:00,1900-01-01 08:35:00,121,3.75,Short
74924,1900-01-01 11:40:00,1900-01-01 14:35:00,111,2.9166666666666665,Short
74931,1900-01-01 05:00:00,1900-01-01 08:20:00,117,3.3333333333333335,Short
74932,1900-01-01 03:05:00,1900-01-01 06:00:00,117,2.9166666666666665,Short
74933,1900-01-01 06:40:00,1900-01-01 09:45:00,117,3.0833333333333335,Short
74934,1900-01-01 04:55:00,1900-01-01 08:30:00,117,3.5833333333333335,Short
74935,1900-01-01 08:55:00,1900-01-01 12:35:00,117,3.6666666666666665,Short
74936,1900-01-01 13:20:00,1900-01-01 16:40:00,117,3.3333333333333335,Short
74937,1900-01-01 17:35:00,1900-01-01 20:45:00,117,3.1666666666666665,Short
74938,1900-01-01 15:10:00,1900-01-01 18:25:00,117,3.25,Short
74939,1900-01-01 21:40:00,1900-01-01 00:35:00,117,2.916666666666668,Short
74940,1900-01-01 17:40:00,1900-01-01 20:40:00,117,3.0,Short
74941,1900-01-01 07:10:00,1900-01-01 08:10:00,31,1.0,Short
74942,1900-01-01 06:00:00,1900-01-01 07:00:00,31,1.0,Short
74943,1900-01-01 10:00:00,1900-01-01 11:00:00,31,1.0,Short
74944,1900-01-01 08:50:00,1900-01-01 09:50:00,31,1.0,Short
74945,1900-01-01 16:00:00,1900-01-01 17:00:00,31,1.0,Short
74946,1900-01-01 14:50:00,1900-01-01 15:50:00,31,1.0,Short
74947,1900-01-01 18:25:00,1900-01-01 19:25:00,31,1.0,Short
74948,1900-01-01 17:15:00,1900-01-01 18:15:00,31,1.0,Short
74951,1900-01-01 10:25:00,1900-01-01 13:45:00,87,3.3333333333333335,Short
74952,1900-01-01 06:55:00,1900-01-01 10:10:00,87,3.25,Short
74953,1900-01-01 17:05:00,1900-01-01 20:10:00,87,3.0833333333333335,Short
74954,1900-01-01 14:00:00,1900-01-01 16:55:00,87,2.9166666666666665,Short
74961,1900-01-01 05:00:00,1900-01-01 08:20:00,123,3.3333333333333335,Short
74962,1900-01-01 08:45:00,1900-01-01 12:15:00,123,3.5,Short
74963,1900-01-01 13:20:00,1900-01-01 16:50:00,123,3.5,Short
74964,1900-01-01 18:20:00,1900-01-01 21:45:00,123,3.4166666666666665,Short
74965,1900-01-01 05:25:00,1900-01-01 07:35:00,77,2.1666666666666665,Short
74966,1900-01-01 08:10:00,1900-01-01 10:10:00,77,2.0,Short
74967,1900-01-01 10:20:00,1900-01-01 12:30:00,77,2.1666666666666665,Short
74968,1900-01-01 12:40:00,1900-01-01 14:40:00,77,2.0,Short
74969,1900-01-01 15:00:00,1900-01-01 17:10:00,77,2.1666666666666665,Short
74970,1900-01-01 17:20:00,1900-01-01 19:35:00,77,2.25,Short
74971,1900-01-01 08:40:00,1900-01-01 10:45:00,88,2.0833333333333335,Short
74972,1900-01-01 06:10:00,1900-01-01 08:30:00,88,2.3333333333333335,Short
74973,1900-01-01 10:15:00,1900-01-01 12:35:00,88,2.3333333333333335,Short
74974,1900-01-01 10:55:00,1900-01-01 13:05:00,88,2.1666666666666665,Short
74975,1900-01-01 13:15:00,1900-01-01 15:55:00,88,2.6666666666666665,Short
74976,1900-01-01 12:45:00,1900-01-01 14:55:00,88,2.1666666666666665,Short
74977,1900-01-01 17:40:00,1900-01-01 19:55:00,88,2.25,Short
74978,1900-01-01 15:00:00,1900-01-01 17:25:00,88,2.4166666666666665,Short
74981,1900-01-01 04:00:00,1900-01-01 06:00:00,80,2.0,Short
74982,1900-01-01 10:30:00,1900-01-01 12:30:00,80,2.0,Short
74983,1900-01-01 12:50:00,1900-01-01 14:45:00,80,1.9166666666666667,Short
74984,1900-01-01 20:05:00,1900-01-01 22:00:00,80,1.9166666666666667,Short
74985,1900-01-01 07:10:00,1900-01-01 10:15:00,122,3.0833333333333335,Short
74986,1900-01-01 03:00:00,1900-01-01 05:45:00,122,2.75,Short
74987,1900-01-01 21:20:00,1900-01-01 23:55:00,122,2.5833333333333335,Short
74988,1900-01-01 16:10:00,1900-01-01 19:30:00,122,3.3333333333333335,Short
74991,1900-01-01 14:20:00,1900-01-01 19:50:00,215,5.5,Short
74992,1900-01-01 06:00:00,1900-01-01 13:10:00,215,7.166666666666667,Short
74993,1900-01-01 12:25:00,1900-01-01 13:35:00,41,1.1666666666666667,Short
74994,1900-01-01 10:30:00,1900-01-01 11:25:00,41,0.9166666666666666,Short
75002,1900-01-01 02:40:00,1900-01-01 08:55:00,220,6.25,Short
75003,1900-01-01 09:50:00,1900-01-01 12:55:00,112,3.0833333333333335,Short
75004,1900-01-01 13:15:00,1900-01-01 16:55:00,112,3.6666666666666665,Short
75005,1900-01-01 17:45:00,1900-01-01 00:45:00,221,7.0,Short
75007,1900-01-01 16:00:00,1900-01-01 22:00:00,220,6.0,Short
75008,1900-01-01 08:20:00,1900-01-01 14:50:00,220,6.5,Short
75009,1900-01-01 11:00:00,1900-01-01 14:20:00,127,3.3333333333333335,Short
75010,1900-01-01 14:50:00,1900-01-01 17:10:00,98,2.3333333333333335,Short
75011,1900-01-01 18:00:00,1900-01-01 22:10:00,138,4.166666666666667,Short
75012,1900-01-01 05:10:00,1900-01-01 10:15:00,166,5.083333333333333,Short
75013,1900-01-01 06:15:00,1900-01-01 09:15:00,81,3.0,Short
75014,1900-01-01 09:45:00,1900-01-01 12:55:00,81,3.1666666666666665,Short
75015,1900-01-01 13:50:00,1900-01-01 17:15:00,81,3.4166666666666665,Short
75016,1900-01-01 18:40:00,1900-01-01 21:45:00,81,3.0833333333333335,Short
75101,1900-01-01 04:45:00,1900-01-01 08:20:00,136,3.5833333333333335,Short
75102,1900-01-01 17:40:00,1900-01-01 21:30:00,136,3.8333333333333335,Short
75103,1900-01-01 00:00:00,1900-01-01 00:00:00,126,0.0,Short
75104,1900-01-01 09:00:00,1900-01-01 13:05:00,117,4.083333333333333,Short
75105,1900-01-01 13:25:00,1900-01-01 20:25:00,214,7.0,Short
75106,1900-01-01 05:45:00,1900-01-01 12:30:00,214,6.75,Short
75107,1900-01-01 16:40:00,1900-01-01 20:25:00,118,3.75,Short
75109,1900-01-01 13:25:00,1900-01-01 15:55:00,88,2.5,Short
75111,1900-01-01 08:05:00,1900-01-01 13:20:00,154,5.25,Short
75112,1900-01-01 13:35:00,1900-01-01 19:10:00,156,5.583333333333333,Short
75113,1900-01-01 05:35:00,1900-01-01 10:25:00,156,4.833333333333333,Short
75114,1900-01-01 13:50:00,1900-01-01 19:55:00,156,6.083333333333333,Short
75115,1900-01-01 04:15:00,1900-01-01 10:20:00,203,6.083333333333333,Short
75116,1900-01-01 00:00:00,1900-01-01 00:00:00,203,0.0,Short
75201,1900-01-01 07:20:00,1900-01-01 08:55:00,53,1.5833333333333333,Short
75202,1900-01-01 09:25:00,1900-01-01 11:30:00,53,2.0833333333333335,Short
75207,1900-01-01 04:45:00,1900-01-01 11:00:00,169,6.25,Short
75208,1900-01-01 12:00:00,1900-01-01 17:40:00,169,5.666666666666667,Short
75209,1900-01-01 13:45:00,1900-01-01 18:15:00,105,4.5,Short
75210,1900-01-01 21:15:00,1900-01-01 01:00:00,105,3.75,Short
75211,1900-01-01 19:30:00,1900-01-01 23:40:00,111,4.166666666666667,Short
75212,1900-01-01 03:20:00,1900-01-01 07:55:00,111,4.583333333333333,Short
75213,1900-01-01 23:55:00,1900-01-01 01:30:00,29,1.5833333333333321,Short
75214,1900-01-01 02:45:00,1900-01-01 03:45:00,29,1.0,Short
75221,1900-01-01 15:00:00,1900-01-01 17:45:00,53,2.75,Short
75222,1900-01-01 18:15:00,1900-01-01 20:20:00,53,2.0833333333333335,Short
75225,1900-01-01 03:40:00,1900-01-01 10:15:00,187,6.583333333333333,Short
75226,1900-01-01 17:30:00,1900-01-01 23:30:00,187,6.0,Short
75227,1900-01-01 17:11:00,1900-01-01 23:30:00,187,6.316666666666666,Short
75228,1900-01-01 04:05:00,1900-01-01 09:05:00,150,5.0,Short
75229,1900-01-01 10:15:00,1900-01-01 15:15:00,150,5.0,Short
75230,1900-01-01 09:30:00,1900-01-01 16:05:00,187,6.583333333333333,Short
75231,1900-01-01 09:35:00,1900-01-01 13:50:00,129,4.25,Short
75232,1900-01-01 15:35:00,1900-01-01 21:00:00,129,5.416666666666667,Short
75233,1900-01-01 10:45:00,1900-01-01 13:15:00,82,2.5,Short
75234,1900-01-01 13:55:00,1900-01-01 16:30:00,82,2.5833333333333335,Short
75235,1900-01-01 17:05:00,1900-01-01 19:40:00,87,2.5833333333333335,Short
75236,1900-01-01 05:40:00,1900-01-01 09:20:00,87,3.6666666666666665,Short
75237,1900-01-01 21:55:00,1900-01-01 01:45:00,159,3.833333333333332,Short
75238,1900-01-01 03:00:00,1900-01-01 07:40:00,159,4.666666666666667,Short
75253,1900-01-01 08:35:00,1900-01-01 09:50:00,37,1.25,Short
75254,1900-01-01 08:05:00,1900-01-01 09:40:00,37,1.5833333333333333,Short
75255,1900-01-01 11:50:00,1900-01-01 16:00:00,132,4.166666666666667,Short
75256,1900-01-01 16:45:00,1900-01-01 21:00:00,132,4.25,Short
75271,1900-01-01 07:30:00,1900-01-01 10:30:00,97,3.0,Short
75272,1900-01-01 11:00:00,1900-01-01 13:45:00,97,2.75,Short
75273,1900-01-01 14:15:00,1900-01-01 17:15:00,97,3.0,Short
75274,1900-01-01 17:45:00,1900-01-01 20:45:00,97,3.0,Short
75279,1900-01-01 22:25:00,1900-01-01 23:45:00,54,1.3333333333333333,Short
75280,1900-01-01 05:15:00,1900-01-01 07:57:00,54,2.7,Short
75707,1900-01-01 06:15:00,1900-01-01 12:05:00,217,5.833333333333333,Short
75708,1900-01-01 17:00:00,1900-01-01 22:45:00,217,5.75,Short
75713,1900-01-01 15:45:00,1900-01-01 20:45:00,181,5.0,Short
75714,1900-01-01 06:30:00,1900-01-01 11:30:00,181,5.0,Short
75715,1900-01-01 05:00:00,1900-01-01 11:15:00,210,6.25,Short
75716,1900-01-01 12:30:00,1900-01-01 19:10:00,210,6.666666666666667,Short
75717,1900-01-01 16:15:00,1900-01-01 22:00:00,183,5.75,Short
75718,1900-01-01 05:00:00,1900-01-01 11:05:00,183,6.083333333333333,Short
75719,1900-01-01 08:45:00,1900-01-01 15:45:00,251,7.0,Short
75720,1900-01-01 10:15:00,1900-01-01 17:15:00,251,7.0,Short
75721,1900-01-01 17:15:00,1900-01-01 19:20:00,63,2.0833333333333335,Short
75722,1900-01-01 07:45:00,1900-01-01 10:00:00,64,2.25,Short
75723,1900-01-01 05:15:00,1900-01-01 09:25:00,208,4.166666666666667,Short
75724,1900-01-01 17:00:00,1900-01-01 21:25:00,208,4.416666666666667,Short
75727,1900-01-01 09:45:00,1900-01-01 12:10:00,100,2.4166666666666665,Short
75728,1900-01-01 13:20:00,1900-01-01 16:00:00,100,2.6666666666666665,Short
75729,1900-01-01 16:30:00,1900-01-01 21:00:00,167,4.5,Short
75730,1900-01-01 06:00:00,1900-01-01 10:25:00,166,4.416666666666667,Short
75733,1900-01-01 08:20:00,1900-01-01 09:50:00,33,1.5,Short
75734,1900-01-01 00:00:00,1900-01-01 00:00:00,33,0.0,Short
75735,1900-01-01 12:15:00,1900-01-01 13:45:00,33,1.5,Short
75736,1900-01-01 10:20:00,1900-01-01 11:50:00,33,1.5,Short
75737,1900-01-01 16:15:00,1900-01-01 17:45:00,33,1.5,Short
75738,1900-01-01 14:15:00,1900-01-01 15:45:00,33,1.5,Short
75739,1900-01-01 20:25:00,1900-01-01 21:55:00,33,1.5,Short
75740,1900-01-01 18:30:00,1900-01-01 19:55:00,33,1.4166666666666667,Short
75743,1900-01-01 18:15:00,1900-01-01 00:10:00,204,5.916666666666668,Short
75744,1900-01-01 04:00:00,1900-01-01 10:05:00,204,6.083333333333333,Short
75745,1900-01-01 11:30:00,1900-01-01 14:25:00,107,2.9166666666666665,Short
75746,1900-01-01 15:20:00,1900-01-01 18:20:00,108,3.0,Short
75747,1900-01-01 21:15:00,1900-01-01 22:45:00,40,1.5,Short
75748,1900-01-01 03:45:00,1900-01-01 05:05:00,40,1.3333333333333333,Short
75749,1900-01-01 08:20:00,1900-01-01 10:45:00,61,2.4166666666666665,Short
75750,1900-01-01 15:00:00,1900-01-01 17:10:00,61,2.1666666666666665,Short
75901,1900-01-01 05:00:00,1900-01-01 06:30:00,54,1.5,Short
75902,1900-01-01 07:00:00,1900-01-01 10:15:00,101,3.25,Short
75903,1900-01-01 17:45:00,1900-01-01 21:00:00,101,3.25,Short
75904,1900-01-01 21:20:00,1900-01-01 22:35:00,54,1.25,Short
75905,1900-01-01 05:20:00,1900-01-01 06:40:00,47,1.3333333333333333,Short
75906,1900-01-01 07:05:00,1900-01-01 10:20:00,101,3.25,Short
75907,1900-01-01 17:45:00,1900-01-01 21:10:00,101,3.4166666666666665,Short
75908,1900-01-01 21:30:00,1900-01-01 22:45:00,47,1.25,Short
75911,1900-01-01 06:35:00,1900-01-01 08:00:00,40,1.4166666666666667,Short
75912,1900-01-01 08:20:00,1900-01-01 09:45:00,39,1.4166666666666667,Short
76501,1900-01-01 06:35:00,1900-01-01 07:05:00,17,0.5,Short
76502,1900-01-01 06:00:00,1900-01-01 06:30:00,17,0.5,Short
76503,1900-01-01 13:10:00,1900-01-01 13:40:00,17,0.5,Short
76504,1900-01-01 13:45:00,1900-01-01 14:30:00,17,0.75,Short
76505,1900-01-01 17:55:00,1900-01-01 20:15:00,81,2.3333333333333335,Short
76506,1900-01-01 07:15:00,1900-01-01 09:40:00,81,2.4166666666666665,Short
76507,1900-01-01 11:40:00,1900-01-01 13:05:00,64,1.4166666666666667,Short
76508,1900-01-01 15:30:00,1900-01-01 17:35:00,68,2.0833333333333335,Short
76523,1900-01-01 14:55:00,1900-01-01 16:30:00,62,1.5833333333333333,Short
76524,1900-01-01 17:50:00,1900-01-01 19:20:00,61,1.5,Short
76525,1900-01-01 16:15:00,1900-01-01 21:00:00,201,4.75,Short
76526,1900-01-01 06:00:00,1900-01-01 11:05:00,201,5.083333333333333,Short
76551,1900-01-01 08:30:00,1900-01-01 13:00:00,157,4.5,Short
76552,1900-01-01 13:45:00,1900-01-01 18:00:00,157,4.25,Short
76553,1900-01-01 18:30:00,1900-01-01 21:40:00,150,3.1666666666666665,Short
76554,1900-01-01 05:00:00,1900-01-01 08:10:00,150,3.1666666666666665,Short
76800,1900-01-01 11:55:00,1900-01-01 12:50:00,26,0.9166666666666666,Short
76803,1900-01-01 05:45:00,1900-01-01 06:40:00,26,0.9166666666666666,Short
76804,1900-01-01 16:50:00,1900-01-01 17:45:00,26,0.9166666666666666,Short
76805,1900-01-01 06:30:00,1900-01-01 09:10:00,93,2.6666666666666665,Short
76806,1900-01-01 17:30:00,1900-01-01 20:00:00,93,2.5,Short
76807,1900-01-01 10:05:00,1900-01-01 13:20:00,150,3.25,Short
76808,1900-01-01 14:00:00,1900-01-01 17:15:00,150,3.25,Short
76812,1900-01-01 06:00:00,1900-01-01 09:15:00,94,3.25,Short
76813,1900-01-01 09:30:00,1900-01-01 10:35:00,28,1.0833333333333333,Short
76814,1900-01-01 10:50:00,1900-01-01 11:15:00,10,0.4166666666666667,Short
76815,1900-01-01 17:50:00,1900-01-01 20:50:00,94,3.0,Short
76817,1900-01-01 11:25:00,1900-01-01 11:50:00,10,0.4166666666666667,Short
76818,1900-01-01 16:00:00,1900-01-01 17:30:00,27,1.5,Short
76820,1900-01-01 01:10:00,1900-01-01 02:30:00,49,1.3333333333333333,Short
76821,1900-01-01 06:40:00,1900-01-01 08:10:00,49,1.5,Short
76822,1900-01-01 08:30:00,1900-01-01 09:50:00,49,1.3333333333333333,Short
76823,1900-01-01 05:40:00,1900-01-01 07:05:00,49,1.4166666666666667,Short
76824,1900-01-01 12:10:00,1900-01-01 13:30:00,49,1.3333333333333333,Short
76825,1900-01-01 18:00:00,1900-01-01 19:50:00,70,1.8333333333333333,Short
76826,1900-01-01 11:15:00,1900-01-01 13:10:00,70,1.9166666666666667,Short
76827,1900-01-01 14:05:00,1900-01-01 15:35:00,49,1.5,Short
76828,1900-01-01 20:30:00,1900-01-01 21:55:00,49,1.4166666666666667,Short
76829,1900-01-01 19:55:00,1900-01-01 21:20:00,49,1.4166666666666667,Short
76830,1900-01-01 06:50:00,1900-01-01 09:10:00,89,2.3333333333333335,Short
76831,1900-01-01 18:15:00,1900-01-01 20:20:00,89,2.0833333333333335,Short
76833,1900-01-01 09:35:00,1900-01-01 11:35:00,75,2.0,Short
76834,1900-01-01 15:30:00,1900-01-01 17:35:00,75,2.0833333333333335,Short
76835,1900-01-01 18:15:00,1900-01-01 20:25:00,75,2.1666666666666665,Short
76836,1900-01-01 07:00:00,1900-01-01 09:15:00,75,2.25,Short
76837,1900-01-01 18:00:00,1900-01-01 21:35:00,127,3.5833333333333335,Short
76838,1900-01-01 06:40:00,1900-01-01 09:35:00,127,2.9166666666666665,Short
76839,1900-01-01 15:45:00,1900-01-01 17:55:00,89,2.1666666666666665,Short
76840,1900-01-01 09:50:00,1900-01-01 11:50:00,89,2.0,Short
76841,1900-01-01 06:15:00,1900-01-01 11:00:00,180,4.75,Short
76842,1900-01-01 15:40:00,1900-01-01 20:30:00,180,4.833333333333333,Short
76845,1900-01-01 06:00:00,1900-01-01 09:00:00,122,3.0,Short
76846,1900-01-01 18:15:00,1900-01-01 21:40:00,122,3.4166666666666665,Short
76847,1900-01-01 06:00:00,1900-01-01 09:05:00,139,3.0833333333333335,Short
76848,1900-01-01 18:40:00,1900-01-01 22:00:00,139,3.3333333333333335,Short
76849,1900-01-01 13:40:00,1900-01-01 16:50:00,139,3.1666666666666665,Short
76850,1900-01-01 09:50:00,1900-01-01 12:50:00,139,3.0,Short
76851,1900-01-01 06:35:00,1900-01-01 11:40:00,145,5.083333333333333,Short
76852,1900-01-01 16:30:00,1900-01-01 20:50:00,145,4.333333333333333,Short
76853,1900-01-01 15:10:00,1900-01-01 19:30:00,134,4.333333333333333,Short
76854,1900-01-01 10:10:00,1900-01-01 14:10:00,134,4.0,Short
77201,1900-01-01 02:50:00,1900-01-01 03:55:00,44,1.0833333333333333,Short
77202,1900-01-01 04:30:00,1900-01-01 07:25:00,94,2.9166666666666665,Short
77203,1900-01-01 07:50:00,1900-01-01 11:15:00,94,3.4166666666666665,Short
77204,1900-01-01 15:45:00,1900-01-01 18:55:00,94,3.1666666666666665,Short
77205,1900-01-01 15:55:00,1900-01-01 17:05:00,30,1.1666666666666667,Short
77206,1900-01-01 21:15:00,1900-01-01 01:15:00,109,4.0,Short
77207,1900-01-01 03:35:00,1900-01-01 05:55:00,81,2.3333333333333335,Short
77208,1900-01-01 02:55:00,1900-01-01 05:50:00,80,2.9166666666666665,Short
77209,1900-01-01 08:50:00,1900-01-01 09:55:00,36,1.0833333333333333,Short
77211,1900-01-01 12:55:00,1900-01-01 13:50:00,36,0.9166666666666666,Short
77212,1900-01-01 07:15:00,1900-01-01 09:45:00,81,2.5,Short
77213,1900-01-01 14:05:00,1900-01-01 15:30:00,44,1.4166666666666667,Short
77214,1900-01-01 11:25:00,1900-01-01 12:50:00,44,1.4166666666666667,Short
77215,1900-01-01 16:10:00,1900-01-01 18:40:00,81,2.5,Short
77216,1900-01-01 14:30:00,1900-01-01 15:35:00,36,1.0833333333333333,Short
77218,1900-01-01 17:20:00,1900-01-01 20:05:00,81,2.75,Short
77219,1900-01-01 20:35:00,1900-01-01 22:00:00,36,1.4166666666666667,Short
77220,1900-01-01 19:20:00,1900-01-01 20:25:00,36,1.0833333333333333,Short
77221,1900-01-01 06:15:00,1900-01-01 07:15:00,32,1.0,Short
77222,1900-01-01 07:25:00,1900-01-01 09:05:00,59,1.6666666666666667,Short
77223,1900-01-01 09:15:00,1900-01-01 10:55:00,59,1.6666666666666667,Short
77224,1900-01-01 11:05:00,1900-01-01 12:50:00,59,1.75,Short
77225,1900-01-01 13:00:00,1900-01-01 14:00:00,33,1.0,Short
77226,1900-01-01 14:15:00,1900-01-01 15:15:00,33,1.0,Short
77227,1900-01-01 15:25:00,1900-01-01 16:25:00,33,1.0,Short
77228,1900-01-01 16:35:00,1900-01-01 17:35:00,33,1.0,Short
77229,1900-01-01 17:45:00,1900-01-01 19:50:00,59,2.0833333333333335,Short
77230,1900-01-01 20:10:00,1900-01-01 21:35:00,32,1.4166666666666667,Short
77231,1900-01-01 07:15:00,1900-01-01 10:50:00,109,3.5833333333333335,Short
77232,1900-01-01 05:25:00,1900-01-01 07:45:00,65,2.3333333333333335,Short
77233,1900-01-01 11:20:00,1900-01-01 12:20:00,29,1.0,Short
77234,1900-01-01 10:15:00,1900-01-01 11:20:00,36,1.0833333333333333,Short
77235,1900-01-01 16:00:00,1900-01-01 17:05:00,36,1.0833333333333333,Short
77237,1900-01-01 07:30:00,1900-01-01 09:55:00,70,2.4166666666666665,Short
77238,1900-01-01 12:15:00,1900-01-01 14:35:00,68,2.3333333333333335,Short
77239,1900-01-01 15:50:00,1900-01-01 17:25:00,47,1.5833333333333333,Short
77240,1900-01-01 18:25:00,1900-01-01 19:50:00,46,1.4166666666666667,Short
77241,1900-01-01 19:45:00,1900-01-01 23:05:00,99,3.3333333333333335,Short
77242,1900-01-01 04:25:00,1900-01-01 07:10:00,68,2.75,Short
77243,1900-01-01 17:15:00,1900-01-01 19:40:00,49,2.4166666666666665,Short
77244,1900-01-01 21:45:00,1900-01-01 23:15:00,46,1.5,Short
77245,1900-01-01 21:10:00,1900-01-01 21:55:00,25,0.75,Short
77246,1900-01-01 22:40:00,1900-01-01 23:40:00,33,1.0,Short
77247,1900-01-01 04:00:00,1900-01-01 05:00:00,33,1.0,Short
77248,1900-01-01 05:10:00,1900-01-01 09:45:00,169,4.583333333333333,Short
77249,1900-01-01 10:05:00,1900-01-01 13:40:00,143,3.5833333333333335,Short
77250,1900-01-01 14:00:00,1900-01-01 14:45:00,25,0.75,Short
77251,1900-01-01 08:00:00,1900-01-01 11:45:00,141,3.75,Short
77252,1900-01-01 15:15:00,1900-01-01 18:55:00,144,3.6666666666666665,Short
77253,1900-01-01 12:10:00,1900-01-01 16:45:00,145,4.583333333333333,Short
77254,1900-01-01 10:00:00,1900-01-01 13:50:00,146,3.8333333333333335,Short
77255,1900-01-01 08:00:00,1900-01-01 11:10:00,142,3.1666666666666665,Short
77256,1900-01-01 11:30:00,1900-01-01 14:30:00,144,3.0,Short
77257,1900-01-01 18:00:00,1900-01-01 22:00:00,83,4.0,Short
77258,1900-01-01 19:10:00,1900-01-01 22:40:00,83,3.5,Short
77259,1900-01-01 04:45:00,1900-01-01 07:55:00,148,3.1666666666666665,Short
77260,1900-01-01 14:35:00,1900-01-01 19:30:00,148,4.916666666666667,Short
77261,1900-01-01 08:30:00,1900-01-01 11:35:00,81,3.0833333333333335,Short
77262,1900-01-01 11:50:00,1900-01-01 14:10:00,81,2.3333333333333335,Short
77263,1900-01-01 17:00:00,1900-01-01 18:25:00,44,1.4166666666666667,Short
77264,1900-01-01 18:40:00,1900-01-01 22:00:00,94,3.3333333333333335,Short
77265,1900-01-01 04:20:00,1900-01-01 06:45:00,76,2.4166666666666665,Short
77266,1900-01-01 07:30:00,1900-01-01 08:50:00,46,1.3333333333333333,Short
77267,1900-01-01 15:40:00,1900-01-01 17:35:00,65,1.9166666666666667,Short
77268,1900-01-01 19:00:00,1900-01-01 20:30:00,44,1.5,Short
77269,1900-01-01 21:40:00,1900-01-01 00:10:00,81,2.5,Short
77270,1900-01-01 04:30:00,1900-01-01 07:15:00,81,2.75,Short
77271,1900-01-01 09:30:00,1900-01-01 11:30:00,44,2.0,Short
77272,1900-01-01 12:00:00,1900-01-01 14:00:00,44,2.0,Short
77273,1900-01-01 06:45:00,1900-01-01 07:55:00,47,1.1666666666666667,Short
77274,1900-01-01 14:35:00,1900-01-01 16:30:00,47,1.9166666666666667,Short
77281,1900-01-01 09:45:00,1900-01-01 10:35:00,31,0.8333333333333334,Short
77282,1900-01-01 10:40:00,1900-01-01 11:50:00,25,1.1666666666666667,Short
77283,1900-01-01 12:10:00,1900-01-01 13:15:00,32,1.0833333333333333,Short
77284,1900-01-01 15:50:00,1900-01-01 16:50:00,32,1.0,Short
77285,1900-01-01 17:00:00,1900-01-01 17:55:00,25,0.9166666666666666,Short
77286,1900-01-01 18:00:00,1900-01-01 19:00:00,31,1.0,Short
77287,1900-01-01 19:25:00,1900-01-01 20:15:00,31,0.8333333333333334,Short
77288,1900-01-01 20:20:00,1900-01-01 21:00:00,25,0.6666666666666666,Short
77289,1900-01-01 21:10:00,1900-01-01 22:15:00,32,1.0833333333333333,Short
77290,1900-01-01 15:15:00,1900-01-01 16:00:00,25,0.75,Short
77291,1900-01-01 13:45:00,1900-01-01 18:55:00,177,5.166666666666667,Short
77292,1900-01-01 08:00:00,1900-01-01 12:50:00,178,4.833333333333333,Short
77293,1900-01-01 14:45:00,1900-01-01 17:10:00,70,2.4166666666666665,Short
77294,1900-01-01 08:00:00,1900-01-01 11:45:00,98,3.75,Short
77295,1900-01-01 12:40:00,1900-01-01 19:15:00,171,6.583333333333333,Short
77297,1900-01-01 17:50:00,1900-01-01 21:45:00,130,3.9166666666666665,Short
77298,1900-01-01 05:30:00,1900-01-01 14:40:00,272,9.166666666666666,Short
77401,1900-01-01 06:00:00,1900-01-01 10:00:00,161,4.0,Short
77402,1900-01-01 12:00:00,1900-01-01 15:50:00,161,3.8333333333333335,Short
77403,1900-01-01 16:00:00,1900-01-01 19:55:00,161,3.9166666666666665,Short
77404,1900-01-01 20:05:00,1900-01-01 23:50:00,161,3.75,Short
77405,1900-01-01 10:10:00,1900-01-01 10:55:00,14,0.75,Short
77406,1900-01-01 11:05:00,1900-01-01 11:50:00,14,0.75,Short
77414,1900-01-01 04:40:00,1900-01-01 07:30:00,121,2.8333333333333335,Short
77415,1900-01-01 08:10:00,1900-01-01 11:00:00,122,2.8333333333333335,Short
77416,1900-01-01 12:00:00,1900-01-01 13:25:00,49,1.4166666666666667,Short
77417,1900-01-01 14:05:00,1900-01-01 15:25:00,50,1.3333333333333333,Short
77418,1900-01-01 15:45:00,1900-01-01 21:00:00,197,5.25,Short
77419,1900-01-01 06:30:00,1900-01-01 11:35:00,197,5.083333333333333,Short
77601,1900-01-01 04:05:00,1900-01-01 05:25:00,26,1.3333333333333333,Short
77602,1900-01-01 05:35:00,1900-01-01 07:25:00,39,1.8333333333333333,Short
77603,1900-01-01 06:10:00,1900-01-01 07:35:00,40,1.4166666666666667,Short
77604,1900-01-01 07:55:00,1900-01-01 08:55:00,25,1.0,Short
77605,1900-01-01 06:30:00,1900-01-01 07:40:00,27,1.1666666666666667,Short
77606,1900-01-01 08:45:00,1900-01-01 10:00:00,40,1.25,Short
77607,1900-01-01 10:10:00,1900-01-01 11:15:00,26,1.0833333333333333,Short
77608,1900-01-01 11:35:00,1900-01-01 12:35:00,26,1.0,Short
77609,1900-01-01 10:10:00,1900-01-01 12:25:00,53,2.25,Short
77610,1900-01-01 13:15:00,1900-01-01 14:40:00,40,1.4166666666666667,Short
77611,1900-01-01 00:00:00,1900-01-01 00:00:00,13,0.0,Short
77612,1900-01-01 15:30:00,1900-01-01 16:15:00,13,0.75,Short
77613,1900-01-01 14:50:00,1900-01-01 16:00:00,40,1.1666666666666667,Short
77614,1900-01-01 16:55:00,1900-01-01 18:17:00,40,1.3666666666666667,Short
77615,1900-01-01 16:45:00,1900-01-01 17:55:00,26,1.1666666666666667,Short
77616,1900-01-01 18:50:00,1900-01-01 20:25:00,26,1.5833333333333333,Short
77617,1900-01-01 00:00:00,1900-01-01 00:00:00,40,0.0,Short
77618,1900-01-01 19:55:00,1900-01-01 21:20:00,40,1.4166666666666667,Short
77619,1900-01-01 20:45:00,1900-01-01 21:55:00,26,1.1666666666666667,Short
77622,1900-01-01 00:40:00,1900-01-01 02:00:00,52,1.3333333333333333,Short
77623,1900-01-01 05:00:00,1900-01-01 06:25:00,52,1.4166666666666667,Short
77630,1900-01-01 04:10:00,1900-01-01 05:10:00,27,1.0,Short
77631,1900-01-01 00:00:00,1900-01-01 00:00:00,13,0.0,Short
77632,1900-01-01 00:00:00,1900-01-01 00:00:00,13,0.0,Short
77633,1900-01-01 00:00:00,1900-01-01 00:00:00,13,0.0,Short
77634,1900-01-01 00:00:00,1900-01-01 00:00:00,13,0.0,Short
77635,1900-01-01 00:00:00,1900-01-01 00:00:00,13,0.0,Short
77638,1900-01-01 00:00:00,1900-01-01 00:00:00,13,0.0,Short
77640,1900-01-01 06:07:00,1900-01-01 06:26:00,13,0.31666666666666665,Short
77641,1900-01-01 09:30:00,1900-01-01 09:48:00,13,0.3,Short
77642,1900-01-01 13:55:00,1900-01-01 14:15:00,13,0.3333333333333333,Short
77643,1900-01-01 15:25:00,1900-01-01 15:45:00,13,0.3333333333333333,Short
77645,1900-01-01 17:20:00,1900-01-01 18:17:00,27,0.95,Short
77647,1900-01-01 00:00:00,1900-01-01 00:00:00,13,0.0,Short
77649,1900-01-01 23:20:00,1900-01-01 00:10:00,27,0.8333333333333321,Short
77651,1900-01-01 06:15:00,1900-01-01 10:00:00,108,3.75,Short
77652,1900-01-01 10:30:00,1900-01-01 14:15:00,108,3.75,Short
77653,1900-01-01 13:30:00,1900-01-01 15:00:00,52,1.5,Short
77654,1900-01-01 15:15:00,1900-01-01 16:45:00,52,1.5,Short
77655,1900-01-01 14:45:00,1900-01-01 18:30:00,108,3.75,Short
77656,1900-01-01 19:00:00,1900-01-01 22:45:00,108,3.75,Short
77657,1900-01-01 05:45:00,1900-01-01 12:30:00,253,6.75,Short
77658,1900-01-01 13:40:00,1900-01-01 21:00:00,253,7.333333333333333,Short
77671,1900-01-01 21:50:00,1900-01-01 00:10:00,105,2.333333333333332,Short
77672,1900-01-01 06:45:00,1900-01-01 09:10:00,105,2.4166666666666665,Short
77673,1900-01-01 17:00:00,1900-01-01 21:15:00,154,4.25,Short
77674,1900-01-01 09:20:00,1900-01-01 13:25:00,154,4.083333333333333,Short
77675,1900-01-01 19:15:00,1900-01-01 22:55:00,154,3.6666666666666665,Short
77676,1900-01-01 23:25:00,1900-01-01 02:50:00,59,3.416666666666668,Short
77677,1900-01-01 04:15:00,1900-01-01 05:30:00,59,1.25,Short
77678,1900-01-01 05:40:00,1900-01-01 09:20:00,154,3.6666666666666665,Short
77679,1900-01-01 08:35:00,1900-01-01 10:25:00,39,1.8333333333333333,Short
77680,1900-01-01 10:35:00,1900-01-01 11:50:00,39,1.25,Short
77681,1900-01-01 13:15:00,1900-01-01 14:45:00,39,1.5,Short
77682,1900-01-01 16:50:00,1900-01-01 18:05:00,39,1.25,Short
77683,1900-01-01 05:45:00,1900-01-01 09:30:00,151,3.75,Short
77684,1900-01-01 17:45:00,1900-01-01 21:00:00,151,3.25,Short
77689,1900-01-01 14:50:00,1900-01-01 16:30:00,57,1.6666666666666667,Short
77690,1900-01-01 12:55:00,1900-01-01 14:30:00,57,1.5833333333333333,Short
77691,1900-01-01 00:00:00,1900-01-01 00:00:00,151,0.0,Short
77693,1900-01-01 06:20:00,1900-01-01 12:25:00,237,6.083333333333333,Short
77694,1900-01-01 17:00:00,1900-01-01 23:00:00,237,6.0,Short
77695,1900-01-01 06:15:00,1900-01-01 10:15:00,129,4.0,Short
77696,1900-01-01 17:40:00,1900-01-01 22:10:00,129,4.5,Short
78009,1900-01-01 22:15:00,1900-01-01 23:40:00,55,1.4166666666666667,Short
78010,1900-01-01 03:15:00,1900-01-01 04:40:00,55,1.4166666666666667,Short
78011,1900-01-01 06:35:00,1900-01-01 07:55:00,55,1.3333333333333333,Short
78012,1900-01-01 08:05:00,1900-01-01 09:55:00,72,1.8333333333333333,Short
78013,1900-01-01 10:10:00,1900-01-01 11:45:00,69,1.5833333333333333,Short
78014,1900-01-01 12:45:00,1900-01-01 13:32:00,17,0.7833333333333333,Short
78015,1900-01-01 11:47:00,1900-01-01 12:35:00,17,0.8,Short
78016,1900-01-01 13:34:00,1900-01-01 15:10:00,69,1.6,Short
78017,1900-01-01 15:20:00,1900-01-01 17:00:00,69,1.6666666666666667,Short
78018,1900-01-01 18:05:00,1900-01-01 19:00:00,17,0.9166666666666666,Short
78019,1900-01-01 17:02:00,1900-01-01 17:55:00,17,0.8833333333333333,Short
78020,1900-01-01 19:03:00,1900-01-01 20:20:00,51,1.2833333333333334,Short
78031,1900-01-01 06:00:00,1900-01-01 10:25:00,116,4.416666666666667,Short
78032,1900-01-01 10:40:00,1900-01-01 15:05:00,116,4.416666666666667,Short
78033,1900-01-01 15:15:00,1900-01-01 18:45:00,147,3.5,Short
78034,1900-01-01 19:00:00,1900-01-01 22:40:00,147,3.6666666666666665,Short
78051,1900-01-01 04:04:00,1900-01-01 06:55:00,113,2.85,Short
78052,1900-01-01 05:00:00,1900-01-01 07:45:00,113,2.75,Short
78053,1900-01-01 08:04:00,1900-01-01 10:50:00,113,2.7666666666666666,Short
78054,1900-01-01 08:50:00,1900-01-01 11:40:00,113,2.8333333333333335,Short
78055,1900-01-01 12:24:00,1900-01-01 15:15:00,113,2.85,Short
78056,1900-01-01 13:20:00,1900-01-01 16:05:00,113,2.75,Short
78057,1900-01-01 16:50:00,1900-01-01 17:50:00,40,1.0,Short
78058,1900-01-01 15:45:00,1900-01-01 16:40:00,40,0.9166666666666666,Short
78059,1900-01-01 17:04:00,1900-01-01 19:55:00,113,2.85,Short
78060,1900-01-01 18:00:00,1900-01-01 20:44:00,113,2.7333333333333334,Short
78061,1900-01-01 21:04:00,1900-01-01 23:45:00,113,2.683333333333333,Short
78101,1900-01-01 05:10:00,1900-01-01 07:15:00,96,2.0833333333333335,Short
78102,1900-01-01 17:15:00,1900-01-01 19:25:00,96,2.1666666666666665,Short
78103,1900-01-01 07:20:00,1900-01-01 11:15:00,150,3.9166666666666665,Short
78104,1900-01-01 11:40:00,1900-01-01 16:05:00,150,4.416666666666667,Short
78502,1900-01-01 00:00:00,1900-01-01 00:00:00,27,0.0,Short
78503,1900-01-01 00:00:00,1900-01-01 00:00:00,165,0.0,Short
78504,1900-01-01 00:00:00,1900-01-01 00:00:00,165,0.0,Short
78505,1900-01-01 00:00:00,1900-01-01 00:00:00,73,0.0,Short
78511,1900-01-01 00:00:00,1900-01-01 00:00:00,16,0.0,Short
78512,1900-01-01 00:00:00,1900-01-01 00:00:00,16,0.0,Short
78513,1900-01-01 00:00:00,1900-01-01 00:00:00,16,0.0,Short
78514,1900-01-01 00:00:00,1900-01-01 00:00:00,16,0.0,Short
78515,1900-01-01 00:00:00,1900-01-01 00:00:00,16,0.0,Short
78516,1900-01-01 00:00:00,1900-01-01 00:00:00,16,0.0,Short
78517,1900-01-01 00:00:00,1900-01-01 00:00:00,16,0.0,Short
78518,1900-01-01 00:00:00,1900-01-01 00:00:00,16,0.0,Short
78519,1900-01-01 00:00:00,1900-01-01 00:00:00,16,0.0,Short
78520,1900-01-01 00:00:00,1900-01-01 00:00:00,16,0.0,Short
78531,1900-01-01 00:00:00,1900-01-01 00:00:00,60,0.0,Short
78534,1900-01-01 00:00:00,1900-01-01 00:00:00,142,0.0,Short
78801,1900-01-01 04:30:00,1900-01-01 07:00:00,89,2.5,Short
78802,1900-01-01 07:50:00,1900-01-01 10:10:00,87,2.3333333333333335,Short
78803,1900-01-01 09:00:00,1900-01-01 11:35:00,89,2.5833333333333335,Short
78804,1900-01-01 11:45:00,1900-01-01 14:05:00,87,2.3333333333333335,Short
78805,1900-01-01 14:45:00,1900-01-01 17:05:00,89,2.3333333333333335,Short
78806,1900-01-01 17:30:00,1900-01-01 20:05:00,87,2.5833333333333335,Short
78807,1900-01-01 18:30:00,1900-01-01 20:15:00,60,1.75,Short
78808,1900-01-01 20:30:00,1900-01-01 22:05:00,58,1.5833333333333333,Short
78809,1900-01-01 22:30:00,1900-01-01 00:50:00,89,2.333333333333332,Short
78810,1900-01-01 05:30:00,1900-01-01 07:50:00,87,2.3333333333333335,Short
78811,1900-01-01 00:00:00,1900-01-01 00:00:00,47,0.0,Short
78812,1900-01-01 05:55:00,1900-01-01 07:15:00,46,1.3333333333333333,Short
78813,1900-01-01 10:35:00,1900-01-01 11:55:00,47,1.3333333333333333,Short
78814,1900-01-01 00:00:00,1900-01-01 00:00:00,46,0.0,Short
78815,1900-01-01 09:20:00,1900-01-01 13:05:00,149,3.75,Short
78816,1900-01-01 05:50:00,1900-01-01 09:05:00,129,3.25,Short
78817,1900-01-01 21:00:00,1900-01-01 23:05:00,89,2.0833333333333335,Short
78818,1900-01-01 13:15:00,1900-01-01 15:50:00,104,2.5833333333333335,Short
78819,1900-01-01 16:40:00,1900-01-01 00:20:00,249,7.666666666666668,Short
78820,1900-01-01 10:20:00,1900-01-01 16:15:00,249,5.916666666666667,Short
78821,1900-01-01 12:15:00,1900-01-01 15:00:00,89,2.75,Short
78822,1900-01-01 15:30:00,1900-01-01 18:05:00,87,2.5833333333333335,Short
78824,1900-01-01 16:00:00,1900-01-01 18:00:00,89,2.0,Short
78825,1900-01-01 18:10:00,1900-01-01 20:10:00,87,2.0,Short
78826,1900-01-01 07:00:00,1900-01-01 09:00:00,87,2.0,Short
78827,1900-01-01 09:10:00,1900-01-01 11:10:00,89,2.0,Short
79301,1900-01-01 18:30:00,1900-01-01 00:55:00,242,6.416666666666668,Short
79302,1900-01-01 02:35:00,1900-01-01 09:40:00,242,7.083333333333333,Short
79303,1900-01-01 09:45:00,1900-01-01 14:00:00,188,4.25,Short
79304,1900-01-01 14:10:00,1900-01-01 18:10:00,188,4.0,Short
79305,1900-01-01 07:45:00,1900-01-01 11:35:00,139,3.8333333333333335,Short
79306,1900-01-01 13:00:00,1900-01-01 16:40:00,139,3.6666666666666665,Short
79307,1900-01-01 16:50:00,1900-01-01 17:50:00,21,1.0,Short
79308,1900-01-01 18:00:00,1900-01-01 18:55:00,21,0.9166666666666666,Short
79309,1900-01-01 19:10:00,1900-01-01 23:10:00,139,4.0,Short
79310,1900-01-01 06:00:00,1900-01-01 09:50:00,139,3.8333333333333335,Short
79311,1900-01-01 10:10:00,1900-01-01 11:05:00,21,0.9166666666666666,Short
79312,1900-01-01 11:15:00,1900-01-01 12:10:00,21,0.9166666666666666,Short
79313,1900-01-01 14:00:00,1900-01-01 18:05:00,139,4.083333333333333,Short
79314,1900-01-01 10:00:00,1900-01-01 13:50:00,139,3.8333333333333335,Short
79315,1900-01-01 21:05:00,1900-01-01 22:00:00,21,0.9166666666666666,Short
79316,1900-01-01 22:10:00,1900-01-01 23:05:00,21,0.9166666666666666,Short
79317,1900-01-01 05:30:00,1900-01-01 09:25:00,139,3.9166666666666665,Short
79318,1900-01-01 18:20:00,1900-01-01 22:00:00,139,3.6666666666666665,Short
79319,1900-01-01 14:40:00,1900-01-01 15:35:00,21,0.9166666666666666,Short
79320,1900-01-01 13:20:00,1900-01-01 14:15:00,21,0.9166666666666666,Short
79321,1900-01-01 18:00:00,1900-01-01 18:55:00,21,0.9166666666666666,Short
79322,1900-01-01 16:50:00,1900-01-01 17:45:00,21,0.9166666666666666,Short
79323,1900-01-01 20:20:00,1900-01-01 21:15:00,21,0.9166666666666666,Short
79324,1900-01-01 19:10:00,1900-01-01 20:05:00,21,0.9166666666666666,Short
79325,1900-01-01 22:45:00,1900-01-01 23:40:00,21,0.9166666666666666,Short
79326,1900-01-01 21:35:00,1900-01-01 22:30:00,21,0.9166666666666666,Short
79413,1900-01-01 13:35:00,1900-01-01 15:20:00,51,1.75,Short
79414,1900-01-01 13:30:00,1900-01-01 15:00:00,51,1.5,Short
79415,1900-01-01 11:15:00,1900-01-01 13:00:00,51,1.75,Short
79416,1900-01-01 11:10:00,1900-01-01 12:40:00,51,1.5,Short
79417,1900-01-01 07:05:00,1900-01-01 08:45:00,51,1.6666666666666667,Short
79418,1900-01-01 06:50:00,1900-01-01 08:30:00,51,1.6666666666666667,Short
79419,1900-01-01 18:00:00,1900-01-01 19:40:00,51,1.6666666666666667,Short
79420,1900-01-01 17:45:00,1900-01-01 19:25:00,51,1.6666666666666667,Short
79421,1900-01-01 05:00:00,1900-01-01 06:40:00,51,1.6666666666666667,Short
79422,1900-01-01 09:05:00,1900-01-01 10:45:00,51,1.6666666666666667,Short
79423,1900-01-01 15:35:00,1900-01-01 17:20:00,51,1.75,Short
79424,1900-01-01 19:55:00,1900-01-01 21:35:00,51,1.6666666666666667,Short
79425,1900-01-01 09:20:00,1900-01-01 11:00:00,51,1.6666666666666667,Short
79426,1900-01-01 15:30:00,1900-01-01 17:00:00,51,1.5,Short
79427,1900-01-01 20:10:00,1900-01-01 21:50:00,51,1.6666666666666667,Short
79428,1900-01-01 04:45:00,1900-01-01 06:25:00,51,1.6666666666666667,Short
79429,1900-01-01 22:35:00,1900-01-01 00:30:00,63,1.9166666666666679,Short
79430,1900-01-01 01:50:00,1900-01-01 03:20:00,63,1.5,Short
79431,1900-01-01 15:15:00,1900-01-01 16:55:00,68,1.6666666666666667,Short
79432,1900-01-01 07:55:00,1900-01-01 10:10:00,68,2.25,Short
79433,1900-01-01 18:50:00,1900-01-01 21:55:00,109,3.0833333333333335,Short
79434,1900-01-01 06:00:00,1900-01-01 08:55:00,109,2.9166666666666665,Short
79435,1900-01-01 10:25:00,1900-01-01 13:25:00,109,3.0,Short
79436,1900-01-01 13:50:00,1900-01-01 16:40:00,109,2.8333333333333335,Short
79437,1900-01-01 17:15:00,1900-01-01 20:30:00,118,3.25,Short
79438,1900-01-01 05:00:00,1900-01-01 07:50:00,117,2.8333333333333335,Short
79441,1900-01-01 07:10:00,1900-01-01 07:55:00,28,0.75,Short
79442,1900-01-01 08:10:00,1900-01-01 08:55:00,28,0.75,Short
79443,1900-01-01 09:30:00,1900-01-01 10:20:00,28,0.8333333333333334,Short
79444,1900-01-01 13:05:00,1900-01-01 13:50:00,28,0.75,Short
79445,1900-01-01 16:35:00,1900-01-01 20:10:00,98,3.5833333333333335,Short
79446,1900-01-01 17:30:00,1900-01-01 18:15:00,28,0.75,Short
79447,1900-01-01 19:20:00,1900-01-01 20:05:00,28,0.75,Short
79448,1900-01-01 20:20:00,1900-01-01 21:05:00,28,0.75,Short
79449,1900-01-01 10:30:00,1900-01-01 12:00:00,47,1.5,Short
79450,1900-01-01 12:15:00,1900-01-01 13:45:00,47,1.5,Short
79451,1900-01-01 22:00:00,1900-01-01 22:45:00,28,0.75,Short
79452,1900-01-01 06:00:00,1900-01-01 06:45:00,28,0.75,Short
79453,1900-01-01 12:10:00,1900-01-01 12:55:00,28,0.75,Short
79454,1900-01-01 07:10:00,1900-01-01 11:10:00,98,4.0,Short
79455,1900-01-01 11:35:00,1900-01-01 14:25:00,105,2.8333333333333335,Short
79456,1900-01-01 15:35:00,1900-01-01 18:30:00,105,2.9166666666666665,Short
79457,1900-01-01 08:20:00,1900-01-01 09:20:00,36,1.0,Short
79458,1900-01-01 09:30:00,1900-01-01 10:30:00,36,1.0,Short
79459,1900-01-01 17:45:00,1900-01-01 18:45:00,36,1.0,Short
79460,1900-01-01 19:00:00,1900-01-01 20:00:00,36,1.0,Short
79481,1900-01-01 00:00:00,1900-01-01 00:00:00,39,0.0,Short
79482,1900-01-01 00:00:00,1900-01-01 00:00:00,39,0.0,Short
79483,1900-01-01 00:00:00,1900-01-01 00:00:00,39,0.0,Short
79484,1900-01-01 00:00:00,1900-01-01 00:00:00,39,0.0,Short
79485,1900-01-01 00:00:00,1900-01-01 00:00:00,1,0.0,Short
79486,1900-01-01 00:00:00,1900-01-01 00:00:00,1,0.0,Short
79487,1900-01-01 00:00:00,1900-01-01 00:00:00,1,0.0,Short
79488,1900-01-01 00:00:00,1900-01-01 00:00:00,1,0.0,Short
79489,1900-01-01 00:00:00,1900-01-01 00:00:00,1,0.0,Short
79490,1900-01-01 00:00:00,1900-01-01 00:00:00,1,0.0,Short
82355,1900-01-01 13:00:00,1900-01-01 16:05:00,1712,3.0833333333333335,Long
82601,1900-01-01 21:50:00,1900-01-01 10:45:00,649,12.916666666666666,Medium
82606,1900-01-01 00:00:00,1900-01-01 00:00:00,649,0.0,Medium
82631,1900-01-01 20:00:00,1900-01-01 08:45:00,695,12.75,Medium
82635,1900-01-01 00:00:00,1900-01-01 00:00:00,849,0.0,Long
82651,1900-01-01 11:30:00,1900-01-01 20:25:00,3211,8.916666666666666,Long
82652,1900-01-01 05:40:00,1900-01-01 15:00:00,3212,9.333333333333334,Long
82653,1900-01-01 11:30:00,1900-01-01 06:35:00,2440,19.083333333333332,Long
82654,1900-01-01 22:15:00,1900-01-01 18:05:00,2440,19.833333333333332,Long
82665,1900-01-01 20:15:00,1900-01-01 02:24:00,668,6.149999999999999,Medium
82666,1900-01-01 20:45:00,1900-01-01 02:53:00,663,6.133333333333333,Medium
90540,1900-01-01 00:00:00,1900-01-01 00:00:00,60,0.0,Short
90981,1900-01-01 00:00:00,1900-01-01 00:00:00,59,0.0,Short
91392,1900-01-01 00:00:00,1900-01-01 00:00:00,10,0.0,Short
91393,1900-01-01 00:00:00,1900-01-01 00:00:00,10,0.0,Short
91394,1900-01-01 00:00:00,1900-01-01 00:00:00,10,0.0,Short
91395,1900-01-01 00:00:00,1900-01-01 00:00:00,10,0.0,Short
91396,1900-01-01 00:00:00,1900-01-01 00:00:00,10,0.0,Short
91491,1900-01-01 00:00:00,1900-01-01 00:00:00,10,0.0,Short
93001,1900-01-01 05:00:00,1900-01-01 06:15:00,63,1.25,Short
93002,1900-01-01 05:40:00,1900-01-01 07:34:00,101,1.9,Short
93003,1900-01-01 05:35:00,1900-01-01 06:53:00,63,1.3,Short
93004,1900-01-01 07:05:00,1900-01-01 08:25:00,63,1.3333333333333333,Short
93005,1900-01-01 04:58:00,1900-01-01 07:30:00,123,2.533333333333333,Short
93006,1900-01-01 07:15:00,1900-01-01 09:59:00,123,2.7333333333333334,Short
93007,1900-01-01 05:24:00,1900-01-01 08:20:00,123,2.933333333333333,Short
93008,1900-01-01 08:30:00,1900-01-01 10:23:00,89,1.8833333333333333,Short
93009,1900-01-01 07:38:00,1900-01-01 09:50:00,101,2.2,Short
93010,1900-01-01 09:35:00,1900-01-01 10:50:00,63,1.25,Short
93011,1900-01-01 09:10:00,1900-01-01 10:35:00,63,1.4166666666666667,Short
93012,1900-01-01 10:05:00,1900-01-01 11:20:00,63,1.25,Short
93013,1900-01-01 10:31:00,1900-01-01 12:20:00,89,1.8166666666666667,Short
93014,1900-01-01 11:10:00,1900-01-01 12:25:00,63,1.25,Short
93015,1900-01-01 10:03:00,1900-01-01 12:55:00,123,2.8666666666666667,Short
93016,1900-01-01 12:42:00,1900-01-01 15:17:00,123,2.5833333333333335,Short
93017,1900-01-01 11:55:00,1900-01-01 13:15:00,63,1.3333333333333333,Short
93018,1900-01-01 13:20:00,1900-01-01 14:35:00,63,1.25,Short
93019,1900-01-01 12:15:00,1900-01-01 13:35:00,63,1.3333333333333333,Short
93020,1900-01-01 14:15:00,1900-01-01 16:28:00,113,2.216666666666667,Short
93021,1900-01-01 13:20:00,1900-01-01 14:40:00,63,1.3333333333333333,Short
93022,1900-01-01 15:20:00,1900-01-01 17:47:00,113,2.45,Short
93023,1900-01-01 15:05:00,1900-01-01 16:45:00,63,1.6666666666666667,Short
93024,1900-01-01 17:20:00,1900-01-01 18:35:00,63,1.25,Short
93025,1900-01-01 15:22:00,1900-01-01 18:05:00,123,2.716666666666667,Short
93026,1900-01-01 17:35:00,1900-01-01 20:14:00,123,2.65,Short
93027,1900-01-01 16:47:00,1900-01-01 19:15:00,113,2.466666666666667,Short
93028,1900-01-01 18:55:00,1900-01-01 21:41:00,123,2.7666666666666666,Short
93029,1900-01-01 18:00:00,1900-01-01 20:25:00,113,2.4166666666666665,Short
93030,1900-01-01 19:45:00,1900-01-01 22:17:00,123,2.533333333333333,Short
93031,1900-01-01 20:35:00,1900-01-01 21:50:00,63,1.25,Short
93032,1900-01-01 20:45:00,1900-01-01 22:00:00,63,1.25,Short
93033,1900-01-01 20:27:00,1900-01-01 23:05:00,123,2.6333333333333333,Short
93034,1900-01-01 22:35:00,1900-01-01 23:50:00,63,1.25,Short
93101,1900-01-01 00:00:00,1900-01-01 00:00:00,63,0.0,Short
93102,1900-01-01 00:00:00,1900-01-01 00:00:00,63,0.0,Short
93103,1900-01-01 00:00:00,1900-01-01 00:00:00,123,0.0,Short
93104,1900-01-01 00:00:00,1900-01-01 00:00:00,63,0.0,Short
93105,1900-01-01 00:00:00,1900-01-01 00:00:00,63,0.0,Short
93109,1900-01-01 00:00:00,1900-01-01 00:00:00,63,0.0,Short
95001,1900-01-01 08:31:00,1900-01-01 09:27:00,49,0.9333333333333333,Short
95002,1900-01-01 06:34:00,1900-01-01 07:32:00,49,0.9666666666666667,Short
95003,1900-01-01 13:22:00,1900-01-01 14:20:00,49,0.9666666666666667,Short
95004,1900-01-01 05:08:00,1900-01-01 06:10:00,49,1.0333333333333334,Short
95005,1900-01-01 16:24:00,1900-01-01 17:22:00,49,0.9666666666666667,Short
95006,1900-01-01 08:58:00,1900-01-01 09:56:00,49,0.9666666666666667,Short
95007,1900-01-01 18:36:00,1900-01-01 19:33:00,49,0.95,Short
95008,1900-01-01 14:06:00,1900-01-01 15:04:00,49,0.9666666666666667,Short
95009,1900-01-01 21:48:00,1900-01-01 22:45:00,49,0.95,Short
95010,1900-01-01 16:46:00,1900-01-01 17:44:00,49,0.9666666666666667,Short
95011,1900-01-01 23:02:00,1900-01-01 23:58:00,49,0.9333333333333333,Short
95012,1900-01-01 18:20:00,1900-01-01 19:19:00,49,0.9833333333333333,Short
95013,1900-01-01 00:18:00,1900-01-01 01:15:00,49,0.95,Short
95101,1900-01-01 07:13:00,1900-01-01 08:05:00,46,0.8666666666666667,Short
95102,1900-01-01 00:00:00,1900-01-01 00:00:00,46,0.0,Short
95103,1900-01-01 07:50:00,1900-01-01 08:43:00,46,0.8833333333333333,Short
95104,1900-01-01 05:53:00,1900-01-01 06:43:00,46,0.8333333333333334,Short
95105,1900-01-01 09:18:00,1900-01-01 10:09:00,46,0.85,Short
95106,1900-01-01 06:33:00,1900-01-01 07:24:00,46,0.85,Short
95107,1900-01-01 10:01:00,1900-01-01 10:51:00,46,0.8333333333333334,Short
95108,1900-01-01 07:00:00,1900-01-01 07:51:00,46,0.85,Short
95109,1900-01-01 10:38:00,1900-01-01 11:28:00,46,0.8333333333333334,Short
95110,1900-01-01 07:19:00,1900-01-01 08:09:00,46,0.8333333333333334,Short
95111,1900-01-01 11:40:00,1900-01-01 12:30:00,46,0.8333333333333334,Short
95112,1900-01-01 07:54:00,1900-01-01 08:44:00,46,0.8333333333333334,Short
95113,1900-01-01 12:15:00,1900-01-01 13:06:00,46,0.85,Short
95114,1900-01-01 08:27:00,1900-01-01 09:17:00,46,0.8333333333333334,Short
95115,1900-01-01 14:15:00,1900-01-01 15:05:00,46,0.8333333333333334,Short
95116,1900-01-01 09:45:00,1900-01-01 10:35:00,46,0.8333333333333334,Short
95117,1900-01-01 14:40:00,1900-01-01 15:30:00,46,0.8333333333333334,Short
95118,1900-01-01 10:45:00,1900-01-01 11:36:00,46,0.85,Short
95119,1900-01-01 15:54:00,1900-01-01 16:44:00,46,0.8333333333333334,Short
95120,1900-01-01 11:19:00,1900-01-01 12:09:00,46,0.8333333333333334,Short
95121,1900-01-01 16:53:00,1900-01-01 17:45:00,46,0.8666666666666667,Short
95122,1900-01-01 12:01:00,1900-01-01 12:51:00,46,0.8333333333333334,Short
95123,1900-01-01 17:31:00,1900-01-01 18:21:00,46,0.8333333333333334,Short
95124,1900-01-01 13:00:00,1900-01-01 13:51:00,46,0.85,Short
95125,1900-01-01 19:22:00,1900-01-01 20:12:00,46,0.8333333333333334,Short
95126,1900-01-01 13:57:00,1900-01-01 14:47:00,46,0.8333333333333334,Short
95127,1900-01-01 20:02:00,1900-01-01 20:53:00,46,0.85,Short
95128,1900-01-01 15:27:00,1900-01-01 16:17:00,46,0.8333333333333334,Short
95129,1900-01-01 20:53:00,1900-01-01 21:45:00,46,0.8666666666666667,Short
95130,1900-01-01 16:11:00,1900-01-01 17:01:00,46,0.8333333333333334,Short
95131,1900-01-01 22:29:00,1900-01-01 23:19:00,46,0.8333333333333334,Short
95132,1900-01-01 17:33:00,1900-01-01 18:23:00,46,0.8333333333333334,Short
95134,1900-01-01 17:56:00,1900-01-01 18:47:00,46,0.85,Short
95136,1900-01-01 18:42:00,1900-01-01 19:32:00,46,0.8333333333333334,Short
95138,1900-01-01 19:45:00,1900-01-01 20:35:00,46,0.8333333333333334,Short
95140,1900-01-01 20:40:00,1900-01-01 21:32:00,46,0.8666666666666667,Short
95142,1900-01-01 21:15:00,1900-01-01 22:05:00,46,0.8333333333333334,Short
95144,1900-01-01 22:03:00,1900-01-01 22:53:00,46,0.8333333333333334,Short
95201,1900-01-01 07:26:00,1900-01-01 07:44:00,14,0.3,Short
95202,1900-01-01 06:55:00,1900-01-01 07:14:00,14,0.31666666666666665,Short
95203,1900-01-01 08:07:00,1900-01-01 08:29:00,14,0.36666666666666664,Short
95204,1900-01-01 08:11:00,1900-01-01 08:29:00,14,0.3,Short
95205,1900-01-01 09:00:00,1900-01-01 09:19:00,14,0.31666666666666665,Short
95206,1900-01-01 09:29:00,1900-01-01 09:48:00,14,0.31666666666666665,Short
95207,1900-01-01 09:54:00,1900-01-01 10:14:00,14,0.3333333333333333,Short
95208,1900-01-01 10:42:00,1900-01-01 11:02:00,14,0.3333333333333333,Short
95209,1900-01-01 10:16:00,1900-01-01 10:35:00,14,0.31666666666666665,Short
95210,1900-01-01 18:55:00,1900-01-01 19:14:00,14,0.31666666666666665,Short
95211,1900-01-01 10:29:00,1900-01-01 10:48:00,14,0.31666666666666665,Short
95212,1900-01-01 19:35:00,1900-01-01 19:55:00,14,0.3333333333333333,Short
95213,1900-01-01 10:45:00,1900-01-01 11:04:00,14,0.31666666666666665,Short
95214,1900-01-01 08:45:00,1900-01-01 09:05:00,14,0.3333333333333333,Short
95215,1900-01-01 11:06:00,1900-01-01 11:28:00,14,0.36666666666666664,Short
95216,1900-01-01 13:22:00,1900-01-01 13:42:00,14,0.3333333333333333,Short
95217,1900-01-01 11:27:00,1900-01-01 11:48:00,14,0.35,Short
95218,1900-01-01 14:11:00,1900-01-01 14:30:00,14,0.31666666666666665,Short
95219,1900-01-01 11:48:00,1900-01-01 12:07:00,14,0.31666666666666665,Short
95220,1900-01-01 15:23:00,1900-01-01 15:42:00,14,0.31666666666666665,Short
95221,1900-01-01 12:51:00,1900-01-01 13:09:00,14,0.3,Short
95222,1900-01-01 15:42:00,1900-01-01 16:01:00,14,0.31666666666666665,Short
95223,1900-01-01 14:54:00,1900-01-01 15:15:00,14,0.35,Short
95224,1900-01-01 16:21:00,1900-01-01 16:40:00,14,0.31666666666666665,Short
95225,1900-01-01 15:09:00,1900-01-01 15:29:00,14,0.3333333333333333,Short
95226,1900-01-01 17:04:00,1900-01-01 17:23:00,14,0.31666666666666665,Short
95227,1900-01-01 17:01:00,1900-01-01 17:20:00,14,0.31666666666666665,Short
95228,1900-01-01 17:31:00,1900-01-01 17:50:00,14,0.31666666666666665,Short
95229,1900-01-01 17:46:00,1900-01-01 18:06:00,14,0.3333333333333333,Short
95230,1900-01-01 18:15:00,1900-01-01 18:35:00,14,0.3333333333333333,Short
95231,1900-01-01 18:28:00,1900-01-01 18:48:00,14,0.3333333333333333,Short
95232,1900-01-01 20:03:00,1900-01-01 20:22:00,14,0.31666666666666665,Short
95233,1900-01-01 19:02:00,1900-01-01 19:22:00,14,0.3333333333333333,Short
95234,1900-01-01 20:46:00,1900-01-01 21:07:00,14,0.35,Short
95235,1900-01-01 19:42:00,1900-01-01 20:01:00,14,0.31666666666666665,Short
95236,1900-01-01 21:00:00,1900-01-01 21:19:00,14,0.31666666666666665,Short
95237,1900-01-01 20:13:00,1900-01-01 20:32:00,14,0.31666666666666665,Short
95239,1900-01-01 20:24:00,1900-01-01 20:45:00,14,0.35,Short
95241,1900-01-01 23:32:00,1900-01-01 23:53:00,14,0.35,Short
95301,1900-01-01 09:27:00,1900-01-01 09:39:00,6,0.2,Short
95302,1900-01-01 07:17:00,1900-01-01 07:29:00,6,0.2,Short
95303,1900-01-01 09:49:00,1900-01-01 10:02:00,6,0.21666666666666667,Short
95304,1900-01-01 07:36:00,1900-01-01 07:48:00,6,0.2,Short
95305,1900-01-01 10:22:00,1900-01-01 10:34:00,6,0.2,Short
95306,1900-01-01 07:51:00,1900-01-01 08:03:00,6,0.2,Short
95307,1900-01-01 10:53:00,1900-01-01 11:05:00,6,0.2,Short
95308,1900-01-01 08:10:00,1900-01-01 08:22:00,6,0.2,Short
95309,1900-01-01 11:11:00,1900-01-01 11:24:00,6,0.21666666666666667,Short
95310,1900-01-01 08:27:00,1900-01-01 08:39:00,6,0.2,Short
95311,1900-01-01 11:32:00,1900-01-01 11:46:00,6,0.23333333333333334,Short
95312,1900-01-01 08:44:00,1900-01-01 08:56:00,6,0.2,Short
95313,1900-01-01 11:52:00,1900-01-01 12:04:00,6,0.2,Short
95314,1900-01-01 09:50:00,1900-01-01 10:02:00,6,0.2,Short
95315,1900-01-01 12:25:00,1900-01-01 12:37:00,6,0.2,Short
95316,1900-01-01 10:13:00,1900-01-01 10:25:00,6,0.2,Short
95317,1900-01-01 17:06:00,1900-01-01 17:17:00,6,0.18333333333333332,Short
95318,1900-01-01 11:35:00,1900-01-01 11:48:00,6,0.21666666666666667,Short
95319,1900-01-01 18:09:00,1900-01-01 18:22:00,6,0.21666666666666667,Short
95320,1900-01-01 19:13:00,1900-01-01 19:25:00,6,0.2,Short
95321,1900-01-01 18:47:00,1900-01-01 18:58:00,6,0.18333333333333332,Short
95322,1900-01-01 15:06:00,1900-01-01 15:18:00,6,0.2,Short
95323,1900-01-01 19:07:00,1900-01-01 19:19:00,6,0.2,Short
95324,1900-01-01 14:45:00,1900-01-01 14:57:00,6,0.2,Short
95325,1900-01-01 19:32:00,1900-01-01 19:44:00,6,0.2,Short
95326,1900-01-01 15:39:00,1900-01-01 15:51:00,6,0.2,Short
95327,1900-01-01 19:56:00,1900-01-01 20:10:00,6,0.23333333333333334,Short
95328,1900-01-01 16:24:00,1900-01-01 16:36:00,6,0.2,Short
95329,1900-01-01 20:28:00,1900-01-01 20:40:00,6,0.2,Short
95330,1900-01-01 16:45:00,1900-01-01 16:57:00,6,0.2,Short
95331,1900-01-01 20:45:00,1900-01-01 20:57:00,6,0.2,Short
95332,1900-01-01 17:25:00,1900-01-01 17:37:00,6,0.2,Short
95334,1900-01-01 17:50:00,1900-01-01 18:04:00,6,0.23333333333333334,Short
95336,1900-01-01 20:05:00,1900-01-01 20:18:00,6,0.21666666666666667,Short
95338,1900-01-01 20:50:00,1900-01-01 21:03:00,6,0.21666666666666667,Short
95340,1900-01-01 18:04:00,1900-01-01 18:17:00,6,0.21666666666666667,Short
95342,1900-01-01 18:32:00,1900-01-01 18:44:00,6,0.2,Short
95401,1900-01-01 07:55:00,1900-01-01 09:11:00,67,1.2666666666666666,Short
95402,1900-01-01 06:10:00,1900-01-01 07:20:00,67,1.1666666666666667,Short
95403,1900-01-01 09:35:00,1900-01-01 10:45:00,67,1.1666666666666667,Short
95404,1900-01-01 06:45:00,1900-01-01 07:56:00,67,1.1833333333333333,Short
95405,1900-01-01 10:43:00,1900-01-01 11:54:00,67,1.1833333333333333,Short
95406,1900-01-01 07:22:00,1900-01-01 08:35:00,67,1.2166666666666666,Short
95407,1900-01-01 11:19:00,1900-01-01 12:32:00,67,1.2166666666666666,Short
95408,1900-01-01 08:18:00,1900-01-01 09:30:00,67,1.2,Short
95409,1900-01-01 12:48:00,1900-01-01 13:58:00,67,1.1666666666666667,Short
95410,1900-01-01 10:10:00,1900-01-01 11:21:00,67,1.1833333333333333,Short
95411,1900-01-01 13:37:00,1900-01-01 14:47:00,67,1.1666666666666667,Short
95412,1900-01-01 11:12:00,1900-01-01 12:22:00,67,1.1666666666666667,Short
95413,1900-01-01 15:24:00,1900-01-01 16:34:00,67,1.1666666666666667,Short
95414,1900-01-01 12:19:00,1900-01-01 13:30:00,67,1.1833333333333333,Short
95415,1900-01-01 16:53:00,1900-01-01 18:03:00,67,1.1666666666666667,Short
95416,1900-01-01 13:31:00,1900-01-01 14:42:00,67,1.1833333333333333,Short
95417,1900-01-01 18:08:00,1900-01-01 19:18:00,67,1.1666666666666667,Short
95418,1900-01-01 14:44:00,1900-01-01 15:54:00,67,1.1666666666666667,Short
95419,1900-01-01 19:28:00,1900-01-01 20:40:00,67,1.2,Short
95420,1900-01-01 15:37:00,1900-01-01 16:48:00,67,1.1833333333333333,Short
95421,1900-01-01 20:21:00,1900-01-01 21:32:00,67,1.1833333333333333,Short
95422,1900-01-01 16:24:00,1900-01-01 17:35:00,67,1.1833333333333333,Short
95423,1900-01-01 21:54:00,1900-01-01 23:05:00,67,1.1833333333333333,Short
95424,1900-01-01 17:17:00,1900-01-01 18:27:00,67,1.1666666666666667,Short
95425,1900-01-01 00:07:00,1900-01-01 01:18:00,67,1.1833333333333333,Short
95426,1900-01-01 18:18:00,1900-01-01 19:28:00,67,1.1666666666666667,Short
95428,1900-01-01 20:15:00,1900-01-01 21:25:00,67,1.1666666666666667,Short
95430,1900-01-01 21:21:00,1900-01-01 22:31:00,67,1.1666666666666667,Short
95501,1900-01-01 00:00:00,1900-01-01 00:00:00,32,0.0,Short
95502,1900-01-01 07:35:00,1900-01-01 08:11:00,32,0.6,Short
95503,1900-01-01 00:00:00,1900-01-01 00:00:00,32,0.0,Short
95504,1900-01-01 08:30:00,1900-01-01 09:07:00,32,0.6166666666666667,Short
95505,1900-01-01 00:00:00,1900-01-01 00:00:00,32,0.0,Short
95506,1900-01-01 15:02:00,1900-01-01 15:39:00,32,0.6166666666666667,Short
95507,1900-01-01 00:00:00,1900-01-01 00:00:00,32,0.0,Short
95508,1900-01-01 15:44:00,1900-01-01 16:19:00,32,0.5833333333333334,Short
95509,1900-01-01 17:31:00,1900-01-01 18:07:00,32,0.6,Short
95510,1900-01-01 16:44:00,1900-01-01 17:19:00,32,0.5833333333333334,Short
95511,1900-01-01 18:24:00,1900-01-01 19:00:00,32,0.6,Short
95512,1900-01-01 17:23:00,1900-01-01 18:03:00,32,0.6666666666666666,Short
95513,1900-01-01 18:45:00,1900-01-01 19:23:00,32,0.6333333333333333,Short
95514,1900-01-01 19:10:00,1900-01-01 19:46:00,32,0.6,Short
95515,1900-01-01 19:40:00,1900-01-01 20:18:00,32,0.6333333333333333,Short
95516,1900-01-01 20:33:00,1900-01-01 21:10:00,32,0.6166666666666667,Short
95517,1900-01-01 21:17:00,1900-01-01 21:52:00,32,0.5833333333333334,Short
95601,1900-01-01 10:11:00,1900-01-01 10:27:00,10,0.26666666666666666,Short
95602,1900-01-01 07:21:00,1900-01-01 07:36:00,10,0.25,Short
95603,1900-01-01 10:30:00,1900-01-01 10:47:00,10,0.2833333333333333,Short
95604,1900-01-01 09:04:00,1900-01-01 09:19:00,10,0.25,Short
95605,1900-01-01 10:47:00,1900-01-01 11:03:00,10,0.26666666666666666,Short
95606,1900-01-01 10:37:00,1900-01-01 10:53:00,10,0.26666666666666666,Short
95607,1900-01-01 11:53:00,1900-01-01 12:08:00,10,0.25,Short
95608,1900-01-01 15:58:00,1900-01-01 16:13:00,10,0.25,Short
95609,1900-01-01 12:13:00,1900-01-01 12:29:00,10,0.26666666666666666,Short
95610,1900-01-01 16:44:00,1900-01-01 16:59:00,10,0.25,Short
95611,1900-01-01 18:32:00,1900-01-01 18:47:00,10,0.25,Short
95612,1900-01-01 17:11:00,1900-01-01 17:26:00,10,0.25,Short
95613,1900-01-01 18:59:00,1900-01-01 19:15:00,10,0.26666666666666666,Short
95614,1900-01-01 17:30:00,1900-01-01 17:45:00,10,0.25,Short
95615,1900-01-01 19:46:00,1900-01-01 20:01:00,10,0.25,Short
95616,1900-01-01 18:24:00,1900-01-01 18:39:00,10,0.25,Short
95617,1900-01-01 20:35:00,1900-01-01 20:51:00,10,0.26666666666666666,Short
95619,1900-01-01 20:50:00,1900-01-01 21:05:00,10,0.25,Short
95701,1900-01-01 00:00:00,1900-01-01 00:00:00,53,0.0,Short
95702,1900-01-01 00:00:00,1900-01-01 00:00:00,53,0.0,Short
95703,1900-01-01 00:00:00,1900-01-01 00:00:00,53,0.0,Short
95704,1900-01-01 00:00:00,1900-01-01 00:00:00,53,0.0,Short
95705,1900-01-01 00:00:00,1900-01-01 00:00:00,53,0.0,Short
95706,1900-01-01 00:00:00,1900-01-01 00:00:00,44,0.0,Short
95707,1900-01-01 00:00:00,1900-01-01 00:00:00,53,0.0,Short
95708,1900-01-01 00:00:00,1900-01-01 00:00:00,53,0.0,Short
95709,1900-01-01 00:00:00,1900-01-01 00:00:00,53,0.0,Short
95710,1900-01-01 00:00:00,1900-01-01 00:00:00,53,0.0,Short
95711,1900-01-01 00:00:00,1900-01-01 00:00:00,53,0.0,Short
95712,1900-01-01 00:00:00,1900-01-01 00:00:00,53,0.0,Short
95713,1900-01-01 00:00:00,1900-01-01 00:00:00,44,0.0,Short
95714,1900-01-01 00:00:00,1900-01-01 00:00:00,53,0.0,Short
95715,1900-01-01 00:00:00,1900-01-01 00:00:00,53,0.0,Short
95716,1900-01-01 00:00:00,1900-01-01 00:00:00,53,0.0,Short
95717,1900-01-01 00:00:00,1900-01-01 00:00:00,53,0.0,Short
95718,1900-01-01 00:00:00,1900-01-01 00:00:00,53,0.0,Short
95719,1900-01-01 00:00:00,1900-01-01 00:00:00,53,0.0,Short
95720,1900-01-01 00:00:00,1900-01-01 00:00:00,53,0.0,Short
95721,1900-01-01 00:00:00,1900-01-01 00:00:00,53,0.0,Short
95722,1900-01-01 00:00:00,1900-01-01 00:00:00,44,0.0,Short
95723,1900-01-01 00:00:00,1900-01-01 00:00:00,44,0.0,Short
95724,1900-01-01 00:00:00,1900-01-01 00:00:00,53,0.0,Short
95725,1900-01-01 00:00:00,1900-01-01 00:00:00,44,0.0,Short
95726,1900-01-01 00:00:00,1900-01-01 00:00:00,53,0.0,Short
95727,1900-01-01 00:00:00,1900-01-01 00:00:00,53,0.0,Short
95728,1900-01-01 00:00:00,1900-01-01 00:00:00,53,0.0,Short
95729,1900-01-01 00:00:00,1900-01-01 00:00:00,44,0.0,Short
95730,1900-01-01 00:00:00,1900-01-01 00:00:00,44,0.0,Short
95731,1900-01-01 00:00:00,1900-01-01 00:00:00,53,0.0,Short
95732,1900-01-01 00:00:00,1900-01-01 00:00:00,53,0.0,Short
95733,1900-01-01 00:00:00,1900-01-01 00:00:00,53,0.0,Short
95734,1900-01-01 00:00:00,1900-01-01 00:00:00,44,0.0,Short
95735,1900-01-01 00:00:00,1900-01-01 00:00:00,44,0.0,Short
95736,1900-01-01 00:00:00,1900-01-01 00:00:00,53,0.0,Short
95737,1900-01-01 00:00:00,1900-01-01 00:00:00,53,0.0,Short
95738,1900-01-01 00:00:00,1900-01-01 00:00:00,53,0.0,Short
95739,1900-01-01 00:00:00,1900-01-01 00:00:00,53,0.0,Short
95740,1900-01-01 00:00:00,1900-01-01 00:00:00,53,0.0,Short
95741,1900-01-01 00:00:00,1900-01-01 00:00:00,53,0.0,Short
95742,1900-01-01 00:00:00,1900-01-01 00:00:00,53,0.0,Short
95743,1900-01-01 00:00:00,1900-01-01 00:00:00,53,0.0,Short
95744,1900-01-01 00:00:00,1900-01-01 00:00:00,53,0.0,Short
95745,1900-01-01 00:00:00,1900-01-01 00:00:00,53,0.0,Short
95746,1900-01-01 00:00:00,1900-01-01 00:00:00,53,0.0,Short
95801,1900-01-01 00:00:00,1900-01-01 00:00:00,48,0.0,Short
95802,1900-01-01 00:00:00,1900-01-01 00:00:00,48,0.0,Short
95804,1900-01-01 00:00:00,1900-01-01 00:00:00,48,0.0,Short
95805,1900-01-01 00:00:00,1900-01-01 00:00:00,48,0.0,Short
95808,1900-01-01 00:00:00,1900-01-01 00:00:00,48,0.0,Short
95901,1900-01-01 00:00:00,1900-01-01 00:00:00,33,0.0,Short
95902,1900-01-01 00:00:00,1900-01-01 00:00:00,33,0.0,Short
95903,1900-01-01 00:00:00,1900-01-01 00:00:00,33,0.0,Short
95904,1900-01-01 00:00:00,1900-01-01 00:00:00,33,0.0,Short
95905,1900-01-01 00:00:00,1900-01-01 00:00:00,33,0.0,Short
95906,1900-01-01 00:00:00,1900-01-01 00:00:00,33,0.0,Short
95907,1900-01-01 00:00:00,1900-01-01 00:00:00,33,0.0,Short
95908,1900-01-01 00:00:00,1900-01-01 00:00:00,33,0.0,Short
95909,1900-01-01 00:00:00,1900-01-01 00:00:00,33,0.0,Short
95910,1900-01-01 00:00:00,1900-01-01 00:00:00,33,0.0,Short
95911,1900-01-01 00:00:00,1900-01-01 00:00:00,33,0.0,Short
95912,1900-01-01 00:00:00,1900-01-01 00:00:00,33,0.0,Short
95913,1900-01-01 00:00:00,1900-01-01 00:00:00,33,0.0,Short
95917,1900-01-01 00:00:00,1900-01-01 00:00:00,33,0.0,Short
95919,1900-01-01 00:00:00,1900-01-01 00:00:00,33,0.0,Short
96001,1900-01-01 05:40:00,1900-01-01 05:45:00,2,0.08333333333333333,Short
96002,1900-01-01 00:44:00,1900-01-01 00:51:00,2,0.11666666666666667,Short
96003,1900-01-01 05:50:00,1900-01-01 06:48:00,49,0.9666666666666667,Short
96004,1900-01-01 05:28:00,1900-01-01 05:35:00,2,0.11666666666666667,Short
96005,1900-01-01 08:00:00,1900-01-01 08:05:00,2,0.08333333333333333,Short
96006,1900-01-01 07:38:00,1900-01-01 07:45:00,2,0.11666666666666667,Short
96007,1900-01-01 10:40:00,1900-01-01 10:45:00,2,0.08333333333333333,Short
96008,1900-01-01 10:18:00,1900-01-01 10:25:00,2,0.11666666666666667,Short
96009,1900-01-01 11:55:00,1900-01-01 12:00:00,2,0.08333333333333333,Short
96010,1900-01-01 11:38:00,1900-01-01 11:45:00,2,0.11666666666666667,Short
96011,1900-01-01 13:15:00,1900-01-01 13:20:00,2,0.08333333333333333,Short
96012,1900-01-01 12:58:00,1900-01-01 13:05:00,2,0.11666666666666667,Short
96013,1900-01-01 15:27:00,1900-01-01 15:32:00,2,0.08333333333333333,Short
96014,1900-01-01 15:08:00,1900-01-01 15:15:00,2,0.11666666666666667,Short
96015,1900-01-01 20:34:00,1900-01-01 20:39:00,2,0.08333333333333333,Short
96016,1900-01-01 20:19:00,1900-01-01 20:26:00,2,0.11666666666666667,Short
96017,1900-01-01 21:40:00,1900-01-01 21:45:00,2,0.08333333333333333,Short
96018,1900-01-01 21:25:00,1900-01-01 21:32:00,2,0.11666666666666667,Short
96019,1900-01-01 23:57:00,1900-01-01 00:54:00,49,0.9499999999999993,Short
96020,1900-01-01 22:33:00,1900-01-01 23:33:00,49,1.0,Short
96022,1900-01-01 23:38:00,1900-01-01 23:45:00,2,0.11666666666666667,Short
96101,1900-01-01 01:52:00,1900-01-01 02:45:00,46,0.8833333333333333,Short
96102,1900-01-01 02:35:00,1900-01-01 03:27:00,46,0.8666666666666667,Short
96103,1900-01-01 05:33:00,1900-01-01 06:24:00,46,0.85,Short
96104,1900-01-01 03:41:00,1900-01-01 04:32:00,46,0.85,Short
96105,1900-01-01 06:01:00,1900-01-01 06:52:00,46,0.85,Short
96106,1900-01-01 04:32:00,1900-01-01 05:23:00,46,0.85,Short
96107,1900-01-01 06:16:00,1900-01-01 07:08:00,46,0.8666666666666667,Short
96108,1900-01-01 12:21:00,1900-01-01 13:12:00,46,0.85,Short
96109,1900-01-01 06:48:00,1900-01-01 07:39:00,46,0.85,Short
96110,1900-01-01 13:27:00,1900-01-01 14:18:00,46,0.85,Short
96111,1900-01-01 11:12:00,1900-01-01 12:13:00,46,1.0166666666666666,Short
96112,1900-01-01 21:43:00,1900-01-01 22:33:00,46,0.8333333333333334,Short
96113,1900-01-01 12:39:00,1900-01-01 13:31:00,46,0.8666666666666667,Short
96114,1900-01-01 00:00:00,1900-01-01 00:00:00,99,0.0,Short
96115,1900-01-01 18:23:00,1900-01-01 19:14:00,46,0.85,Short
96116,1900-01-01 00:00:00,1900-01-01 00:00:00,99,0.0,Short
96117,1900-01-01 20:39:00,1900-01-01 21:30:00,46,0.85,Short
96119,1900-01-01 00:57:00,1900-01-01 01:48:00,46,0.85,Short
96121,1900-01-01 00:00:00,1900-01-01 00:00:00,46,0.0,Short
96201,1900-01-01 06:23:00,1900-01-01 06:43:00,14,0.3333333333333333,Short
96202,1900-01-01 05:41:00,1900-01-01 05:59:00,14,0.3,Short
96203,1900-01-01 13:39:00,1900-01-01 13:57:00,14,0.3,Short
96204,1900-01-01 06:15:00,1900-01-01 06:33:00,14,0.3,Short
96205,1900-01-01 15:43:00,1900-01-01 16:03:00,14,0.3333333333333333,Short
96206,1900-01-01 06:47:00,1900-01-01 07:04:00,14,0.2833333333333333,Short
96207,1900-01-01 16:33:00,1900-01-01 16:53:00,14,0.3333333333333333,Short
96208,1900-01-01 07:57:00,1900-01-01 08:17:00,14,0.3333333333333333,Short
96209,1900-01-01 19:26:00,1900-01-01 19:47:00,14,0.35,Short
96210,1900-01-01 08:53:00,1900-01-01 09:12:00,14,0.31666666666666665,Short
96211,1900-01-01 20:18:00,1900-01-01 20:39:00,14,0.35,Short
96212,1900-01-01 10:27:00,1900-01-01 10:47:00,14,0.3333333333333333,Short
96213,1900-01-01 21:02:00,1900-01-01 21:22:00,14,0.3333333333333333,Short
96214,1900-01-01 10:58:00,1900-01-01 11:23:00,14,0.4166666666666667,Short
96215,1900-01-01 21:23:00,1900-01-01 21:42:00,14,0.31666666666666665,Short
96216,1900-01-01 11:23:00,1900-01-01 11:44:00,14,0.35,Short
96217,1900-01-01 22:06:00,1900-01-01 22:26:00,14,0.3333333333333333,Short
96218,1900-01-01 11:41:00,1900-01-01 12:00:00,14,0.31666666666666665,Short
96219,1900-01-01 22:35:00,1900-01-01 22:55:00,14,0.3333333333333333,Short
96220,1900-01-01 12:00:00,1900-01-01 12:19:00,14,0.31666666666666665,Short
96221,1900-01-01 22:57:00,1900-01-01 23:16:00,14,0.31666666666666665,Short
96222,1900-01-01 12:22:00,1900-01-01 12:43:00,14,0.35,Short
96223,1900-01-01 23:16:00,1900-01-01 23:36:00,14,0.3333333333333333,Short
96224,1900-01-01 20:24:00,1900-01-01 20:45:00,14,0.35,Short
96225,1900-01-01 00:12:00,1900-01-01 00:32:00,14,0.3333333333333333,Short
96226,1900-01-01 00:00:00,1900-01-01 00:00:00,14,0.0,Short
96227,1900-01-01 00:28:00,1900-01-01 00:48:00,14,0.3333333333333333,Short
96228,1900-01-01 00:00:00,1900-01-01 00:00:00,14,0.0,Short
96232,1900-01-01 23:04:00,1900-01-01 23:25:00,14,0.35,Short
96234,1900-01-01 23:31:00,1900-01-01 23:51:00,14,0.3333333333333333,Short
96236,1900-01-01 00:00:00,1900-01-01 00:00:00,67,0.0,Short
96301,1900-01-01 01:32:00,1900-01-01 01:45:00,6,0.21666666666666667,Short
96302,1900-01-01 03:45:00,1900-01-01 03:58:00,6,0.21666666666666667,Short
96303,1900-01-01 06:52:00,1900-01-01 07:05:00,6,0.21666666666666667,Short
96304,1900-01-01 04:11:00,1900-01-01 04:23:00,6,0.2,Short
96305,1900-01-01 07:08:00,1900-01-01 07:22:00,6,0.23333333333333334,Short
96306,1900-01-01 04:55:00,1900-01-01 05:08:00,6,0.21666666666666667,Short
96307,1900-01-01 07:47:00,1900-01-01 07:59:00,6,0.2,Short
96308,1900-01-01 05:18:00,1900-01-01 05:30:00,6,0.2,Short
96309,1900-01-01 08:20:00,1900-01-01 08:33:00,6,0.21666666666666667,Short
96310,1900-01-01 06:10:00,1900-01-01 06:22:00,6,0.2,Short
96311,1900-01-01 13:12:00,1900-01-01 13:24:00,6,0.2,Short
96312,1900-01-01 10:58:00,1900-01-01 11:12:00,6,0.23333333333333334,Short
96313,1900-01-01 13:27:00,1900-01-01 13:40:00,6,0.21666666666666667,Short
96314,1900-01-01 11:17:00,1900-01-01 11:30:00,6,0.21666666666666667,Short
96315,1900-01-01 14:03:00,1900-01-01 14:15:00,6,0.2,Short
96316,1900-01-01 12:03:00,1900-01-01 12:15:00,6,0.2,Short
96317,1900-01-01 14:25:00,1900-01-01 14:38:00,6,0.21666666666666667,Short
96318,1900-01-01 12:19:00,1900-01-01 12:31:00,6,0.2,Short
96319,1900-01-01 14:45:00,1900-01-01 14:58:00,6,0.21666666666666667,Short
96320,1900-01-01 12:51:00,1900-01-01 13:04:00,6,0.21666666666666667,Short
96321,1900-01-01 15:17:00,1900-01-01 15:30:00,6,0.21666666666666667,Short
96322,1900-01-01 13:35:00,1900-01-01 13:47:00,6,0.2,Short
96323,1900-01-01 16:01:00,1900-01-01 16:14:00,6,0.21666666666666667,Short
96324,1900-01-01 14:00:00,1900-01-01 14:13:00,6,0.21666666666666667,Short
96325,1900-01-01 16:19:00,1900-01-01 16:32:00,6,0.21666666666666667,Short
96326,1900-01-01 14:24:00,1900-01-01 14:36:00,6,0.2,Short
96327,1900-01-01 17:23:00,1900-01-01 17:36:00,6,0.21666666666666667,Short
96328,1900-01-01 19:38:00,1900-01-01 19:50:00,6,0.2,Short
96329,1900-01-01 17:40:00,1900-01-01 17:54:00,6,0.23333333333333334,Short
96330,1900-01-01 21:15:00,1900-01-01 21:28:00,6,0.21666666666666667,Short
96331,1900-01-01 21:06:00,1900-01-01 21:19:00,6,0.21666666666666667,Short
96332,1900-01-01 21:33:00,1900-01-01 21:45:00,6,0.2,Short
96333,1900-01-01 21:41:00,1900-01-01 21:54:00,6,0.21666666666666667,Short
96334,1900-01-01 22:01:00,1900-01-01 22:13:00,6,0.2,Short
96335,1900-01-01 22:10:00,1900-01-01 22:23:00,6,0.21666666666666667,Short
96336,1900-01-01 00:00:00,1900-01-01 00:00:00,59,0.0,Short
96337,1900-01-01 23:08:00,1900-01-01 23:20:00,6,0.2,Short
96339,1900-01-01 00:01:00,1900-01-01 00:15:00,6,0.23333333333333334,Short
96341,1900-01-01 00:35:00,1900-01-01 00:49:00,6,0.23333333333333334,Short
96343,1900-01-01 01:19:00,1900-01-01 01:32:00,6,0.21666666666666667,Short
96345,1900-01-01 00:00:00,1900-01-01 00:00:00,6,0.0,Short
96401,1900-01-01 01:43:00,1900-01-01 03:00:00,67,1.2833333333333334,Short
96402,1900-01-01 04:25:00,1900-01-01 05:35:00,67,1.1666666666666667,Short
96403,1900-01-01 05:43:00,1900-01-01 06:56:00,67,1.2166666666666666,Short
96404,1900-01-01 05:00:00,1900-01-01 06:10:00,67,1.1666666666666667,Short
96405,1900-01-01 06:28:00,1900-01-01 07:38:00,67,1.1666666666666667,Short
96406,1900-01-01 22:05:00,1900-01-01 23:17:00,67,1.2,Short
96407,1900-01-01 14:38:00,1900-01-01 15:47:00,67,1.15,Short
96409,1900-01-01 23:01:00,1900-01-01 00:11:00,67,1.1666666666666679,Short
96501,1900-01-01 00:00:00,1900-01-01 00:00:00,21,0.0,Short
96502,1900-01-01 06:11:00,1900-01-01 06:49:00,32,0.6333333333333333,Short
96503,1900-01-01 05:28:00,1900-01-01 06:03:00,32,0.5833333333333334,Short
96504,1900-01-01 07:08:00,1900-01-01 07:45:00,32,0.6166666666666667,Short
96505,1900-01-01 06:20:00,1900-01-01 06:57:00,32,0.6166666666666667,Short
96506,1900-01-01 08:47:00,1900-01-01 09:24:00,32,0.6166666666666667,Short
96507,1900-01-01 00:00:00,1900-01-01 00:00:00,32,0.0,Short
96508,1900-01-01 09:19:00,1900-01-01 09:55:00,32,0.6,Short
96509,1900-01-01 00:00:00,1900-01-01 00:00:00,32,0.0,Short
96510,1900-01-01 10:00:00,1900-01-01 10:36:00,32,0.6,Short
96511,1900-01-01 00:00:00,1900-01-01 00:00:00,32,0.0,Short
96512,1900-01-01 11:16:00,1900-01-01 11:52:00,32,0.6,Short
96513,1900-01-01 09:10:00,1900-01-01 09:45:00,32,0.5833333333333334,Short
96514,1900-01-01 13:16:00,1900-01-01 13:51:00,32,0.5833333333333334,Short
96515,1900-01-01 00:00:00,1900-01-01 00:00:00,32,0.0,Short
96516,1900-01-01 18:15:00,1900-01-01 18:52:00,32,0.6166666666666667,Short
96517,1900-01-01 00:00:00,1900-01-01 00:00:00,32,0.0,Short
96518,1900-01-01 19:43:00,1900-01-01 20:20:00,32,0.6166666666666667,Short
96519,1900-01-01 00:00:00,1900-01-01 00:00:00,32,0.0,Short
96520,1900-01-01 22:10:00,1900-01-01 22:50:00,32,0.6666666666666666,Short
96521,1900-01-01 22:25:00,1900-01-01 23:00:00,32,0.5833333333333334,Short
96522,1900-01-01 23:08:00,1900-01-01 23:42:00,32,0.5666666666666667,Short
96524,1900-01-01 00:00:00,1900-01-01 00:00:00,32,0.0,Short
96601,1900-01-01 05:47:00,1900-01-01 06:02:00,10,0.25,Short
96602,1900-01-01 04:01:00,1900-01-01 04:16:00,10,0.25,Short
96603,1900-01-01 06:08:00,1900-01-01 06:23:00,10,0.25,Short
96604,1900-01-01 04:32:00,1900-01-01 04:47:00,10,0.25,Short
96605,1900-01-01 06:55:00,1900-01-01 07:10:00,10,0.25,Short
96606,1900-01-01 05:05:00,1900-01-01 05:20:00,10,0.25,Short
96607,1900-01-01 07:23:00,1900-01-01 07:38:00,10,0.25,Short
96608,1900-01-01 05:35:00,1900-01-01 05:50:00,10,0.25,Short
96609,1900-01-01 07:44:00,1900-01-01 07:59:00,10,0.25,Short
96610,1900-01-01 06:13:00,1900-01-01 06:28:00,10,0.25,Short
96611,1900-01-01 08:00:00,1900-01-01 08:14:00,10,0.23333333333333334,Short
96612,1900-01-01 06:46:00,1900-01-01 06:57:00,10,0.18333333333333332,Short
96613,1900-01-01 08:29:00,1900-01-01 08:44:00,10,0.25,Short
96614,1900-01-01 07:52:00,1900-01-01 08:07:00,10,0.25,Short
96615,1900-01-01 09:29:00,1900-01-01 09:44:00,10,0.25,Short
96616,1900-01-01 08:10:00,1900-01-01 08:25:00,10,0.25,Short
96617,1900-01-01 11:25:00,1900-01-01 11:40:00,10,0.25,Short
96618,1900-01-01 08:33:00,1900-01-01 08:50:00,10,0.2833333333333333,Short
96619,1900-01-01 12:34:00,1900-01-01 12:49:00,10,0.25,Short
96620,1900-01-01 09:54:00,1900-01-01 10:09:00,10,0.25,Short
96621,1900-01-01 12:53:00,1900-01-01 13:08:00,10,0.25,Short
96622,1900-01-01 10:54:00,1900-01-01 11:11:00,10,0.2833333333333333,Short
96623,1900-01-01 13:21:00,1900-01-01 13:36:00,10,0.25,Short
96624,1900-01-01 11:18:00,1900-01-01 11:35:00,10,0.2833333333333333,Short
96625,1900-01-01 14:11:00,1900-01-01 14:26:00,10,0.25,Short
96626,1900-01-01 11:54:00,1900-01-01 12:09:00,10,0.25,Short
96627,1900-01-01 14:42:00,1900-01-01 14:56:00,10,0.23333333333333334,Short
96628,1900-01-01 12:21:00,1900-01-01 12:36:00,10,0.25,Short
96629,1900-01-01 15:09:00,1900-01-01 15:23:00,10,0.23333333333333334,Short
96630,1900-01-01 12:45:00,1900-01-01 13:00:00,10,0.25,Short
96631,1900-01-01 15:35:00,1900-01-01 15:50:00,10,0.25,Short
96632,1900-01-01 13:01:00,1900-01-01 13:16:00,10,0.25,Short
96633,1900-01-01 16:13:00,1900-01-01 16:28:00,10,0.25,Short
96634,1900-01-01 13:20:00,1900-01-01 13:35:00,10,0.25,Short
96635,1900-01-01 16:47:00,1900-01-01 17:02:00,10,0.25,Short
96636,1900-01-01 13:51:00,1900-01-01 14:06:00,10,0.25,Short
96637,1900-01-01 17:01:00,1900-01-01 17:17:00,10,0.26666666666666666,Short
96638,1900-01-01 14:44:00,1900-01-01 14:59:00,10,0.25,Short
96639,1900-01-01 17:50:00,1900-01-01 18:05:00,10,0.25,Short
96640,1900-01-01 15:05:00,1900-01-01 15:21:00,10,0.26666666666666666,Short
96641,1900-01-01 20:03:00,1900-01-01 20:18:00,10,0.25,Short
96642,1900-01-01 15:35:00,1900-01-01 15:50:00,10,0.25,Short
96643,1900-01-01 21:33:00,1900-01-01 21:48:00,10,0.25,Short
96644,1900-01-01 19:01:00,1900-01-01 19:16:00,10,0.25,Short
96645,1900-01-01 22:02:00,1900-01-01 22:17:00,10,0.25,Short
96646,1900-01-01 19:47:00,1900-01-01 20:03:00,10,0.26666666666666666,Short
96647,1900-01-01 22:49:00,1900-01-01 23:04:00,10,0.25,Short
96648,1900-01-01 20:21:00,1900-01-01 20:36:00,10,0.25,Short
96649,1900-01-01 23:30:00,1900-01-01 23:45:00,10,0.25,Short
96650,1900-01-01 20:37:00,1900-01-01 20:53:00,10,0.26666666666666666,Short
96651,1900-01-01 00:19:00,1900-01-01 00:34:00,10,0.25,Short
96652,1900-01-01 21:00:00,1900-01-01 21:15:00,10,0.25,Short
96653,1900-01-01 00:47:00,1900-01-01 01:02:00,10,0.25,Short
96654,1900-01-01 21:24:00,1900-01-01 21:39:00,10,0.25,Short
96655,1900-01-01 01:12:00,1900-01-01 01:27:00,10,0.25,Short
96656,1900-01-01 22:06:00,1900-01-01 22:21:00,10,0.25,Short
96657,1900-01-01 00:00:00,1900-01-01 00:00:00,64,0.0,Short
96658,1900-01-01 22:25:00,1900-01-01 22:41:00,10,0.26666666666666666,Short
96660,1900-01-01 23:14:00,1900-01-01 23:29:00,10,0.25,Short
97000,1900-01-01 00:00:00,1900-01-01 00:00:00,53,0.0,Short
97001,1900-01-01 00:00:00,1900-01-01 00:00:00,35,0.0,Short
97002,1900-01-01 00:00:00,1900-01-01 00:00:00,53,0.0,Short
97003,1900-01-01 00:00:00,1900-01-01 00:00:00,35,0.0,Short
97004,1900-01-01 00:00:00,1900-01-01 00:00:00,53,0.0,Short
97005,1900-01-01 00:00:00,1900-01-01 00:00:00,35,0.0,Short
97006,1900-01-01 00:00:00,1900-01-01 00:00:00,53,0.0,Short
97007,1900-01-01 00:00:00,1900-01-01 00:00:00,35,0.0,Short
97008,1900-01-01 00:00:00,1900-01-01 00:00:00,53,0.0,Short
97009,1900-01-01 00:00:00,1900-01-01 00:00:00,35,0.0,Short
97010,1900-01-01 00:00:00,1900-01-01 00:00:00,53,0.0,Short
97011,1900-01-01 00:00:00,1900-01-01 00:00:00,53,0.0,Short
97012,1900-01-01 00:00:00,1900-01-01 00:00:00,44,0.0,Short
97013,1900-01-01 00:00:00,1900-01-01 00:00:00,35,0.0,Short
97014,1900-01-01 00:00:00,1900-01-01 00:00:00,53,0.0,Short
97015,1900-01-01 00:00:00,1900-01-01 00:00:00,53,0.0,Short
97016,1900-01-01 00:00:00,1900-01-01 00:00:00,53,0.0,Short
97017,1900-01-01 00:00:00,1900-01-01 00:00:00,53,0.0,Short
97018,1900-01-01 00:00:00,1900-01-01 00:00:00,53,0.0,Short
97019,1900-01-01 00:00:00,1900-01-01 00:00:00,53,0.0,Short
97020,1900-01-01 00:00:00,1900-01-01 00:00:00,53,0.0,Short
97021,1900-01-01 00:00:00,1900-01-01 00:00:00,53,0.0,Short
97022,1900-01-01 00:00:00,1900-01-01 00:00:00,53,0.0,Short
97023,1900-01-01 00:00:00,1900-01-01 00:00:00,44,0.0,Short
97024,1900-01-01 00:00:00,1900-01-01 00:00:00,53,0.0,Short
97025,1900-01-01 00:00:00,1900-01-01 00:00:00,53,0.0,Short
97026,1900-01-01 00:00:00,1900-01-01 00:00:00,44,0.0,Short
97027,1900-01-01 00:00:00,1900-01-01 00:00:00,53,0.0,Short
97028,1900-01-01 00:00:00,1900-01-01 00:00:00,44,0.0,Short
97029,1900-01-01 00:00:00,1900-01-01 00:00:00,53,0.0,Short
97030,1900-01-01 00:00:00,1900-01-01 00:00:00,53,0.0,Short
97031,1900-01-01 00:00:00,1900-01-01 00:00:00,53,0.0,Short
97032,1900-01-01 00:00:00,1900-01-01 00:00:00,53,0.0,Short
97033,1900-01-01 00:00:00,1900-01-01 00:00:00,20,0.0,Short
97034,1900-01-01 00:00:00,1900-01-01 00:00:00,53,0.0,Short
97035,1900-01-01 00:00:00,1900-01-01 00:00:00,44,0.0,Short
97036,1900-01-01 00:00:00,1900-01-01 00:00:00,53,0.0,Short
97037,1900-01-01 00:00:00,1900-01-01 00:00:00,53,0.0,Short
97038,1900-01-01 00:00:00,1900-01-01 00:00:00,53,0.0,Short
97039,1900-01-01 00:00:00,1900-01-01 00:00:00,53,0.0,Short
97040,1900-01-01 00:00:00,1900-01-01 00:00:00,53,0.0,Short
97041,1900-01-01 00:00:00,1900-01-01 00:00:00,53,0.0,Short
97042,1900-01-01 00:00:00,1900-01-01 00:00:00,37,0.0,Short
97043,1900-01-01 00:00:00,1900-01-01 00:00:00,44,0.0,Short
97044,1900-01-01 00:00:00,1900-01-01 00:00:00,53,0.0,Short
97045,1900-01-01 00:00:00,1900-01-01 00:00:00,44,0.0,Short
97046,1900-01-01 00:00:00,1900-01-01 00:00:00,20,0.0,Short
97047,1900-01-01 00:00:00,1900-01-01 00:00:00,53,0.0,Short
97048,1900-01-01 00:00:00,1900-01-01 00:00:00,53,0.0,Short
97049,1900-01-01 00:00:00,1900-01-01 00:00:00,53,0.0,Short
97050,1900-01-01 00:00:00,1900-01-01 00:00:00,44,0.0,Short
97051,1900-01-01 00:00:00,1900-01-01 00:00:00,37,0.0,Short
97052,1900-01-01 00:00:00,1900-01-01 00:00:00,53,0.0,Short
97053,1900-01-01 00:00:00,1900-01-01 00:00:00,53,0.0,Short
97054,1900-01-01 00:00:00,1900-01-01 00:00:00,53,0.0,Short
97055,1900-01-01 00:00:00,1900-01-01 00:00:00,53,0.0,Short
97056,1900-01-01 00:00:00,1900-01-01 00:00:00,20,0.0,Short
97057,1900-01-01 00:00:00,1900-01-01 00:00:00,53,0.0,Short
97058,1900-01-01 00:00:00,1900-01-01 00:00:00,53,0.0,Short
97059,1900-01-01 00:00:00,1900-01-01 00:00:00,53,0.0,Short
97060,1900-01-01 00:00:00,1900-01-01 00:00:00,53,0.0,Short
97061,1900-01-01 00:00:00,1900-01-01 00:00:00,53,0.0,Short
97062,1900-01-01 00:00:00,1900-01-01 00:00:00,53,0.0,Short
97063,1900-01-01 00:00:00,1900-01-01 00:00:00,44,0.0,Short
97064,1900-01-01 00:00:00,1900-01-01 00:00:00,37,0.0,Short
97065,1900-01-01 00:00:00,1900-01-01 00:00:00,53,0.0,Short
97066,1900-01-01 00:00:00,1900-01-01 00:00:00,53,0.0,Short
97067,1900-01-01 00:00:00,1900-01-01 00:00:00,53,0.0,Short
97068,1900-01-01 00:00:00,1900-01-01 00:00:00,53,0.0,Short
97069,1900-01-01 00:00:00,1900-01-01 00:00:00,53,0.0,Short
97070,1900-01-01 00:00:00,1900-01-01 00:00:00,53,0.0,Short
97071,1900-01-01 00:00:00,1900-01-01 00:00:00,53,0.0,Short
97072,1900-01-01 00:00:00,1900-01-01 00:00:00,44,0.0,Short
97073,1900-01-01 00:00:00,1900-01-01 00:00:00,20,0.0,Short
97074,1900-01-01 00:00:00,1900-01-01 00:00:00,53,0.0,Short
97075,1900-01-01 00:00:00,1900-01-01 00:00:00,53,0.0,Short
97076,1900-01-01 00:00:00,1900-01-01 00:00:00,53,0.0,Short
97077,1900-01-01 00:00:00,1900-01-01 00:00:00,37,0.0,Short
97078,1900-01-01 00:00:00,1900-01-01 00:00:00,53,0.0,Short
97079,1900-01-01 00:00:00,1900-01-01 00:00:00,53,0.0,Short
97080,1900-01-01 00:00:00,1900-01-01 00:00:00,53,0.0,Short
97081,1900-01-01 00:00:00,1900-01-01 00:00:00,53,0.0,Short
97082,1900-01-01 00:00:00,1900-01-01 00:00:00,53,0.0,Short
97083,1900-01-01 00:00:00,1900-01-01 00:00:00,53,0.0,Short
97084,1900-01-01 00:00:00,1900-01-01 00:00:00,53,0.0,Short
97085,1900-01-01 00:00:00,1900-01-01 00:00:00,53,0.0,Short
97086,1900-01-01 00:00:00,1900-01-01 00:00:00,20,0.0,Short
97087,1900-01-01 00:00:00,1900-01-01 00:00:00,44,0.0,Short
97088,1900-01-01 00:00:00,1900-01-01 00:00:00,53,0.0,Short
97089,1900-01-01 00:00:00,1900-01-01 00:00:00,53,0.0,Short
97090,1900-01-01 00:00:00,1900-01-01 00:00:00,53,0.0,Short
97091,1900-01-01 00:00:00,1900-01-01 00:00:00,53,0.0,Short
97092,1900-01-01 00:00:00,1900-01-01 00:00:00,44,0.0,Short
97093,1900-01-01 00:00:00,1900-01-01 00:00:00,53,0.0,Short
97094,1900-01-01 00:00:00,1900-01-01 00:00:00,20,0.0,Short
97095,1900-01-01 00:00:00,1900-01-01 00:00:00,53,0.0,Short
97096,1900-01-01 00:00:00,1900-01-01 00:00:00,53,0.0,Short
97097,1900-01-01 00:00:00,1900-01-01 00:00:00,37,0.0,Short
97098,1900-01-01 00:00:00,1900-01-01 00:00:00,44,0.0,Short
97099,1900-01-01 00:00:00,1900-01-01 00:00:00,35,0.0,Short
97100,1900-01-01 00:00:00,1900-01-01 00:00:00,53,0.0,Short
97101,1900-01-01 00:00:00,1900-01-01 00:00:00,53,0.0,Short
97102,1900-01-01 00:00:00,1900-01-01 00:00:00,53,0.0,Short
97103,1900-01-01 00:00:00,1900-01-01 00:00:00,53,0.0,Short
97104,1900-01-01 00:00:00,1900-01-01 00:00:00,53,0.0,Short
97105,1900-01-01 00:00:00,1900-01-01 00:00:00,53,0.0,Short
97106,1900-01-01 00:00:00,1900-01-01 00:00:00,53,0.0,Short
97107,1900-01-01 00:00:00,1900-01-01 00:00:00,44,0.0,Short
97108,1900-01-01 00:00:00,1900-01-01 00:00:00,53,0.0,Short
97109,1900-01-01 00:00:00,1900-01-01 00:00:00,35,0.0,Short
97110,1900-01-01 00:00:00,1900-01-01 00:00:00,44,0.0,Short
97111,1900-01-01 00:00:00,1900-01-01 00:00:00,53,0.0,Short
97112,1900-01-01 00:00:00,1900-01-01 00:00:00,53,0.0,Short
97113,1900-01-01 00:00:00,1900-01-01 00:00:00,53,0.0,Short
97114,1900-01-01 00:00:00,1900-01-01 00:00:00,53,0.0,Short
97115,1900-01-01 00:00:00,1900-01-01 00:00:00,44,0.0,Short
97116,1900-01-01 00:00:00,1900-01-01 00:00:00,37,0.0,Short
97117,1900-01-01 00:00:00,1900-01-01 00:00:00,53,0.0,Short
97118,1900-01-01 00:00:00,1900-01-01 00:00:00,20,0.0,Short
97119,1900-01-01 00:00:00,1900-01-01 00:00:00,53,0.0,Short
97120,1900-01-01 00:00:00,1900-01-01 00:00:00,44,0.0,Short
97121,1900-01-01 00:00:00,1900-01-01 00:00:00,44,0.0,Short
97122,1900-01-01 00:00:00,1900-01-01 00:00:00,53,0.0,Short
97123,1900-01-01 00:00:00,1900-01-01 00:00:00,44,0.0,Short
97124,1900-01-01 00:00:00,1900-01-01 00:00:00,53,0.0,Short
97125,1900-01-01 00:00:00,1900-01-01 00:00:00,53,0.0,Short
97126,1900-01-01 00:00:00,1900-01-01 00:00:00,44,0.0,Short
97127,1900-01-01 00:00:00,1900-01-01 00:00:00,53,0.0,Short
97128,1900-01-01 00:00:00,1900-01-01 00:00:00,53,0.0,Short
97129,1900-01-01 00:00:00,1900-01-01 00:00:00,53,0.0,Short
97130,1900-01-01 00:00:00,1900-01-01 00:00:00,20,0.0,Short
97131,1900-01-01 00:00:00,1900-01-01 00:00:00,37,0.0,Short
97132,1900-01-01 00:00:00,1900-01-01 00:00:00,44,0.0,Short
97133,1900-01-01 00:00:00,1900-01-01 00:00:00,53,0.0,Short
97134,1900-01-01 00:00:00,1900-01-01 00:00:00,44,0.0,Short
97135,1900-01-01 00:00:00,1900-01-01 00:00:00,44,0.0,Short
97136,1900-01-01 00:00:00,1900-01-01 00:00:00,53,0.0,Short
97137,1900-01-01 00:00:00,1900-01-01 00:00:00,44,0.0,Short
97138,1900-01-01 00:00:00,1900-01-01 00:00:00,44,0.0,Short
97139,1900-01-01 00:00:00,1900-01-01 00:00:00,53,0.0,Short
97140,1900-01-01 00:00:00,1900-01-01 00:00:00,37,0.0,Short
97141,1900-01-01 00:00:00,1900-01-01 00:00:00,44,0.0,Short
97142,1900-01-01 00:00:00,1900-01-01 00:00:00,53,0.0,Short
97143,1900-01-01 00:00:00,1900-01-01 00:00:00,44,0.0,Short
97144,1900-01-01 00:00:00,1900-01-01 00:00:00,53,0.0,Short
97145,1900-01-01 00:00:00,1900-01-01 00:00:00,44,0.0,Short
97146,1900-01-01 00:00:00,1900-01-01 00:00:00,53,0.0,Short
97147,1900-01-01 00:00:00,1900-01-01 00:00:00,53,0.0,Short
97148,1900-01-01 00:00:00,1900-01-01 00:00:00,37,0.0,Short
97149,1900-01-01 00:00:00,1900-01-01 00:00:00,53,0.0,Short
97150,1900-01-01 00:00:00,1900-01-01 00:00:00,20,0.0,Short
97151,1900-01-01 00:00:00,1900-01-01 00:00:00,53,0.0,Short
97152,1900-01-01 00:00:00,1900-01-01 00:00:00,20,0.0,Short
97153,1900-01-01 00:00:00,1900-01-01 00:00:00,53,0.0,Short
97155,1900-01-01 00:00:00,1900-01-01 00:00:00,44,0.0,Short
97201,1900-01-01 00:00:00,1900-01-01 00:00:00,48,0.0,Short
97202,1900-01-01 00:00:00,1900-01-01 00:00:00,48,0.0,Short
97203,1900-01-01 00:00:00,1900-01-01 00:00:00,48,0.0,Short
97204,1900-01-01 00:00:00,1900-01-01 00:00:00,48,0.0,Short
97205,1900-01-01 00:00:00,1900-01-01 00:00:00,48,0.0,Short
97206,1900-01-01 00:00:00,1900-01-01 00:00:00,48,0.0,Short
97207,1900-01-01 00:00:00,1900-01-01 00:00:00,48,0.0,Short
97208,1900-01-01 00:00:00,1900-01-01 00:00:00,48,0.0,Short
97209,1900-01-01 00:00:00,1900-01-01 00:00:00,48,0.0,Short
97210,1900-01-01 00:00:00,1900-01-01 00:00:00,48,0.0,Short
97211,1900-01-01 00:00:00,1900-01-01 00:00:00,48,0.0,Short
97212,1900-01-01 00:00:00,1900-01-01 00:00:00,39,0.0,Short
97213,1900-01-01 00:00:00,1900-01-01 00:00:00,48,0.0,Short
97214,1900-01-01 00:00:00,1900-01-01 00:00:00,48,0.0,Short
97215,1900-01-01 00:00:00,1900-01-01 00:00:00,48,0.0,Short
97216,1900-01-01 00:00:00,1900-01-01 00:00:00,48,0.0,Short
97217,1900-01-01 00:00:00,1900-01-01 00:00:00,48,0.0,Short
97218,1900-01-01 00:00:00,1900-01-01 00:00:00,48,0.0,Short
97219,1900-01-01 00:00:00,1900-01-01 00:00:00,48,0.0,Short
97220,1900-01-01 00:00:00,1900-01-01 00:00:00,48,0.0,Short
97221,1900-01-01 00:00:00,1900-01-01 00:00:00,48,0.0,Short
97222,1900-01-01 00:00:00,1900-01-01 00:00:00,48,0.0,Short
97223,1900-01-01 00:00:00,1900-01-01 00:00:00,48,0.0,Short
97224,1900-01-01 00:00:00,1900-01-01 00:00:00,48,0.0,Short
97225,1900-01-01 00:00:00,1900-01-01 00:00:00,48,0.0,Short
97226,1900-01-01 00:00:00,1900-01-01 00:00:00,48,0.0,Short
97227,1900-01-01 00:00:00,1900-01-01 00:00:00,48,0.0,Short
97228,1900-01-01 00:00:00,1900-01-01 00:00:00,48,0.0,Short
97229,1900-01-01 00:00:00,1900-01-01 00:00:00,48,0.0,Short
97230,1900-01-01 00:00:00,1900-01-01 00:00:00,48,0.0,Short
97231,1900-01-01 00:00:00,1900-01-01 00:00:00,48,0.0,Short
97232,1900-01-01 00:00:00,1900-01-01 00:00:00,48,0.0,Short
97233,1900-01-01 00:00:00,1900-01-01 00:00:00,48,0.0,Short
97234,1900-01-01 00:00:00,1900-01-01 00:00:00,39,0.0,Short
97235,1900-01-01 00:00:00,1900-01-01 00:00:00,39,0.0,Short
97236,1900-01-01 00:00:00,1900-01-01 00:00:00,48,0.0,Short
97237,1900-01-01 00:00:00,1900-01-01 00:00:00,39,0.0,Short
97238,1900-01-01 00:00:00,1900-01-01 00:00:00,48,0.0,Short
97239,1900-01-01 00:00:00,1900-01-01 00:00:00,48,0.0,Short
97240,1900-01-01 00:00:00,1900-01-01 00:00:00,48,0.0,Short
97241,1900-01-01 00:00:00,1900-01-01 00:00:00,48,0.0,Short
97242,1900-01-01 00:00:00,1900-01-01 00:00:00,48,0.0,Short
97243,1900-01-01 00:00:00,1900-01-01 00:00:00,48,0.0,Short
97244,1900-01-01 00:00:00,1900-01-01 00:00:00,48,0.0,Short
97245,1900-01-01 00:00:00,1900-01-01 00:00:00,48,0.0,Short
97246,1900-01-01 00:00:00,1900-01-01 00:00:00,48,0.0,Short
97247,1900-01-01 00:00:00,1900-01-01 00:00:00,39,0.0,Short
97248,1900-01-01 00:00:00,1900-01-01 00:00:00,48,0.0,Short
97249,1900-01-01 00:00:00,1900-01-01 00:00:00,48,0.0,Short
97250,1900-01-01 00:00:00,1900-01-01 00:00:00,48,0.0,Short
97251,1900-01-01 00:00:00,1900-01-01 00:00:00,48,0.0,Short
97252,1900-01-01 00:00:00,1900-01-01 00:00:00,48,0.0,Short
97253,1900-01-01 00:00:00,1900-01-01 00:00:00,48,0.0,Short
97254,1900-01-01 00:00:00,1900-01-01 00:00:00,39,0.0,Short
97255,1900-01-01 00:00:00,1900-01-01 00:00:00,48,0.0,Short
97256,1900-01-01 00:00:00,1900-01-01 00:00:00,48,0.0,Short
97258,1900-01-01 00:00:00,1900-01-01 00:00:00,48,0.0,Short
97260,1900-01-01 00:00:00,1900-01-01 00:00:00,39,0.0,Short
97301,1900-01-01 00:00:00,1900-01-01 00:00:00,33,0.0,Short
97302,1900-01-01 00:00:00,1900-01-01 00:00:00,33,0.0,Short
97303,1900-01-01 00:00:00,1900-01-01 00:00:00,33,0.0,Short
97304,1900-01-01 00:00:00,1900-01-01 00:00:00,33,0.0,Short
97305,1900-01-01 00:00:00,1900-01-01 00:00:00,33,0.0,Short
97306,1900-01-01 00:00:00,1900-01-01 00:00:00,33,0.0,Short
97307,1900-01-01 00:00:00,1900-01-01 00:00:00,33,0.0,Short
97308,1900-01-01 00:00:00,1900-01-01 00:00:00,33,0.0,Short
97309,1900-01-01 00:00:00,1900-01-01 00:00:00,33,0.0,Short
97310,1900-01-01 00:00:00,1900-01-01 00:00:00,33,0.0,Short
97311,1900-01-01 00:00:00,1900-01-01 00:00:00,33,0.0,Short
97312,1900-01-01 00:00:00,1900-01-01 00:00:00,33,0.0,Short
97313,1900-01-01 00:00:00,1900-01-01 00:00:00,33,0.0,Short
97314,1900-01-01 00:00:00,1900-01-01 00:00:00,33,0.0,Short
97315,1900-01-01 00:00:00,1900-01-01 00:00:00,33,0.0,Short
97316,1900-01-01 00:00:00,1900-01-01 00:00:00,33,0.0,Short
97317,1900-01-01 00:00:00,1900-01-01 00:00:00,33,0.0,Short
97318,1900-01-01 00:00:00,1900-01-01 00:00:00,33,0.0,Short
97319,1900-01-01 00:00:00,1900-01-01 00:00:00,33,0.0,Short
97320,1900-01-01 00:00:00,1900-01-01 00:00:00,33,0.0,Short
97321,1900-01-01 00:00:00,1900-01-01 00:00:00,33,0.0,Short
97322,1900-01-01 00:00:00,1900-01-01 00:00:00,33,0.0,Short
97323,1900-01-01 00:00:00,1900-01-01 00:00:00,33,0.0,Short
97324,1900-01-01 00:00:00,1900-01-01 00:00:00,33,0.0,Short
97325,1900-01-01 00:00:00,1900-01-01 00:00:00,33,0.0,Short
97326,1900-01-01 00:00:00,1900-01-01 00:00:00,33,0.0,Short
97327,1900-01-01 00:00:00,1900-01-01 00:00:00,33,0.0,Short
97328,1900-01-01 00:00:00,1900-01-01 00:00:00,33,0.0,Short
97329,1900-01-01 00:00:00,1900-01-01 00:00:00,33,0.0,Short
97330,1900-01-01 00:00:00,1900-01-01 00:00:00,33,0.0,Short
97331,1900-01-01 00:00:00,1900-01-01 00:00:00,33,0.0,Short
97332,1900-01-01 00:00:00,1900-01-01 00:00:00,33,0.0,Short
97333,1900-01-01 00:00:00,1900-01-01 00:00:00,33,0.0,Short
97334,1900-01-01 00:00:00,1900-01-01 00:00:00,33,0.0,Short
97335,1900-01-01 00:00:00,1900-01-01 00:00:00,33,0.0,Short
97336,1900-01-01 00:00:00,1900-01-01 00:00:00,33,0.0,Short
97337,1900-01-01 00:00:00,1900-01-01 00:00:00,33,0.0,Short
97338,1900-01-01 00:00:00,1900-01-01 00:00:00,33,0.0,Short
97339,1900-01-01 00:00:00,1900-01-01 00:00:00,33,0.0,Short
97340,1900-01-01 00:00:00,1900-01-01 00:00:00,33,0.0,Short
97341,1900-01-01 00:00:00,1900-01-01 00:00:00,33,0.0,Short
97342,1900-01-01 00:00:00,1900-01-01 00:00:00,33,0.0,Short
97343,1900-01-01 00:00:00,1900-01-01 00:00:00,33,0.0,Short
97344,1900-01-01 00:00:00,1900-01-01 00:00:00,33,0.0,Short
97345,1900-01-01 00:00:00,1900-01-01 00:00:00,33,0.0,Short
97346,1900-01-01 00:00:00,1900-01-01 00:00:00,33,0.0,Short
97347,1900-01-01 00:00:00,1900-01-01 00:00:00,33,0.0,Short
97348,1900-01-01 00:00:00,1900-01-01 00:00:00,33,0.0,Short
97349,1900-01-01 00:00:00,1900-01-01 00:00:00,33,0.0,Short
97350,1900-01-01 00:00:00,1900-01-01 00:00:00,33,0.0,Short
97351,1900-01-01 00:00:00,1900-01-01 00:00:00,33,0.0,Short
97352,1900-01-01 00:00:00,1900-01-01 00:00:00,33,0.0,Short
97353,1900-01-01 00:00:00,1900-01-01 00:00:00,33,0.0,Short
97354,1900-01-01 00:00:00,1900-01-01 00:00:00,33,0.0,Short
97355,1900-01-01 00:00:00,1900-01-01 00:00:00,33,0.0,Short
97356,1900-01-01 00:00:00,1900-01-01 00:00:00,33,0.0,Short
97357,1900-01-01 00:00:00,1900-01-01 00:00:00,33,0.0,Short
97358,1900-01-01 00:00:00,1900-01-01 00:00:00,33,0.0,Short
97359,1900-01-01 00:00:00,1900-01-01 00:00:00,33,0.0,Short
97360,1900-01-01 00:00:00,1900-01-01 00:00:00,33,0.0,Short
97361,1900-01-01 00:00:00,1900-01-01 00:00:00,33,0.0,Short
97362,1900-01-01 00:00:00,1900-01-01 00:00:00,33,0.0,Short
97363,1900-01-01 00:00:00,1900-01-01 00:00:00,33,0.0,Short
97364,1900-01-01 00:00:00,1900-01-01 00:00:00,33,0.0,Short
97365,1900-01-01 00:00:00,1900-01-01 00:00:00,33,0.0,Short
97366,1900-01-01 00:00:00,1900-01-01 00:00:00,33,0.0,Short
97367,1900-01-01 00:00:00,1900-01-01 00:00:00,33,0.0,Short
97368,1900-01-01 00:00:00,1900-01-01 00:00:00,33,0.0,Short
97369,1900-01-01 00:00:00,1900-01-01 00:00:00,33,0.0,Short
97370,1900-01-01 00:00:00,1900-01-01 00:00:00,33,0.0,Short
97371,1900-01-01 00:00:00,1900-01-01 00:00:00,33,0.0,Short
97372,1900-01-01 00:00:00,1900-01-01 00:00:00,33,0.0,Short
97373,1900-01-01 00:00:00,1900-01-01 00:00:00,33,0.0,Short
97374,1900-01-01 00:00:00,1900-01-01 00:00:00,33,0.0,Short
97375,1900-01-01 00:00:00,1900-01-01 00:00:00,24,0.0,Short
97376,1900-01-01 00:00:00,1900-01-01 00:00:00,33,0.0,Short
97377,1900-01-01 00:00:00,1900-01-01 00:00:00,33,0.0,Short
97378,1900-01-01 00:00:00,1900-01-01 00:00:00,33,0.0,Short
97379,1900-01-01 00:00:00,1900-01-01 00:00:00,33,0.0,Short
97380,1900-01-01 00:00:00,1900-01-01 00:00:00,33,0.0,Short
97381,1900-01-01 00:00:00,1900-01-01 00:00:00,33,0.0,Short
97382,1900-01-01 00:00:00,1900-01-01 00:00:00,33,0.0,Short
97383,1900-01-01 00:00:00,1900-01-01 00:00:00,33,0.0,Short
97384,1900-01-01 00:00:00,1900-01-01 00:00:00,24,0.0,Short
97385,1900-01-01 00:00:00,1900-01-01 00:00:00,33,0.0,Short
97386,1900-01-01 00:00:00,1900-01-01 00:00:00,33,0.0,Short
97387,1900-01-01 00:00:00,1900-01-01 00:00:00,33,0.0,Short
97388,1900-01-01 00:00:00,1900-01-01 00:00:00,33,0.0,Short
97389,1900-01-01 00:00:00,1900-01-01 00:00:00,33,0.0,Short
97390,1900-01-01 00:00:00,1900-01-01 00:00:00,33,0.0,Short
97391,1900-01-01 00:00:00,1900-01-01 00:00:00,33,0.0,Short
97392,1900-01-01 00:00:00,1900-01-01 00:00:00,33,0.0,Short
97393,1900-01-01 00:00:00,1900-01-01 00:00:00,33,0.0,Short
97394,1900-01-01 00:00:00,1900-01-01 00:00:00,33,0.0,Short
97395,1900-01-01 00:00:00,1900-01-01 00:00:00,33,0.0,Short
97396,1900-01-01 00:00:00,1900-01-01 00:00:00,33,0.0,Short
97397,1900-01-01 00:00:00,1900-01-01 00:00:00,33,0.0,Short
97398,1900-01-01 00:00:00,1900-01-01 00:00:00,33,0.0,Short
97399,1900-01-01 00:00:00,1900-01-01 00:00:00,33,0.0,Short
97400,1900-01-01 00:00:00,1900-01-01 00:00:00,33,0.0,Short
97401,1900-01-01 00:00:00,1900-01-01 00:00:00,33,0.0,Short
97402,1900-01-01 00:00:00,1900-01-01 00:00:00,33,0.0,Short
97403,1900-01-01 00:00:00,1900-01-01 00:00:00,33,0.0,Short
97404,1900-01-01 00:00:00,1900-01-01 00:00:00,33,0.0,Short
97405,1900-01-01 00:00:00,1900-01-01 00:00:00,33,0.0,Short
97406,1900-01-01 00:00:00,1900-01-01 00:00:00,24,0.0,Short
97407,1900-01-01 00:00:00,1900-01-01 00:00:00,33,0.0,Short
97408,1900-01-01 00:00:00,1900-01-01 00:00:00,33,0.0,Short
97409,1900-01-01 00:00:00,1900-01-01 00:00:00,24,0.0,Short
97410,1900-01-01 00:00:00,1900-01-01 00:00:00,24,0.0,Short
97411,1900-01-01 00:00:00,1900-01-01 00:00:00,33,0.0,Short
97412,1900-01-01 00:00:00,1900-01-01 00:00:00,33,0.0,Short
97413,1900-01-01 00:00:00,1900-01-01 00:00:00,33,0.0,Short
97414,1900-01-01 00:00:00,1900-01-01 00:00:00,33,0.0,Short
97415,1900-01-01 00:00:00,1900-01-01 00:00:00,24,0.0,Short
97416,1900-01-01 00:00:00,1900-01-01 00:00:00,33,0.0,Short
97417,1900-01-01 00:00:00,1900-01-01 00:00:00,33,0.0,Short
97418,1900-01-01 00:00:00,1900-01-01 00:00:00,33,0.0,Short
97419,1900-01-01 00:00:00,1900-01-01 00:00:00,33,0.0,Short
97420,1900-01-01 00:00:00,1900-01-01 00:00:00,24,0.0,Short
97421,1900-01-01 00:00:00,1900-01-01 00:00:00,33,0.0,Short
97422,1900-01-01 00:00:00,1900-01-01 00:00:00,33,0.0,Short
97423,1900-01-01 00:00:00,1900-01-01 00:00:00,33,0.0,Short
97424,1900-01-01 00:00:00,1900-01-01 00:00:00,24,0.0,Short
97425,1900-01-01 00:00:00,1900-01-01 00:00:00,33,0.0,Short
97426,1900-01-01 00:00:00,1900-01-01 00:00:00,33,0.0,Short
97427,1900-01-01 00:00:00,1900-01-01 00:00:00,33,0.0,Short
97428,1900-01-01 00:00:00,1900-01-01 00:00:00,33,0.0,Short
97429,1900-01-01 00:00:00,1900-01-01 00:00:00,24,0.0,Short
97430,1900-01-01 00:00:00,1900-01-01 00:00:00,24,0.0,Short
97431,1900-01-01 00:00:00,1900-01-01 00:00:00,33,0.0,Short
97432,1900-01-01 00:00:00,1900-01-01 00:00:00,33,0.0,Short
97433,1900-01-01 00:00:00,1900-01-01 00:00:00,33,0.0,Short
97434,1900-01-01 00:00:00,1900-01-01 00:00:00,33,0.0,Short
97435,1900-01-01 00:00:00,1900-01-01 00:00:00,33,0.0,Short
97436,1900-01-01 00:00:00,1900-01-01 00:00:00,33,0.0,Short
97437,1900-01-01 00:00:00,1900-01-01 00:00:00,33,0.0,Short
97438,1900-01-01 00:00:00,1900-01-01 00:00:00,33,0.0,Short
97439,1900-01-01 00:00:00,1900-01-01 00:00:00,33,0.0,Short
97440,1900-01-01 00:00:00,1900-01-01 00:00:00,33,0.0,Short
97441,1900-01-01 00:00:00,1900-01-01 00:00:00,33,0.0,Short
97442,1900-01-01 00:00:00,1900-01-01 00:00:00,24,0.0,Short
97444,1900-01-01 00:00:00,1900-01-01 00:00:00,33,0.0,Short
97445,1900-01-01 00:00:00,1900-01-01 00:00:00,33,0.0,Short
97446,1900-01-01 00:00:00,1900-01-01 00:00:00,33,0.0,Short
97501,1900-01-01 00:00:00,1900-01-01 00:00:00,19,0.0,Short
97502,1900-01-01 00:00:00,1900-01-01 00:00:00,19,0.0,Short
97503,1900-01-01 00:00:00,1900-01-01 00:00:00,19,0.0,Short
97504,1900-01-01 00:00:00,1900-01-01 00:00:00,19,0.0,Short
97601,1900-01-01 00:00:00,1900-01-01 00:00:00,15,0.0,Short
97602,1900-01-01 00:00:00,1900-01-01 00:00:00,15,0.0,Short
97603,1900-01-01 00:00:00,1900-01-01 00:00:00,15,0.0,Short
97604,1900-01-01 00:00:00,1900-01-01 00:00:00,15,0.0,Short
97605,1900-01-01 00:00:00,1900-01-01 00:00:00,15,0.0,Short
97606,1900-01-01 00:00:00,1900-01-01 00:00:00,15,0.0,Short
97607,1900-01-01 00:00:00,1900-01-01 00:00:00,15,0.0,Short
97608,1900-01-01 00:00:00,1900-01-01 00:00:00,15,0.0,Short
97609,1900-01-01 00:00:00,1900-01-01 00:00:00,15,0.0,Short
97610,1900-01-01 00:00:00,1900-01-01 00:00:00,15,0.0,Short
97611,1900-01-01 00:00:00,1900-01-01 00:00:00,15,0.0,Short
97612,1900-01-01 00:00:00,1900-01-01 00:00:00,15,0.0,Short
97613,1900-01-01 00:00:00,1900-01-01 00:00:00,15,0.0,Short
97614,1900-01-01 00:00:00,1900-01-01 00:00:00,15,0.0,Short
97615,1900-01-01 00:00:00,1900-01-01 00:00:00,15,0.0,Short
97616,1900-01-01 00:00:00,1900-01-01 00:00:00,15,0.0,Short
97617,1900-01-01 00:00:00,1900-01-01 00:00:00,15,0.0,Short
97618,1900-01-01 00:00:00,1900-01-01 00:00:00,15,0.0,Short
97619,1900-01-01 00:00:00,1900-01-01 00:00:00,15,0.0,Short
97620,1900-01-01 00:00:00,1900-01-01 00:00:00,15,0.0,Short
97621,1900-01-01 00:00:00,1900-01-01 00:00:00,15,0.0,Short
97622,1900-01-01 00:00:00,1900-01-01 00:00:00,15,0.0,Short
97623,1900-01-01 00:00:00,1900-01-01 00:00:00,15,0.0,Short
97624,1900-01-01 00:00:00,1900-01-01 00:00:00,15,0.0,Short
97625,1900-01-01 00:00:00,1900-01-01 00:00:00,15,0.0,Short
97626,1900-01-01 00:00:00,1900-01-01 00:00:00,15,0.0,Short
97627,1900-01-01 00:00:00,1900-01-01 00:00:00,15,0.0,Short
97628,1900-01-01 00:00:00,1900-01-01 00:00:00,15,0.0,Short
97629,1900-01-01 00:00:00,1900-01-01 00:00:00,15,0.0,Short
97630,1900-01-01 00:00:00,1900-01-01 00:00:00,15,0.0,Short
97631,1900-01-01 00:00:00,1900-01-01 00:00:00,15,0.0,Short
97632,1900-01-01 00:00:00,1900-01-01 00:00:00,15,0.0,Short
97633,1900-01-01 00:00:00,1900-01-01 00:00:00,15,0.0,Short
97634,1900-01-01 00:00:00,1900-01-01 00:00:00,15,0.0,Short
97635,1900-01-01 00:00:00,1900-01-01 00:00:00,15,0.0,Short
97636,1900-01-01 00:00:00,1900-01-01 00:00:00,15,0.0,Short
97637,1900-01-01 00:00:00,1900-01-01 00:00:00,15,0.0,Short
97638,1900-01-01 00:00:00,1900-01-01 00:00:00,15,0.0,Short
97639,1900-01-01 00:00:00,1900-01-01 00:00:00,15,0.0,Short
97640,1900-01-01 00:00:00,1900-01-01 00:00:00,15,0.0,Short
97641,1900-01-01 00:00:00,1900-01-01 00:00:00,15,0.0,Short
97642,1900-01-01 00:00:00,1900-01-01 00:00:00,15,0.0,Short
97643,1900-01-01 00:00:00,1900-01-01 00:00:00,15,0.0,Short
97644,1900-01-01 00:00:00,1900-01-01 00:00:00,15,0.0,Short
97645,1900-01-01 00:00:00,1900-01-01 00:00:00,15,0.0,Short
97646,1900-01-01 00:00:00,1900-01-01 00:00:00,15,0.0,Short
97647,1900-01-01 00:00:00,1900-01-01 00:00:00,15,0.0,Short
97648,1900-01-01 00:00:00,1900-01-01 00:00:00,15,0.0,Short
97649,1900-01-01 00:00:00,1900-01-01 00:00:00,15,0.0,Short
97651,1900-01-01 00:00:00,1900-01-01 00:00:00,15,0.0,Short
97653,1900-01-01 00:00:00,1900-01-01 00:00:00,15,0.0,Short
97655,1900-01-01 00:00:00,1900-01-01 00:00:00,15,0.0,Short
98000,1900-01-01 00:00:00,1900-01-01 00:00:00,49,0.0,Short
98001,1900-01-01 00:00:00,1900-01-01 00:00:00,49,0.0,Short
98002,1900-01-01 00:00:00,1900-01-01 00:00:00,49,0.0,Short
98003,1900-01-01 00:00:00,1900-01-01 00:00:00,49,0.0,Short
98004,1900-01-01 00:00:00,1900-01-01 00:00:00,49,0.0,Short
98005,1900-01-01 00:00:00,1900-01-01 00:00:00,49,0.0,Short
98006,1900-01-01 00:00:00,1900-01-01 00:00:00,49,0.0,Short
98007,1900-01-01 00:00:00,1900-01-01 00:00:00,49,0.0,Short
98008,1900-01-01 00:00:00,1900-01-01 00:00:00,49,0.0,Short
98009,1900-01-01 00:00:00,1900-01-01 00:00:00,49,0.0,Short
98010,1900-01-01 00:00:00,1900-01-01 00:00:00,49,0.0,Short
98011,1900-01-01 00:00:00,1900-01-01 00:00:00,49,0.0,Short
98012,1900-01-01 00:00:00,1900-01-01 00:00:00,49,0.0,Short
98013,1900-01-01 00:00:00,1900-01-01 00:00:00,20,0.0,Short
98014,1900-01-01 00:00:00,1900-01-01 00:00:00,49,0.0,Short
98015,1900-01-01 00:00:00,1900-01-01 00:00:00,49,0.0,Short
98016,1900-01-01 00:00:00,1900-01-01 00:00:00,49,0.0,Short
98017,1900-01-01 00:00:00,1900-01-01 00:00:00,49,0.0,Short
98018,1900-01-01 00:00:00,1900-01-01 00:00:00,39,0.0,Short
98019,1900-01-01 00:00:00,1900-01-01 00:00:00,49,0.0,Short
98020,1900-01-01 00:00:00,1900-01-01 00:00:00,49,0.0,Short
98021,1900-01-01 00:00:00,1900-01-01 00:00:00,20,0.0,Short
98022,1900-01-01 00:00:00,1900-01-01 00:00:00,49,0.0,Short
98023,1900-01-01 00:00:00,1900-01-01 00:00:00,49,0.0,Short
98024,1900-01-01 00:00:00,1900-01-01 00:00:00,49,0.0,Short
98025,1900-01-01 00:00:00,1900-01-01 00:00:00,49,0.0,Short
98026,1900-01-01 00:00:00,1900-01-01 00:00:00,39,0.0,Short
98027,1900-01-01 00:00:00,1900-01-01 00:00:00,49,0.0,Short
98028,1900-01-01 00:00:00,1900-01-01 00:00:00,49,0.0,Short
98029,1900-01-01 00:00:00,1900-01-01 00:00:00,49,0.0,Short
98030,1900-01-01 00:00:00,1900-01-01 00:00:00,49,0.0,Short
98031,1900-01-01 00:00:00,1900-01-01 00:00:00,39,0.0,Short
98032,1900-01-01 00:00:00,1900-01-01 00:00:00,39,0.0,Short
98033,1900-01-01 00:00:00,1900-01-01 00:00:00,49,0.0,Short
98034,1900-01-01 00:00:00,1900-01-01 00:00:00,49,0.0,Short
98035,1900-01-01 00:00:00,1900-01-01 00:00:00,49,0.0,Short
98036,1900-01-01 00:00:00,1900-01-01 00:00:00,49,0.0,Short
98037,1900-01-01 00:00:00,1900-01-01 00:00:00,49,0.0,Short
98038,1900-01-01 00:00:00,1900-01-01 00:00:00,49,0.0,Short
98039,1900-01-01 00:00:00,1900-01-01 00:00:00,49,0.0,Short
98040,1900-01-01 00:00:00,1900-01-01 00:00:00,39,0.0,Short
98041,1900-01-01 00:00:00,1900-01-01 00:00:00,49,0.0,Short
98042,1900-01-01 00:00:00,1900-01-01 00:00:00,49,0.0,Short
98043,1900-01-01 00:00:00,1900-01-01 00:00:00,49,0.0,Short
98044,1900-01-01 00:00:00,1900-01-01 00:00:00,49,0.0,Short
98045,1900-01-01 00:00:00,1900-01-01 00:00:00,49,0.0,Short
98046,1900-01-01 00:00:00,1900-01-01 00:00:00,49,0.0,Short
98047,1900-01-01 00:00:00,1900-01-01 00:00:00,49,0.0,Short
98048,1900-01-01 00:00:00,1900-01-01 00:00:00,49,0.0,Short
98049,1900-01-01 00:00:00,1900-01-01 00:00:00,49,0.0,Short
98050,1900-01-01 00:00:00,1900-01-01 00:00:00,49,0.0,Short
98051,1900-01-01 00:00:00,1900-01-01 00:00:00,39,0.0,Short
98052,1900-01-01 00:00:00,1900-01-01 00:00:00,49,0.0,Short
98053,1900-01-01 00:00:00,1900-01-01 00:00:00,49,0.0,Short
98054,1900-01-01 00:00:00,1900-01-01 00:00:00,49,0.0,Short
98055,1900-01-01 00:00:00,1900-01-01 00:00:00,49,0.0,Short
98056,1900-01-01 00:00:00,1900-01-01 00:00:00,49,0.0,Short
98057,1900-01-01 00:00:00,1900-01-01 00:00:00,49,0.0,Short
98058,1900-01-01 00:00:00,1900-01-01 00:00:00,49,0.0,Short
98059,1900-01-01 00:00:00,1900-01-01 00:00:00,49,0.0,Short
98060,1900-01-01 00:00:00,1900-01-01 00:00:00,49,0.0,Short
98061,1900-01-01 00:00:00,1900-01-01 00:00:00,49,0.0,Short
98062,1900-01-01 00:00:00,1900-01-01 00:00:00,49,0.0,Short
98063,1900-01-01 00:00:00,1900-01-01 00:00:00,49,0.0,Short
98064,1900-01-01 00:00:00,1900-01-01 00:00:00,49,0.0,Short
98065,1900-01-01 00:00:00,1900-01-01 00:00:00,49,0.0,Short
98066,1900-01-01 00:00:00,1900-01-01 00:00:00,49,0.0,Short
98067,1900-01-01 00:00:00,1900-01-01 00:00:00,49,0.0,Short
98068,1900-01-01 00:00:00,1900-01-01 00:00:00,49,0.0,Short
98069,1900-01-01 00:00:00,1900-01-01 00:00:00,49,0.0,Short
98070,1900-01-01 00:00:00,1900-01-01 00:00:00,49,0.0,Short
98071,1900-01-01 00:00:00,1900-01-01 00:00:00,49,0.0,Short
98072,1900-01-01 00:00:00,1900-01-01 00:00:00,49,0.0,Short
98073,1900-01-01 00:00:00,1900-01-01 00:00:00,49,0.0,Short
98074,1900-01-01 00:00:00,1900-01-01 00:00:00,49,0.0,Short
98075,1900-01-01 00:00:00,1900-01-01 00:00:00,49,0.0,Short
98076,1900-01-01 00:00:00,1900-01-01 00:00:00,49,0.0,Short
98077,1900-01-01 00:00:00,1900-01-01 00:00:00,49,0.0,Short
98078,1900-01-01 00:00:00,1900-01-01 00:00:00,49,0.0,Short
98079,1900-01-01 00:00:00,1900-01-01 00:00:00,49,0.0,Short
98080,1900-01-01 00:00:00,1900-01-01 00:00:00,49,0.0,Short
98081,1900-01-01 00:00:00,1900-01-01 00:00:00,49,0.0,Short
98082,1900-01-01 00:00:00,1900-01-01 00:00:00,49,0.0,Short
98083,1900-01-01 00:00:00,1900-01-01 00:00:00,39,0.0,Short
98084,1900-01-01 00:00:00,1900-01-01 00:00:00,49,0.0,Short
98085,1900-01-01 00:00:00,1900-01-01 00:00:00,49,0.0,Short
98087,1900-01-01 00:00:00,1900-01-01 00:00:00,49,0.0,Short
98088,1900-01-01 00:00:00,1900-01-01 00:00:00,49,0.0,Short
98089,1900-01-01 00:00:00,1900-01-01 00:00:00,49,0.0,Short
98090,1900-01-01 00:00:00,1900-01-01 00:00:00,49,0.0,Short
98091,1900-01-01 00:00:00,1900-01-01 00:00:00,49,0.0,Short
98092,1900-01-01 00:00:00,1900-01-01 00:00:00,49,0.0,Short
98093,1900-01-01 00:00:00,1900-01-01 00:00:00,49,0.0,Short
98094,1900-01-01 00:00:00,1900-01-01 00:00:00,49,0.0,Short
98095,1900-01-01 00:00:00,1900-01-01 00:00:00,49,0.0,Short
98096,1900-01-01 00:00:00,1900-01-01 00:00:00,49,0.0,Short
98097,1900-01-01 00:00:00,1900-01-01 00:00:00,49,0.0,Short
98098,1900-01-01 00:00:00,1900-01-01 00:00:00,49,0.0,Short
98099,1900-01-01 00:00:00,1900-01-01 00:00:00,49,0.0,Short
98100,1900-01-01 00:00:00,1900-01-01 00:00:00,49,0.0,Short
98101,1900-01-01 00:00:00,1900-01-01 00:00:00,49,0.0,Short
98102,1900-01-01 00:00:00,1900-01-01 00:00:00,49,0.0,Short
98103,1900-01-01 00:00:00,1900-01-01 00:00:00,39,0.0,Short
98104,1900-01-01 00:00:00,1900-01-01 00:00:00,49,0.0,Short
98105,1900-01-01 00:00:00,1900-01-01 00:00:00,49,0.0,Short
98106,1900-01-01 00:00:00,1900-01-01 00:00:00,49,0.0,Short
98107,1900-01-01 00:00:00,1900-01-01 00:00:00,49,0.0,Short
98108,1900-01-01 00:00:00,1900-01-01 00:00:00,49,0.0,Short
98109,1900-01-01 00:00:00,1900-01-01 00:00:00,49,0.0,Short
98110,1900-01-01 00:00:00,1900-01-01 00:00:00,49,0.0,Short
98111,1900-01-01 00:00:00,1900-01-01 00:00:00,49,0.0,Short
98112,1900-01-01 00:00:00,1900-01-01 00:00:00,49,0.0,Short
98113,1900-01-01 00:00:00,1900-01-01 00:00:00,49,0.0,Short
98114,1900-01-01 00:00:00,1900-01-01 00:00:00,49,0.0,Short
98115,1900-01-01 00:00:00,1900-01-01 00:00:00,49,0.0,Short
98116,1900-01-01 00:00:00,1900-01-01 00:00:00,49,0.0,Short
98117,1900-01-01 00:00:00,1900-01-01 00:00:00,49,0.0,Short
98118,1900-01-01 00:00:00,1900-01-01 00:00:00,49,0.0,Short
98119,1900-01-01 00:00:00,1900-01-01 00:00:00,49,0.0,Short
98120,1900-01-01 00:00:00,1900-01-01 00:00:00,49,0.0,Short
98121,1900-01-01 00:00:00,1900-01-01 00:00:00,49,0.0,Short
98122,1900-01-01 00:00:00,1900-01-01 00:00:00,49,0.0,Short
98123,1900-01-01 00:00:00,1900-01-01 00:00:00,49,0.0,Short
98124,1900-01-01 00:00:00,1900-01-01 00:00:00,49,0.0,Short
98125,1900-01-01 00:00:00,1900-01-01 00:00:00,49,0.0,Short
98126,1900-01-01 00:00:00,1900-01-01 00:00:00,49,0.0,Short
98127,1900-01-01 00:00:00,1900-01-01 00:00:00,49,0.0,Short
98128,1900-01-01 00:00:00,1900-01-01 00:00:00,49,0.0,Short
98129,1900-01-01 00:00:00,1900-01-01 00:00:00,49,0.0,Short
98130,1900-01-01 00:00:00,1900-01-01 00:00:00,49,0.0,Short
98131,1900-01-01 00:00:00,1900-01-01 00:00:00,49,0.0,Short
98132,1900-01-01 00:00:00,1900-01-01 00:00:00,49,0.0,Short
98133,1900-01-01 00:00:00,1900-01-01 00:00:00,39,0.0,Short
98134,1900-01-01 00:00:00,1900-01-01 00:00:00,39,0.0,Short
98135,1900-01-01 00:00:00,1900-01-01 00:00:00,49,0.0,Short
98136,1900-01-01 00:00:00,1900-01-01 00:00:00,49,0.0,Short
98137,1900-01-01 00:00:00,1900-01-01 00:00:00,49,0.0,Short
98138,1900-01-01 00:00:00,1900-01-01 00:00:00,49,0.0,Short
98139,1900-01-01 00:00:00,1900-01-01 00:00:00,49,0.0,Short
98140,1900-01-01 00:00:00,1900-01-01 00:00:00,49,0.0,Short
98141,1900-01-01 00:00:00,1900-01-01 00:00:00,49,0.0,Short
98142,1900-01-01 00:00:00,1900-01-01 00:00:00,49,0.0,Short
98143,1900-01-01 00:00:00,1900-01-01 00:00:00,39,0.0,Short
98144,1900-01-01 00:00:00,1900-01-01 00:00:00,39,0.0,Short
98145,1900-01-01 00:00:00,1900-01-01 00:00:00,49,0.0,Short
98146,1900-01-01 00:00:00,1900-01-01 00:00:00,49,0.0,Short
98147,1900-01-01 00:00:00,1900-01-01 00:00:00,49,0.0,Short
98148,1900-01-01 00:00:00,1900-01-01 00:00:00,49,0.0,Short
98149,1900-01-01 00:00:00,1900-01-01 00:00:00,39,0.0,Short
98150,1900-01-01 00:00:00,1900-01-01 00:00:00,49,0.0,Short
98151,1900-01-01 00:00:00,1900-01-01 00:00:00,49,0.0,Short
98152,1900-01-01 00:00:00,1900-01-01 00:00:00,49,0.0,Short
98153,1900-01-01 00:00:00,1900-01-01 00:00:00,49,0.0,Short
98154,1900-01-01 00:00:00,1900-01-01 00:00:00,49,0.0,Short
98155,1900-01-01 00:00:00,1900-01-01 00:00:00,49,0.0,Short
98156,1900-01-01 00:00:00,1900-01-01 00:00:00,49,0.0,Short
98157,1900-01-01 00:00:00,1900-01-01 00:00:00,49,0.0,Short
98158,1900-01-01 00:00:00,1900-01-01 00:00:00,49,0.0,Short
98159,1900-01-01 00:00:00,1900-01-01 00:00:00,49,0.0,Short
98160,1900-01-01 00:00:00,1900-01-01 00:00:00,49,0.0,Short
98161,1900-01-01 00:00:00,1900-01-01 00:00:00,49,0.0,Short
98162,1900-01-01 00:00:00,1900-01-01 00:00:00,49,0.0,Short
98163,1900-01-01 00:00:00,1900-01-01 00:00:00,49,0.0,Short
98164,1900-01-01 00:00:00,1900-01-01 00:00:00,49,0.0,Short
98165,1900-01-01 00:00:00,1900-01-01 00:00:00,49,0.0,Short
98166,1900-01-01 00:00:00,1900-01-01 00:00:00,20,0.0,Short
98167,1900-01-01 00:00:00,1900-01-01 00:00:00,39,0.0,Short
98168,1900-01-01 00:00:00,1900-01-01 00:00:00,49,0.0,Short
98169,1900-01-01 00:00:00,1900-01-01 00:00:00,49,0.0,Short
98170,1900-01-01 00:00:00,1900-01-01 00:00:00,49,0.0,Short
98171,1900-01-01 00:00:00,1900-01-01 00:00:00,49,0.0,Short
98172,1900-01-01 00:00:00,1900-01-01 00:00:00,49,0.0,Short
98173,1900-01-01 00:00:00,1900-01-01 00:00:00,39,0.0,Short
98174,1900-01-01 00:00:00,1900-01-01 00:00:00,49,0.0,Short
98175,1900-01-01 00:00:00,1900-01-01 00:00:00,49,0.0,Short
98176,1900-01-01 00:00:00,1900-01-01 00:00:00,49,0.0,Short
98177,1900-01-01 00:00:00,1900-01-01 00:00:00,39,0.0,Short
98178,1900-01-01 00:00:00,1900-01-01 00:00:00,49,0.0,Short
98179,1900-01-01 00:00:00,1900-01-01 00:00:00,49,0.0,Short
98180,1900-01-01 00:00:00,1900-01-01 00:00:00,49,0.0,Short
98181,1900-01-01 00:00:00,1900-01-01 00:00:00,39,0.0,Short
98182,1900-01-01 00:00:00,1900-01-01 00:00:00,49,0.0,Short
98183,1900-01-01 00:00:00,1900-01-01 00:00:00,49,0.0,Short
98184,1900-01-01 00:00:00,1900-01-01 00:00:00,49,0.0,Short
98185,1900-01-01 00:00:00,1900-01-01 00:00:00,49,0.0,Short
98186,1900-01-01 00:00:00,1900-01-01 00:00:00,49,0.0,Short
98187,1900-01-01 00:00:00,1900-01-01 00:00:00,39,0.0,Short
98188,1900-01-01 00:00:00,1900-01-01 00:00:00,49,0.0,Short
98189,1900-01-01 00:00:00,1900-01-01 00:00:00,49,0.0,Short
98190,1900-01-01 00:00:00,1900-01-01 00:00:00,49,0.0,Short
98191,1900-01-01 00:00:00,1900-01-01 00:00:00,49,0.0,Short
98192,1900-01-01 00:00:00,1900-01-01 00:00:00,49,0.0,Short
98193,1900-01-01 00:00:00,1900-01-01 00:00:00,49,0.0,Short
98194,1900-01-01 00:00:00,1900-01-01 00:00:00,49,0.0,Short
98195,1900-01-01 00:00:00,1900-01-01 00:00:00,49,0.0,Short
98196,1900-01-01 00:00:00,1900-01-01 00:00:00,10,0.0,Short
98197,1900-01-01 00:00:00,1900-01-01 00:00:00,49,0.0,Short
98198,1900-01-01 00:00:00,1900-01-01 00:00:00,49,0.0,Short
98199,1900-01-01 00:00:00,1900-01-01 00:00:00,49,0.0,Short
98200,1900-01-01 00:00:00,1900-01-01 00:00:00,20,0.0,Short
98201,1900-01-01 00:00:00,1900-01-01 00:00:00,49,0.0,Short
98202,1900-01-01 00:00:00,1900-01-01 00:00:00,49,0.0,Short
98203,1900-01-01 00:00:00,1900-01-01 00:00:00,49,0.0,Short
98204,1900-01-01 00:00:00,1900-01-01 00:00:00,49,0.0,Short
98205,1900-01-01 00:00:00,1900-01-01 00:00:00,49,0.0,Short
98207,1900-01-01 00:00:00,1900-01-01 00:00:00,49,0.0,Short
98208,1900-01-01 00:00:00,1900-01-01 00:00:00,10,0.0,Short
98209,1900-01-01 00:00:00,1900-01-01 00:00:00,49,0.0,Short
98211,1900-01-01 00:00:00,1900-01-01 00:00:00,49,0.0,Short
98213,1900-01-01 00:00:00,1900-01-01 00:00:00,49,0.0,Short
98214,1900-01-01 00:00:00,1900-01-01 00:00:00,10,0.0,Short
98215,1900-01-01 00:00:00,1900-01-01 00:00:00,49,0.0,Short
98300,1900-01-01 00:00:00,1900-01-01 00:00:00,38,0.0,Short
98301,1900-01-01 00:00:00,1900-01-01 00:00:00,38,0.0,Short
98302,1900-01-01 00:00:00,1900-01-01 00:00:00,38,0.0,Short
98303,1900-01-01 00:00:00,1900-01-01 00:00:00,38,0.0,Short
98304,1900-01-01 00:00:00,1900-01-01 00:00:00,38,0.0,Short
98305,1900-01-01 00:00:00,1900-01-01 00:00:00,38,0.0,Short
98306,1900-01-01 00:00:00,1900-01-01 00:00:00,38,0.0,Short
98307,1900-01-01 00:00:00,1900-01-01 00:00:00,38,0.0,Short
98308,1900-01-01 00:00:00,1900-01-01 00:00:00,38,0.0,Short
98309,1900-01-01 00:00:00,1900-01-01 00:00:00,28,0.0,Short
98310,1900-01-01 00:00:00,1900-01-01 00:00:00,38,0.0,Short
98311,1900-01-01 00:00:00,1900-01-01 00:00:00,38,0.0,Short
98312,1900-01-01 00:00:00,1900-01-01 00:00:00,38,0.0,Short
98313,1900-01-01 00:00:00,1900-01-01 00:00:00,38,0.0,Short
98314,1900-01-01 00:00:00,1900-01-01 00:00:00,38,0.0,Short
98315,1900-01-01 00:00:00,1900-01-01 00:00:00,38,0.0,Short
98316,1900-01-01 00:00:00,1900-01-01 00:00:00,38,0.0,Short
98317,1900-01-01 00:00:00,1900-01-01 00:00:00,38,0.0,Short
98318,1900-01-01 00:00:00,1900-01-01 00:00:00,38,0.0,Short
98319,1900-01-01 00:00:00,1900-01-01 00:00:00,38,0.0,Short
98320,1900-01-01 00:00:00,1900-01-01 00:00:00,38,0.0,Short
98321,1900-01-01 00:00:00,1900-01-01 00:00:00,28,0.0,Short
98322,1900-01-01 00:00:00,1900-01-01 00:00:00,38,0.0,Short
98323,1900-01-01 00:00:00,1900-01-01 00:00:00,38,0.0,Short
98324,1900-01-01 00:00:00,1900-01-01 00:00:00,38,0.0,Short
98325,1900-01-01 00:00:00,1900-01-01 00:00:00,38,0.0,Short
98326,1900-01-01 00:00:00,1900-01-01 00:00:00,38,0.0,Short
98327,1900-01-01 00:00:00,1900-01-01 00:00:00,38,0.0,Short
98328,1900-01-01 00:00:00,1900-01-01 00:00:00,38,0.0,Short
98329,1900-01-01 00:00:00,1900-01-01 00:00:00,28,0.0,Short
98330,1900-01-01 00:00:00,1900-01-01 00:00:00,38,0.0,Short
98331,1900-01-01 00:00:00,1900-01-01 00:00:00,38,0.0,Short
98332,1900-01-01 00:00:00,1900-01-01 00:00:00,38,0.0,Short
98333,1900-01-01 00:00:00,1900-01-01 00:00:00,38,0.0,Short
98334,1900-01-01 00:00:00,1900-01-01 00:00:00,28,0.0,Short
98335,1900-01-01 00:00:00,1900-01-01 00:00:00,38,0.0,Short
98336,1900-01-01 00:00:00,1900-01-01 00:00:00,38,0.0,Short
98337,1900-01-01 00:00:00,1900-01-01 00:00:00,38,0.0,Short
98338,1900-01-01 00:00:00,1900-01-01 00:00:00,28,0.0,Short
98339,1900-01-01 00:00:00,1900-01-01 00:00:00,38,0.0,Short
98340,1900-01-01 00:00:00,1900-01-01 00:00:00,28,0.0,Short
98341,1900-01-01 00:00:00,1900-01-01 00:00:00,38,0.0,Short
98342,1900-01-01 00:00:00,1900-01-01 00:00:00,38,0.0,Short
98343,1900-01-01 00:00:00,1900-01-01 00:00:00,38,0.0,Short
98344,1900-01-01 00:00:00,1900-01-01 00:00:00,38,0.0,Short
98345,1900-01-01 00:00:00,1900-01-01 00:00:00,38,0.0,Short
98346,1900-01-01 00:00:00,1900-01-01 00:00:00,38,0.0,Short
98347,1900-01-01 00:00:00,1900-01-01 00:00:00,38,0.0,Short
98348,1900-01-01 00:00:00,1900-01-01 00:00:00,38,0.0,Short
98349,1900-01-01 00:00:00,1900-01-01 00:00:00,38,0.0,Short
98350,1900-01-01 00:00:00,1900-01-01 00:00:00,38,0.0,Short
98351,1900-01-01 00:00:00,1900-01-01 00:00:00,38,0.0,Short
98352,1900-01-01 00:00:00,1900-01-01 00:00:00,38,0.0,Short
98353,1900-01-01 00:00:00,1900-01-01 00:00:00,38,0.0,Short
98354,1900-01-01 00:00:00,1900-01-01 00:00:00,38,0.0,Short
98355,1900-01-01 00:00:00,1900-01-01 00:00:00,28,0.0,Short
98356,1900-01-01 00:00:00,1900-01-01 00:00:00,38,0.0,Short
98357,1900-01-01 00:00:00,1900-01-01 00:00:00,38,0.0,Short
98358,1900-01-01 00:00:00,1900-01-01 00:00:00,38,0.0,Short
98359,1900-01-01 00:00:00,1900-01-01 00:00:00,38,0.0,Short
98360,1900-01-01 00:00:00,1900-01-01 00:00:00,38,0.0,Short
98361,1900-01-01 00:00:00,1900-01-01 00:00:00,38,0.0,Short
98362,1900-01-01 00:00:00,1900-01-01 00:00:00,38,0.0,Short
98363,1900-01-01 00:00:00,1900-01-01 00:00:00,38,0.0,Short
98364,1900-01-01 00:00:00,1900-01-01 00:00:00,28,0.0,Short
98365,1900-01-01 00:00:00,1900-01-01 00:00:00,38,0.0,Short
98366,1900-01-01 00:00:00,1900-01-01 00:00:00,38,0.0,Short
98367,1900-01-01 00:00:00,1900-01-01 00:00:00,28,0.0,Short
98368,1900-01-01 00:00:00,1900-01-01 00:00:00,38,0.0,Short
98369,1900-01-01 00:00:00,1900-01-01 00:00:00,38,0.0,Short
98370,1900-01-01 00:00:00,1900-01-01 00:00:00,38,0.0,Short
98371,1900-01-01 00:00:00,1900-01-01 00:00:00,38,0.0,Short
98372,1900-01-01 00:00:00,1900-01-01 00:00:00,38,0.0,Short
98373,1900-01-01 00:00:00,1900-01-01 00:00:00,38,0.0,Short
98374,1900-01-01 00:00:00,1900-01-01 00:00:00,38,0.0,Short
98375,1900-01-01 00:00:00,1900-01-01 00:00:00,38,0.0,Short
98376,1900-01-01 00:00:00,1900-01-01 00:00:00,38,0.0,Short
98377,1900-01-01 00:00:00,1900-01-01 00:00:00,38,0.0,Short
98378,1900-01-01 00:00:00,1900-01-01 00:00:00,38,0.0,Short
98379,1900-01-01 00:00:00,1900-01-01 00:00:00,38,0.0,Short
98380,1900-01-01 00:00:00,1900-01-01 00:00:00,38,0.0,Short
98381,1900-01-01 00:00:00,1900-01-01 00:00:00,38,0.0,Short
98382,1900-01-01 00:00:00,1900-01-01 00:00:00,38,0.0,Short
98384,1900-01-01 00:00:00,1900-01-01 00:00:00,28,0.0,Short
98386,1900-01-01 00:00:00,1900-01-01 00:00:00,38,0.0,Short
98388,1900-01-01 00:00:00,1900-01-01 00:00:00,38,0.0,Short
98390,1900-01-01 00:00:00,1900-01-01 00:00:00,38,0.0,Short
98392,1900-01-01 00:00:00,1900-01-01 00:00:00,38,0.0,Short
98394,1900-01-01 00:00:00,1900-01-01 00:00:00,38,0.0,Short
98500,1900-01-01 00:00:00,1900-01-01 00:00:00,28,0.0,Short
98501,1900-01-01 00:00:00,1900-01-01 00:00:00,28,0.0,Short
98502,1900-01-01 00:00:00,1900-01-01 00:00:00,28,0.0,Short
98503,1900-01-01 00:00:00,1900-01-01 00:00:00,28,0.0,Short
98504,1900-01-01 00:00:00,1900-01-01 00:00:00,28,0.0,Short
98505,1900-01-01 00:00:00,1900-01-01 00:00:00,28,0.0,Short
98506,1900-01-01 00:00:00,1900-01-01 00:00:00,28,0.0,Short
98507,1900-01-01 00:00:00,1900-01-01 00:00:00,19,0.0,Short
98508,1900-01-01 00:00:00,1900-01-01 00:00:00,28,0.0,Short
98509,1900-01-01 00:00:00,1900-01-01 00:00:00,28,0.0,Short
98510,1900-01-01 00:00:00,1900-01-01 00:00:00,28,0.0,Short
98511,1900-01-01 00:00:00,1900-01-01 00:00:00,28,0.0,Short
98512,1900-01-01 00:00:00,1900-01-01 00:00:00,28,0.0,Short
98513,1900-01-01 00:00:00,1900-01-01 00:00:00,28,0.0,Short
98514,1900-01-01 00:00:00,1900-01-01 00:00:00,19,0.0,Short
98515,1900-01-01 00:00:00,1900-01-01 00:00:00,28,0.0,Short
98516,1900-01-01 00:00:00,1900-01-01 00:00:00,28,0.0,Short
98517,1900-01-01 00:00:00,1900-01-01 00:00:00,28,0.0,Short
98518,1900-01-01 00:00:00,1900-01-01 00:00:00,28,0.0,Short
98519,1900-01-01 00:00:00,1900-01-01 00:00:00,28,0.0,Short
98520,1900-01-01 00:00:00,1900-01-01 00:00:00,28,0.0,Short
98521,1900-01-01 00:00:00,1900-01-01 00:00:00,28,0.0,Short
98522,1900-01-01 00:00:00,1900-01-01 00:00:00,28,0.0,Short
98523,1900-01-01 00:00:00,1900-01-01 00:00:00,28,0.0,Short
98524,1900-01-01 00:00:00,1900-01-01 00:00:00,28,0.0,Short
98525,1900-01-01 00:00:00,1900-01-01 00:00:00,28,0.0,Short
98526,1900-01-01 00:00:00,1900-01-01 00:00:00,28,0.0,Short
98527,1900-01-01 00:00:00,1900-01-01 00:00:00,19,0.0,Short
98528,1900-01-01 00:00:00,1900-01-01 00:00:00,28,0.0,Short
98529,1900-01-01 00:00:00,1900-01-01 00:00:00,28,0.0,Short
98530,1900-01-01 00:00:00,1900-01-01 00:00:00,28,0.0,Short
98531,1900-01-01 00:00:00,1900-01-01 00:00:00,28,0.0,Short
98532,1900-01-01 00:00:00,1900-01-01 00:00:00,28,0.0,Short
98533,1900-01-01 00:00:00,1900-01-01 00:00:00,28,0.0,Short
98535,1900-01-01 00:00:00,1900-01-01 00:00:00,28,0.0,Short
98537,1900-01-01 00:00:00,1900-01-01 00:00:00,28,0.0,Short
98538,1900-01-01 00:00:00,1900-01-01 00:00:00,19,0.0,Short
98539,1900-01-01 00:00:00,1900-01-01 00:00:00,28,0.0,Short
98540,1900-01-01 00:00:00,1900-01-01 00:00:00,28,0.0,Short
98541,1900-01-01 00:00:00,1900-01-01 00:00:00,28,0.0,Short
98543,1900-01-01 00:00:00,1900-01-01 00:00:00,28,0.0,Short
98544,1900-01-01 00:00:00,1900-01-01 00:00:00,28,0.0,Short
98545,1900-01-01 00:00:00,1900-01-01 00:00:00,28,0.0,Short
98546,1900-01-01 00:00:00,1900-01-01 00:00:00,19,0.0,Short
98547,1900-01-01 00:00:00,1900-01-01 00:00:00,28,0.0,Short
98548,1900-01-01 00:00:00,1900-01-01 00:00:00,28,0.0,Short
98549,1900-01-01 00:00:00,1900-01-01 00:00:00,28,0.0,Short
98550,1900-01-01 00:00:00,1900-01-01 00:00:00,28,0.0,Short
98551,1900-01-01 00:00:00,1900-01-01 00:00:00,28,0.0,Short
98552,1900-01-01 00:00:00,1900-01-01 00:00:00,28,0.0,Short
98553,1900-01-01 00:00:00,1900-01-01 00:00:00,28,0.0,Short
98554,1900-01-01 00:00:00,1900-01-01 00:00:00,28,0.0,Short
98555,1900-01-01 00:00:00,1900-01-01 00:00:00,28,0.0,Short
98556,1900-01-01 00:00:00,1900-01-01 00:00:00,28,0.0,Short
98557,1900-01-01 00:00:00,1900-01-01 00:00:00,28,0.0,Short
98558,1900-01-01 00:00:00,1900-01-01 00:00:00,19,0.0,Short
98559,1900-01-01 00:00:00,1900-01-01 00:00:00,28,0.0,Short
98560,1900-01-01 00:00:00,1900-01-01 00:00:00,28,0.0,Short
98561,1900-01-01 00:00:00,1900-01-01 00:00:00,28,0.0,Short
98562,1900-01-01 00:00:00,1900-01-01 00:00:00,19,0.0,Short
98563,1900-01-01 00:00:00,1900-01-01 00:00:00,28,0.0,Short
98564,1900-01-01 00:00:00,1900-01-01 00:00:00,28,0.0,Short
98565,1900-01-01 00:00:00,1900-01-01 00:00:00,28,0.0,Short
98566,1900-01-01 00:00:00,1900-01-01 00:00:00,28,0.0,Short
98567,1900-01-01 00:00:00,1900-01-01 00:00:00,28,0.0,Short
98568,1900-01-01 00:00:00,1900-01-01 00:00:00,28,0.0,Short
98569,1900-01-01 00:00:00,1900-01-01 00:00:00,28,0.0,Short
98570,1900-01-01 00:00:00,1900-01-01 00:00:00,19,0.0,Short
98571,1900-01-01 00:00:00,1900-01-01 00:00:00,28,0.0,Short
98572,1900-01-01 00:00:00,1900-01-01 00:00:00,28,0.0,Short
98573,1900-01-01 00:00:00,1900-01-01 00:00:00,28,0.0,Short
98574,1900-01-01 00:00:00,1900-01-01 00:00:00,28,0.0,Short
98575,1900-01-01 00:00:00,1900-01-01 00:00:00,28,0.0,Short
98576,1900-01-01 00:00:00,1900-01-01 00:00:00,28,0.0,Short
98577,1900-01-01 00:00:00,1900-01-01 00:00:00,28,0.0,Short
98578,1900-01-01 00:00:00,1900-01-01 00:00:00,19,0.0,Short
98580,1900-01-01 00:00:00,1900-01-01 00:00:00,19,0.0,Short
98600,1900-01-01 00:00:00,1900-01-01 00:00:00,21,0.0,Short
98601,1900-01-01 00:00:00,1900-01-01 00:00:00,21,0.0,Short
98602,1900-01-01 00:00:00,1900-01-01 00:00:00,21,0.0,Short
98603,1900-01-01 00:00:00,1900-01-01 00:00:00,21,0.0,Short
98604,1900-01-01 00:00:00,1900-01-01 00:00:00,17,0.0,Short
98605,1900-01-01 00:00:00,1900-01-01 00:00:00,17,0.0,Short
98700,1900-01-01 00:00:00,1900-01-01 00:00:00,10,0.0,Short
98701,1900-01-01 00:00:00,1900-01-01 00:00:00,10,0.0,Short
98702,1900-01-01 00:00:00,1900-01-01 00:00:00,10,0.0,Short
98703,1900-01-01 00:00:00,1900-01-01 00:00:00,10,0.0,Short
98704,1900-01-01 00:00:00,1900-01-01 00:00:00,10,0.0,Short
98705,1900-01-01 00:00:00,1900-01-01 00:00:00,10,0.0,Short
98706,1900-01-01 00:00:00,1900-01-01 00:00:00,10,0.0,Short
98707,1900-01-01 00:00:00,1900-01-01 00:00:00,10,0.0,Short
98708,1900-01-01 00:00:00,1900-01-01 00:00:00,10,0.0,Short
98709,1900-01-01 00:00:00,1900-01-01 00:00:00,10,0.0,Short
98710,1900-01-01 00:00:00,1900-01-01 00:00:00,10,0.0,Short
98711,1900-01-01 00:00:00,1900-01-01 00:00:00,10,0.0,Short
98712,1900-01-01 00:00:00,1900-01-01 00:00:00,10,0.0,Short
98713,1900-01-01 00:00:00,1900-01-01 00:00:00,10,0.0,Short
98714,1900-01-01 00:00:00,1900-01-01 00:00:00,10,0.0,Short
98715,1900-01-01 00:00:00,1900-01-01 00:00:00,10,0.0,Short
98716,1900-01-01 00:00:00,1900-01-01 00:00:00,10,0.0,Short
98717,1900-01-01 00:00:00,1900-01-01 00:00:00,10,0.0,Short
98718,1900-01-01 00:00:00,1900-01-01 00:00:00,10,0.0,Short
98719,1900-01-01 00:00:00,1900-01-01 00:00:00,10,0.0,Short
98720,1900-01-01 00:00:00,1900-01-01 00:00:00,10,0.0,Short
98721,1900-01-01 00:00:00,1900-01-01 00:00:00,10,0.0,Short
98722,1900-01-01 00:00:00,1900-01-01 00:00:00,10,0.0,Short
98723,1900-01-01 00:00:00,1900-01-01 00:00:00,10,0.0,Short
98724,1900-01-01 00:00:00,1900-01-01 00:00:00,10,0.0,Short
98725,1900-01-01 00:00:00,1900-01-01 00:00:00,10,0.0,Short
98726,1900-01-01 00:00:00,1900-01-01 00:00:00,10,0.0,Short
98727,1900-01-01 00:00:00,1900-01-01 00:00:00,10,0.0,Short
98728,1900-01-01 00:00:00,1900-01-01 00:00:00,10,0.0,Short
98729,1900-01-01 00:00:00,1900-01-01 00:00:00,10,0.0,Short
98730,1900-01-01 00:00:00,1900-01-01 00:00:00,10,0.0,Short
98731,1900-01-01 00:00:00,1900-01-01 00:00:00,10,0.0,Short
98732,1900-01-01 00:00:00,1900-01-01 00:00:00,10,0.0,Short
98733,1900-01-01 00:00:00,1900-01-01 00:00:00,10,0.0,Short
98734,1900-01-01 00:00:00,1900-01-01 00:00:00,10,0.0,Short
98735,1900-01-01 00:00:00,1900-01-01 00:00:00,10,0.0,Short
98736,1900-01-01 00:00:00,1900-01-01 00:00:00,10,0.0,Short
98737,1900-01-01 00:00:00,1900-01-01 00:00:00,10,0.0,Short
98738,1900-01-01 00:00:00,1900-01-01 00:00:00,10,0.0,Short
98739,1900-01-01 00:00:00,1900-01-01 00:00:00,10,0.0,Short
98740,1900-01-01 00:00:00,1900-01-01 00:00:00,10,0.0,Short
98741,1900-01-01 00:00:00,1900-01-01 00:00:00,10,0.0,Short
98742,1900-01-01 00:00:00,1900-01-01 00:00:00,10,0.0,Short
98743,1900-01-01 00:00:00,1900-01-01 00:00:00,10,0.0,Short
98744,1900-01-01 00:00:00,1900-01-01 00:00:00,10,0.0,Short
98745,1900-01-01 00:00:00,1900-01-01 00:00:00,10,0.0,Short
98746,1900-01-01 00:00:00,1900-01-01 00:00:00,10,0.0,Short
98747,1900-01-01 00:00:00,1900-01-01 00:00:00,10,0.0,Short
98748,1900-01-01 00:00:00,1900-01-01 00:00:00,10,0.0,Short
98749,1900-01-01 00:00:00,1900-01-01 00:00:00,10,0.0,Short
98750,1900-01-01 00:00:00,1900-01-01 00:00:00,10,0.0,Short
98751,1900-01-01 00:00:00,1900-01-01 00:00:00,10,0.0,Short
98752,1900-01-01 00:00:00,1900-01-01 00:00:00,10,0.0,Short
98753,1900-01-01 00:00:00,1900-01-01 00:00:00,10,0.0,Short
98754,1900-01-01 00:00:00,1900-01-01 00:00:00,10,0.0,Short
98755,1900-01-01 00:00:00,1900-01-01 00:00:00,10,0.0,Short
98756,1900-01-01 00:00:00,1900-01-01 00:00:00,10,0.0,Short
98757,1900-01-01 00:00:00,1900-01-01 00:00:00,10,0.0,Short
98758,1900-01-01 00:00:00,1900-01-01 00:00:00,10,0.0,Short
98759,1900-01-01 00:00:00,1900-01-01 00:00:00,10,0.0,Short
98760,1900-01-01 00:00:00,1900-01-01 00:00:00,10,0.0,Short
98761,1900-01-01 00:00:00,1900-01-01 00:00:00,10,0.0,Short
98762,1900-01-01 00:00:00,1900-01-01 00:00:00,10,0.0,Short
98763,1900-01-01 00:00:00,1900-01-01 00:00:00,10,0.0,Short
98764,1900-01-01 00:00:00,1900-01-01 00:00:00,10,0.0,Short
98765,1900-01-01 00:00:00,1900-01-01 00:00:00,10,0.0,Short
98766,1900-01-01 00:00:00,1900-01-01 00:00:00,10,0.0,Short
98767,1900-01-01 00:00:00,1900-01-01 00:00:00,10,0.0,Short
98768,1900-01-01 00:00:00,1900-01-01 00:00:00,10,0.0,Short
98769,1900-01-01 00:00:00,1900-01-01 00:00:00,10,0.0,Short
98770,1900-01-01 00:00:00,1900-01-01 00:00:00,10,0.0,Short
98771,1900-01-01 00:00:00,1900-01-01 00:00:00,10,0.0,Short
98772,1900-01-01 00:00:00,1900-01-01 00:00:00,10,0.0,Short
98773,1900-01-01 00:00:00,1900-01-01 00:00:00,10,0.0,Short
98774,1900-01-01 00:00:00,1900-01-01 00:00:00,10,0.0,Short
98775,1900-01-01 00:00:00,1900-01-01 00:00:00,10,0.0,Short
98776,1900-01-01 00:00:00,1900-01-01 00:00:00,10,0.0,Short
98777,1900-01-01 00:00:00,1900-01-01 00:00:00,10,0.0,Short
98778,1900-01-01 00:00:00,1900-01-01 00:00:00,10,0.0,Short
98779,1900-01-01 00:00:00,1900-01-01 00:00:00,10,0.0,Short
98780,1900-01-01 00:00:00,1900-01-01 00:00:00,10,0.0,Short
98781,1900-01-01 00:00:00,1900-01-01 00:00:00,10,0.0,Short
98782,1900-01-01 00:00:00,1900-01-01 00:00:00,10,0.0,Short
98783,1900-01-01 00:00:00,1900-01-01 00:00:00,10,0.0,Short
98784,1900-01-01 00:00:00,1900-01-01 00:00:00,10,0.0,Short
98785,1900-01-01 00:00:00,1900-01-01 00:00:00,10,0.0,Short
98800,1900-01-01 00:00:00,1900-01-01 00:00:00,10,0.0,Short
98801,1900-01-01 00:00:00,1900-01-01 00:00:00,10,0.0,Short
98802,1900-01-01 00:00:00,1900-01-01 00:00:00,10,0.0,Short
98803,1900-01-01 00:00:00,1900-01-01 00:00:00,10,0.0,Short
98804,1900-01-01 00:00:00,1900-01-01 00:00:00,10,0.0,Short
98805,1900-01-01 00:00:00,1900-01-01 00:00:00,10,0.0,Short
98806,1900-01-01 00:00:00,1900-01-01 00:00:00,10,0.0,Short
98807,1900-01-01 00:00:00,1900-01-01 00:00:00,10,0.0,Short
98808,1900-01-01 00:00:00,1900-01-01 00:00:00,10,0.0,Short
98809,1900-01-01 00:00:00,1900-01-01 00:00:00,10,0.0,Short
98810,1900-01-01 00:00:00,1900-01-01 00:00:00,10,0.0,Short
98811,1900-01-01 00:00:00,1900-01-01 00:00:00,10,0.0,Short
98812,1900-01-01 00:00:00,1900-01-01 00:00:00,10,0.0,Short
98813,1900-01-01 00:00:00,1900-01-01 00:00:00,10,0.0,Short
98814,1900-01-01 00:00:00,1900-01-01 00:00:00,10,0.0,Short
98815,1900-01-01 00:00:00,1900-01-01 00:00:00,10,0.0,Short
98816,1900-01-01 00:00:00,1900-01-01 00:00:00,10,0.0,Short
98817,1900-01-01 00:00:00,1900-01-01 00:00:00,10,0.0,Short
98818,1900-01-01 00:00:00,1900-01-01 00:00:00,10,0.0,Short
98819,1900-01-01 00:00:00,1900-01-01 00:00:00,10,0.0,Short
98820,1900-01-01 00:00:00,1900-01-01 00:00:00,10,0.0,Short
98821,1900-01-01 00:00:00,1900-01-01 00:00:00,10,0.0,Short
98822,1900-01-01 00:00:00,1900-01-01 00:00:00,10,0.0,Short
98823,1900-01-01 00:00:00,1900-01-01 00:00:00,10,0.0,Short
98824,1900-01-01 00:00:00,1900-01-01 00:00:00,10,0.0,Short
98825,1900-01-01 00:00:00,1900-01-01 00:00:00,10,0.0,Short
98826,1900-01-01 00:00:00,1900-01-01 00:00:00,10,0.0,Short
98827,1900-01-01 00:00:00,1900-01-01 00:00:00,10,0.0,Short
98828,1900-01-01 00:00:00,1900-01-01 00:00:00,10,0.0,Short
98829,1900-01-01 00:00:00,1900-01-01 00:00:00,10,0.0,Short
98830,1900-01-01 00:00:00,1900-01-01 00:00:00,10,0.0,Short
98831,1900-01-01 00:00:00,1900-01-01 00:00:00,10,0.0,Short
98832,1900-01-01 00:00:00,1900-01-01 00:00:00,10,0.0,Short
98833,1900-01-01 00:00:00,1900-01-01 00:00:00,10,0.0,Short
98834,1900-01-01 00:00:00,1900-01-01 00:00:00,10,0.0,Short
98835,1900-01-01 00:00:00,1900-01-01 00:00:00,10,0.0,Short
98836,1900-01-01 00:00:00,1900-01-01 00:00:00,10,0.0,Short
98837,1900-01-01 00:00:00,1900-01-01 00:00:00,10,0.0,Short
98838,1900-01-01 00:00:00,1900-01-01 00:00:00,10,0.0,Short
98839,1900-01-01 00:00:00,1900-01-01 00:00:00,10,0.0,Short
98840,1900-01-01 00:00:00,1900-01-01 00:00:00,10,0.0,Short
98841,1900-01-01 00:00:00,1900-01-01 00:00:00,10,0.0,Short
98842,1900-01-01 00:00:00,1900-01-01 00:00:00,10,0.0,Short
98843,1900-01-01 00:00:00,1900-01-01 00:00:00,10,0.0,Short
98844,1900-01-01 00:00:00,1900-01-01 00:00:00,10,0.0,Short
98845,1900-01-01 00:00:00,1900-01-01 00:00:00,10,0.0,Short
98846,1900-01-01 00:00:00,1900-01-01 00:00:00,10,0.0,Short
98847,1900-01-01 00:00:00,1900-01-01 00:00:00,10,0.0,Short
98848,1900-01-01 00:00:00,1900-01-01 00:00:00,10,0.0,Short
98849,1900-01-01 00:00:00,1900-01-01 00:00:00,10,0.0,Short
98850,1900-01-01 00:00:00,1900-01-01 00:00:00,10,0.0,Short
98851,1900-01-01 00:00:00,1900-01-01 00:00:00,10,0.0,Short
98852,1900-01-01 00:00:00,1900-01-01 00:00:00,10,0.0,Short
98853,1900-01-01 00:00:00,1900-01-01 00:00:00,10,0.0,Short
98854,1900-01-01 00:00:00,1900-01-01 00:00:00,10,0.0,Short
98855,1900-01-01 00:00:00,1900-01-01 00:00:00,10,0.0,Short
98856,1900-01-01 00:00:00,1900-01-01 00:00:00,10,0.0,Short
98857,1900-01-01 00:00:00,1900-01-01 00:00:00,10,0.0,Short
98858,1900-01-01 00:00:00,1900-01-01 00:00:00,10,0.0,Short
98859,1900-01-01 00:00:00,1900-01-01 00:00:00,10,0.0,Short
98860,1900-01-01 00:00:00,1900-01-01 00:00:00,10,0.0,Short
98861,1900-01-01 00:00:00,1900-01-01 00:00:00,10,0.0,Short
98862,1900-01-01 00:00:00,1900-01-01 00:00:00,10,0.0,Short
98863,1900-01-01 00:00:00,1900-01-01 00:00:00,10,0.0,Short
98864,1900-01-01 00:00:00,1900-01-01 00:00:00,10,0.0,Short
98865,1900-01-01 00:00:00,1900-01-01 00:00:00,10,0.0,Short
98866,1900-01-01 00:00:00,1900-01-01 00:00:00,10,0.0,Short
98867,1900-01-01 00:00:00,1900-01-01 00:00:00,10,0.0,Short
98868,1900-01-01 00:00:00,1900-01-01 00:00:00,10,0.0,Short
98869,1900-01-01 00:00:00,1900-01-01 00:00:00,10,0.0,Short
98870,1900-01-01 00:00:00,1900-01-01 00:00:00,10,0.0,Short
98871,1900-01-01 00:00:00,1900-01-01 00:00:00,10,0.0,Short
98872,1900-01-01 00:00:00,1900-01-01 00:00:00,10,0.0,Short
98873,1900-01-01 00:00:00,1900-01-01 00:00:00,10,0.0,Short
98874,1900-01-01 00:00:00,1900-01-01 00:00:00,10,0.0,Short
98875,1900-01-01 00:00:00,1900-01-01 00:00:00,10,0.0,Short
98876,1900-01-01 00:00:00,1900-01-01 00:00:00,10,0.0,Short
98877,1900-01-01 00:00:00,1900-01-01 00:00:00,10,0.0,Short
98878,1900-01-01 00:00:00,1900-01-01 00:00:00,10,0.0,Short
98879,1900-01-01 00:00:00,1900-01-01 00:00:00,10,0.0,Short
98880,1900-01-01 00:00:00,1900-01-01 00:00:00,10,0.0,Short
98881,1900-01-01 00:00:00,1900-01-01 00:00:00,10,0.0,Short
98882,1900-01-01 00:00:00,1900-01-01 00:00:00,10,0.0,Short
98883,1900-01-01 00:00:00,1900-01-01 00:00:00,10,0.0,Short
98884,1900-01-01 00:00:00,1900-01-01 00:00:00,10,0.0,Short
98885,1900-01-01 00:00:00,1900-01-01 00:00:00,10,0.0,Short
98886,1900-01-01 00:00:00,1900-01-01 00:00:00,10,0.0,Short
98887,1900-01-01 00:00:00,1900-01-01 00:00:00,10,0.0,Short
98900,1900-01-01 00:00:00,1900-01-01 00:00:00,40,0.0,Short
98901,1900-01-01 00:00:00,1900-01-01 00:00:00,39,0.0,Short
98902,1900-01-01 00:00:00,1900-01-01 00:00:00,40,0.0,Short
98903,1900-01-01 00:00:00,1900-01-01 00:00:00,39,0.0,Short
98904,1900-01-01 00:00:00,1900-01-01 00:00:00,40,0.0,Short
98905,1900-01-01 00:00:00,1900-01-01 00:00:00,39,0.0,Short
98906,1900-01-01 00:00:00,1900-01-01 00:00:00,40,0.0,Short
98907,1900-01-01 00:00:00,1900-01-01 00:00:00,39,0.0,Short
98908,1900-01-01 00:00:00,1900-01-01 00:00:00,40,0.0,Short
98909,1900-01-01 00:00:00,1900-01-01 00:00:00,39,0.0,Short
98910,1900-01-01 00:00:00,1900-01-01 00:00:00,40,0.0,Short
98911,1900-01-01 00:00:00,1900-01-01 00:00:00,39,0.0,Short
98912,1900-01-01 00:00:00,1900-01-01 00:00:00,40,0.0,Short
98913,1900-01-01 00:00:00,1900-01-01 00:00:00,40,0.0,Short
98914,1900-01-01 00:00:00,1900-01-01 00:00:00,40,0.0,Short
98915,1900-01-01 00:00:00,1900-01-01 00:00:00,40,0.0,Short
98916,1900-01-01 00:00:00,1900-01-01 00:00:00,40,0.0,Short
98917,1900-01-01 00:00:00,1900-01-01 00:00:00,40,0.0,Short
99000,1900-01-01 00:00:00,1900-01-01 00:00:00,34,0.0,Short
99001,1900-01-01 00:00:00,1900-01-01 00:00:00,34,0.0,Short
99002,1900-01-01 00:00:00,1900-01-01 00:00:00,34,0.0,Short
99003,1900-01-01 00:00:00,1900-01-01 00:00:00,34,0.0,Short
99004,1900-01-01 00:00:00,1900-01-01 00:00:00,34,0.0,Short
99005,1900-01-01 00:00:00,1900-01-01 00:00:00,34,0.0,Short
99006,1900-01-01 00:00:00,1900-01-01 00:00:00,34,0.0,Short
99007,1900-01-01 00:00:00,1900-01-01 00:00:00,34,0.0,Short
99008,1900-01-01 00:00:00,1900-01-01 00:00:00,34,0.0,Short
99009,1900-01-01 00:00:00,1900-01-01 00:00:00,34,0.0,Short
99010,1900-01-01 00:00:00,1900-01-01 00:00:00,34,0.0,Short
99011,1900-01-01 00:00:00,1900-01-01 00:00:00,34,0.0,Short
99012,1900-01-01 00:00:00,1900-01-01 00:00:00,34,0.0,Short
99013,1900-01-01 00:00:00,1900-01-01 00:00:00,34,0.0,Short
99014,1900-01-01 00:00:00,1900-01-01 00:00:00,34,0.0,Short
99015,1900-01-01 00:00:00,1900-01-01 00:00:00,34,0.0,Short
99016,1900-01-01 00:00:00,1900-01-01 00:00:00,34,0.0,Short
99017,1900-01-01 00:00:00,1900-01-01 00:00:00,34,0.0,Short
99018,1900-01-01 00:00:00,1900-01-01 00:00:00,34,0.0,Short
99019,1900-01-01 00:00:00,1900-01-01 00:00:00,34,0.0,Short
99020,1900-01-01 00:00:00,1900-01-01 00:00:00,34,0.0,Short
99021,1900-01-01 00:00:00,1900-01-01 00:00:00,34,0.0,Short
99022,1900-01-01 00:00:00,1900-01-01 00:00:00,34,0.0,Short
99023,1900-01-01 00:00:00,1900-01-01 00:00:00,34,0.0,Short
99024,1900-01-01 00:00:00,1900-01-01 00:00:00,34,0.0,Short
99025,1900-01-01 00:00:00,1900-01-01 00:00:00,34,0.0,Short
99026,1900-01-01 00:00:00,1900-01-01 00:00:00,34,0.0,Short
99027,1900-01-01 00:00:00,1900-01-01 00:00:00,34,0.0,Short
99028,1900-01-01 00:00:00,1900-01-01 00:00:00,34,0.0,Short
99029,1900-01-01 00:00:00,1900-01-01 00:00:00,34,0.0,Short
99030,1900-01-01 00:00:00,1900-01-01 00:00:00,34,0.0,Short
99031,1900-01-01 00:00:00,1900-01-01 00:00:00,34,0.0,Short
99032,1900-01-01 00:00:00,1900-01-01 00:00:00,34,0.0,Short
99033,1900-01-01 00:00:00,1900-01-01 00:00:00,34,0.0,Short
99034,1900-01-01 00:00:00,1900-01-01 00:00:00,34,0.0,Short
99035,1900-01-01 00:00:00,1900-01-01 00:00:00,34,0.0,Short
99036,1900-01-01 00:00:00,1900-01-01 00:00:00,34,0.0,Short
99037,1900-01-01 00:00:00,1900-01-01 00:00:00,34,0.0,Short
99038,1900-01-01 00:00:00,1900-01-01 00:00:00,34,0.0,Short
99039,1900-01-01 00:00:00,1900-01-01 00:00:00,34,0.0,Short
99040,1900-01-01 00:00:00,1900-01-01 00:00:00,34,0.0,Short
99041,1900-01-01 00:00:00,1900-01-01 00:00:00,34,0.0,Short
99042,1900-01-01 00:00:00,1900-01-01 00:00:00,34,0.0,Short
99100,1900-01-01 00:00:00,1900-01-01 00:00:00,23,0.0,Short
99101,1900-01-01 00:00:00,1900-01-01 00:00:00,23,0.0,Short
99102,1900-01-01 00:00:00,1900-01-01 00:00:00,23,0.0,Short
99103,1900-01-01 00:00:00,1900-01-01 00:00:00,23,0.0,Short
99104,1900-01-01 00:00:00,1900-01-01 00:00:00,23,0.0,Short
99105,1900-01-01 00:00:00,1900-01-01 00:00:00,23,0.0,Short
99107,1900-01-01 00:00:00,1900-01-01 00:00:00,23,0.0,Short
99200,1900-01-01 00:00:00,1900-01-01 00:00:00,20,0.0,Short
99201,1900-01-01 00:00:00,1900-01-01 00:00:00,20,0.0,Short
99202,1900-01-01 00:00:00,1900-01-01 00:00:00,20,0.0,Short
99203,1900-01-01 00:00:00,1900-01-01 00:00:00,20,0.0,Short
99204,1900-01-01 00:00:00,1900-01-01 00:00:00,20,0.0,Short
99205,1900-01-01 00:00:00,1900-01-01 00:00:00,20,0.0,Short
99206,1900-01-01 00:00:00,1900-01-01 00:00:00,20,0.0,Short
99207,1900-01-01 00:00:00,1900-01-01 00:00:00,20,0.0,Short
99208,1900-01-01 00:00:00,1900-01-01 00:00:00,20,0.0,Short
99209,1900-01-01 00:00:00,1900-01-01 00:00:00,20,0.0,Short
99210,1900-01-01 00:00:00,1900-01-01 00:00:00,20,0.0,Short
99211,1900-01-01 00:00:00,1900-01-01 00:00:00,20,0.0,Short
99212,1900-01-01 00:00:00,1900-01-01 00:00:00,20,0.0,Short
99213,1900-01-01 00:00:00,1900-01-01 00:00:00,20,0.0,Short
99214,1900-01-01 00:00:00,1900-01-01 00:00:00,20,0.0,Short
99215,1900-01-01 00:00:00,1900-01-01 00:00:00,20,0.0,Short
99216,1900-01-01 00:00:00,1900-01-01 00:00:00,20,0.0,Short
99217,1900-01-01 00:00:00,1900-01-01 00:00:00,20,0.0,Short
99218,1900-01-01 00:00:00,1900-01-01 00:00:00,20,0.0,Short
99219,1900-01-01 00:00:00,1900-01-01 00:00:00,20,0.0,Short
99220,1900-01-01 00:00:00,1900-01-01 00:00:00,20,0.0,Short
99221,1900-01-01 00:00:00,1900-01-01 00:00:00,20,0.0,Short
99222,1900-01-01 00:00:00,1900-01-01 00:00:00,20,0.0,Short
99223,1900-01-01 00:00:00,1900-01-01 00:00:00,20,0.0,Short
99224,1900-01-01 00:00:00,1900-01-01 00:00:00,20,0.0,Short
99225,1900-01-01 00:00:00,1900-01-01 00:00:00,20,0.0,Short
99226,1900-01-01 00:00:00,1900-01-01 00:00:00,20,0.0,Short
99227,1900-01-01 00:00:00,1900-01-01 00:00:00,20,0.0,Short
99228,1900-01-01 00:00:00,1900-01-01 00:00:00,20,0.0,Short
99229,1900-01-01 00:00:00,1900-01-01 00:00:00,20,0.0,Short
99230,1900-01-01 00:00:00,1900-01-01 00:00:00,20,0.0,Short
99231,1900-01-01 00:00:00,1900-01-01 00:00:00,20,0.0,Short
99232,1900-01-01 00:00:00,1900-01-01 00:00:00,20,0.0,Short
99233,1900-01-01 00:00:00,1900-01-01 00:00:00,20,0.0,Short
99234,1900-01-01 00:00:00,1900-01-01 00:00:00,20,0.0,Short
99235,1900-01-01 00:00:00,1900-01-01 00:00:00,20,0.0,Short
99236,1900-01-01 00:00:00,1900-01-01 00:00:00,20,0.0,Short
99237,1900-01-01 00:00:00,1900-01-01 00:00:00,20,0.0,Short
99238,1900-01-01 00:00:00,1900-01-01 00:00:00,20,0.0,Short
99239,1900-01-01 00:00:00,1900-01-01 00:00:00,20,0.0,Short
99240,1900-01-01 00:00:00,1900-01-01 00:00:00,20,0.0,Short
99241,1900-01-01 00:00:00,1900-01-01 00:00:00,20,0.0,Short
99242,1900-01-01 00:00:00,1900-01-01 00:00:00,20,0.0,Short
99243,1900-01-01 00:00:00,1900-01-01 00:00:00,20,0.0,Short
99244,1900-01-01 00:00:00,1900-01-01 00:00:00,20,0.0,Short
99245,1900-01-01 00:00:00,1900-01-01 00:00:00,20,0.0,Short
99246,1900-01-01 00:00:00,1900-01-01 00:00:00,20,0.0,Short
99247,1900-01-01 00:00:00,1900-01-01 00:00:00,20,0.0,Short
99248,1900-01-01 00:00:00,1900-01-01 00:00:00,20,0.0,Short
99249,1900-01-01 00:00:00,1900-01-01 00:00:00,20,0.0,Short
99250,1900-01-01 00:00:00,1900-01-01 00:00:00,20,0.0,Short
99251,1900-01-01 00:00:00,1900-01-01 00:00:00,20,0.0,Short
99252,1900-01-01 00:00:00,1900-01-01 00:00:00,20,0.0,Short
99253,1900-01-01 00:00:00,1900-01-01 00:00:00,20,0.0,Short
99254,1900-01-01 00:00:00,1900-01-01 00:00:00,20,0.0,Short
99255,1900-01-01 00:00:00,1900-01-01 00:00:00,20,0.0,Short
99400,1900-01-01 00:00:00,1900-01-01 00:00:00,18,0.0,Short
99401,1900-01-01 00:00:00,1900-01-01 00:00:00,18,0.0,Short
99402,1900-01-01 00:00:00,1900-01-01 00:00:00,18,0.0,Short
99403,1900-01-01 00:00:00,1900-01-01 00:00:00,18,0.0,Short
99404,1900-01-01 00:00:00,1900-01-01 00:00:00,18,0.0,Short
99405,1900-01-01 00:00:00,1900-01-01 00:00:00,18,0.0,Short
99406,1900-01-01 00:00:00,1900-01-01 00:00:00,18,0.0,Short
99407,1900-01-01 00:00:00,1900-01-01 00:00:00,18,0.0,Short
99408,1900-01-01 00:00:00,1900-01-01 00:00:00,18,0.0,Short
99409,1900-01-01 00:00:00,1900-01-01 00:00:00,18,0.0,Short
99410,1900-01-01 00:00:00,1900-01-01 00:00:00,18,0.0,Short
99411,1900-01-01 00:00:00,1900-01-01 00:00:00,18,0.0,Short
99412,1900-01-01 00:00:00,1900-01-01 00:00:00,18,0.0,Short
99413,1900-01-01 00:00:00,1900-01-01 00:00:00,18,0.0,Short
99414,1900-01-01 00:00:00,1900-01-01 00:00:00,18,0.0,Short
99415,1900-01-01 00:00:00,1900-01-01 00:00:00,18,0.0,Short
99416,1900-01-01 00:00:00,1900-01-01 00:00:00,18,0.0,Short
99417,1900-01-01 00:00:00,1900-01-01 00:00:00,18,0.0,Short
99418,1900-01-01 00:00:00,1900-01-01 00:00:00,18,0.0,Short
99419,1900-01-01 00:00:00,1900-01-01 00:00:00,18,0.0,Short
99420,1900-01-01 00:00:00,1900-01-01 00:00:00,18,0.0,Short
99421,1900-01-01 00:00:00,1900-01-01 00:00:00,18,0.0,Short
99422,1900-01-01 00:00:00,1900-01-01 00:00:00,18,0.0,Short
99423,1900-01-01 00:00:00,1900-01-01 00:00:00,18,0.0,Short
99424,1900-01-01 00:00:00,1900-01-01 00:00:00,18,0.0,Short
99425,1900-01-01 00:00:00,1900-01-01 00:00:00,18,0.0,Short
99426,1900-01-01 00:00:00,1900-01-01 00:00:00,18,0.0,Short
99427,1900-01-01 00:00:00,1900-01-01 00:00:00,18,0.0,Short
99428,1900-01-01 00:00:00,1900-01-01 00:00:00,18,0.0,Short
99429,1900-01-01 00:00:00,1900-01-01 00:00:00,18,0.0,Short
99430,1900-01-01 00:00:00,1900-01-01 00:00:00,18,0.0,Short
99431,1900-01-01 00:00:00,1900-01-01 00:00:00,18,0.0,Short
99432,1900-01-01 00:00:00,1900-01-01 00:00:00,18,0.0,Short
99433,1900-01-01 00:00:00,1900-01-01 00:00:00,18,0.0,Short
99434,1900-01-01 00:00:00,1900-01-01 00:00:00,18,0.0,Short
99435,1900-01-01 00:00:00,1900-01-01 00:00:00,18,0.0,Short
99436,1900-01-01 00:00:00,1900-01-01 00:00:00,18,0.0,Short
99437,1900-01-01 00:00:00,1900-01-01 00:00:00,18,0.0,Short
99438,1900-01-01 00:00:00,1900-01-01 00:00:00,18,0.0,Short
99439,1900-01-01 00:00:00,1900-01-01 00:00:00,18,0.0,Short
99440,1900-01-01 00:00:00,1900-01-01 00:00:00,18,0.0,Short
99441,1900-01-01 00:00:00,1900-01-01 00:00:00,18,0.0,Short
99442,1900-01-01 00:00:00,1900-01-01 00:00:00,18,0.0,Short
99443,1900-01-01 00:00:00,1900-01-01 00:00:00,18,0.0,Short
99444,1900-01-01 00:00:00,1900-01-01 00:00:00,18,0.0,Short
99445,1900-01-01 00:00:00,1900-01-01 00:00:00,18,0.0,Short
99446,1900-01-01 00:00:00,1900-01-01 00:00:00,18,0.0,Short
99447,1900-01-01 00:00:00,1900-01-01 00:00:00,18,0.0,Short
99448,1900-01-01 00:00:00,1900-01-01 00:00:00,18,0.0,Short
99449,1900-01-01 00:00:00,1900-01-01 00:00:00,18,0.0,Short
99450,1900-01-01 00:00:00,1900-01-01 00:00:00,18,0.0,Short
99451,1900-01-01 00:00:00,1900-01-01 00:00:00,18,0.0,Short
99452,1900-01-01 00:00:00,1900-01-01 00:00:00,18,0.0,Short
99453,1900-01-01 00:00:00,1900-01-01 00:00:00,18,0.0,Short
99454,1900-01-01 00:00:00,1900-01-01 00:00:00,18,0.0,Short
99455,1900-01-01 00:00:00,1900-01-01 00:00:00,18,0.0,Short
99456,1900-01-01 00:00:00,1900-01-01 00:00:00,18,0.0,Short
99457,1900-01-01 00:00:00,1900-01-01 00:00:00,18,0.0,Short
99458,1900-01-01 00:00:00,1900-01-01 00:00:00,18,0.0,Short
99459,1900-01-01 00:00:00,1900-01-01 00:00:00,18,0.0,Short
99460,1900-01-01 00:00:00,1900-01-01 00:00:00,18,0.0,Short
99461,1900-01-01 00:00:00,1900-01-01 00:00:00,18,0.0,Short
99462,1900-01-01 00:00:00,1900-01-01 00:00:00,18,0.0,Short
99463,1900-01-01 00:00:00,1900-01-01 00:00:00,18,0.0,Short
99464,1900-01-01 00:00:00,1900-01-01 00:00:00,18,0.0,Short
99465,1900-01-01 00:00:00,1900-01-01 00:00:00,18,0.0,Short
99466,1900-01-01 00:00:00,1900-01-01 00:00:00,18,0.0,Short
99467,1900-01-01 00:00:00,1900-01-01 00:00:00,18,0.0,Short
99468,1900-01-01 00:00:00,1900-01-01 00:00:00,18,0.0,Short
99469,1900-01-01 00:00:00,1900-01-01 00:00:00,18,0.0,Short
99470,1900-01-01 00:00:00,1900-01-01 00:00:00,18,0.0,Short
99471,1900-01-01 00:00:00,1900-01-01 00:00:00,18,0.0,Short
99472,1900-01-01 00:00:00,1900-01-01 00:00:00,18,0.0,Short
99473,1900-01-01 00:00:00,1900-01-01 00:00:00,18,0.0,Short
99474,1900-01-01 00:00:00,1900-01-01 00:00:00,18,0.0,Short
99475,1900-01-01 00:00:00,1900-01-01 00:00:00,18,0.0,Short
99476,1900-01-01 00:00:00,1900-01-01 00:00:00,18,0.0,Short
99477,1900-01-01 00:00:00,1900-01-01 00:00:00,18,0.0,Short
99478,1900-01-01 00:00:00,1900-01-01 00:00:00,18,0.0,Short
99479,1900-01-01 00:00:00,1900-01-01 00:00:00,18,0.0,Short
99480,1900-01-01 00:00:00,1900-01-01 00:00:00,18,0.0,Short
99481,1900-01-01 00:00:00,1900-01-01 00:00:00,18,0.0,Short
99482,1900-01-01 00:00:00,1900-01-01 00:00:00,18,0.0,Short
99483,1900-01-01 00:00:00,1900-01-01 00:00:00,18,0.0,Short
99484,1900-01-01 00:00:00,1900-01-01 00:00:00,18,0.0,Short
99485,1900-01-01 00:00:00,1900-01-01 00:00:00,18,0.0,Short
99486,1900-01-01 00:00:00,1900-01-01 00:00:00,18,0.0,Short
99487,1900-01-01 00:00:00,1900-01-01 00:00:00,18,0.0,Short
99488,1900-01-01 00:00:00,1900-01-01 00:00:00,18,0.0,Short
99489,1900-01-01 00:00:00,1900-01-01 00:00:00,18,0.0,Short
99490,1900-01-01 00:00:00,1900-01-01 00:00:00,18,0.0,Short
99491,1900-01-01 00:00:00,1900-01-01 00:00:00,18,0.0,Short
99492,1900-01-01 00:00:00,1900-01-01 00:00:00,18,0.0,Short
99493,1900-01-01 00:00:00,1900-01-01 00:00:00,18,0.0,Short
99494,1900-01-01 00:00:00,1900-01-01 00:00:00,18,0.0,Short
99495,1900-01-01 00:00:00,1900-01-01 00:00:00,18,0.0,Short
99496,1900-01-01 00:00:00,1900-01-01 00:00:00,18,0.0,Short
99497,1900-01-01 00:00:00,1900-01-01 00:00:00,18,0.0,Short
99498,1900-01-01 00:00:00,1900-01-01 00:00:00,18,0.0,Short
99499,1900-01-01 00:00:00,1900-01-01 00:00:00,18,0.0,Short
99500,1900-01-01 00:00:00,1900-01-01 00:00:00,18,0.0,Short
99501,1900-01-01 00:00:00,1900-01-01 00:00:00,18,0.0,Short
99502,1900-01-01 00:00:00,1900-01-01 00:00:00,18,0.0,Short
99503,1900-01-01 00:00:00,1900-01-01 00:00:00,18,0.0,Short
99801,1900-01-01 05:20:00,1900-01-01 06:40:00,63,1.3333333333333333,Short
99802,1900-01-01 00:10:00,1900-01-01 01:50:00,63,1.6666666666666667,Short
99803,1900-01-01 06:30:00,1900-01-01 07:55:00,63,1.4166666666666667,Short
99804,1900-01-01 04:45:00,1900-01-01 06:05:00,63,1.3333333333333333,Short
99805,1900-01-01 07:25:00,1900-01-01 08:50:00,63,1.4166666666666667,Short
99806,1900-01-01 05:45:00,1900-01-01 07:10:00,63,1.4166666666666667,Short
99807,1900-01-01 08:20:00,1900-01-01 09:45:00,63,1.4166666666666667,Short
99808,1900-01-01 06:30:00,1900-01-01 07:55:00,63,1.4166666666666667,Short
99809,1900-01-01 10:10:00,1900-01-01 11:55:00,63,1.75,Short
99810,1900-01-01 08:05:00,1900-01-01 09:30:00,63,1.4166666666666667,Short
99811,1900-01-01 11:30:00,1900-01-01 12:55:00,63,1.4166666666666667,Short
99812,1900-01-01 09:55:00,1900-01-01 11:20:00,63,1.4166666666666667,Short
99813,1900-01-01 14:00:00,1900-01-01 15:25:00,63,1.4166666666666667,Short
99814,1900-01-01 11:20:00,1900-01-01 12:38:00,61,1.3,Short
99815,1900-01-01 14:50:00,1900-01-01 16:15:00,63,1.4166666666666667,Short
99816,1900-01-01 12:15:00,1900-01-01 13:45:00,63,1.5,Short
99817,1900-01-01 15:40:00,1900-01-01 17:05:00,63,1.4166666666666667,Short
99818,1900-01-01 13:00:00,1900-01-01 14:20:00,63,1.3333333333333333,Short
99819,1900-01-01 17:25:00,1900-01-01 18:50:00,63,1.4166666666666667,Short
99820,1900-01-01 15:00:00,1900-01-01 16:25:00,63,1.4166666666666667,Short
99821,1900-01-01 18:20:00,1900-01-01 19:45:00,63,1.4166666666666667,Short
99822,1900-01-01 16:25:00,1900-01-01 17:50:00,63,1.4166666666666667,Short
99823,1900-01-01 19:00:00,1900-01-01 20:25:00,61,1.4166666666666667,Short
99824,1900-01-01 17:15:00,1900-01-01 18:40:00,63,1.4166666666666667,Short
99825,1900-01-01 19:35:00,1900-01-01 20:55:00,63,1.3333333333333333,Short
99826,1900-01-01 18:02:00,1900-01-01 19:27:00,63,1.4166666666666667,Short
99827,1900-01-01 20:40:00,1900-01-01 22:00:00,63,1.3333333333333333,Short
99828,1900-01-01 19:05:00,1900-01-01 20:30:00,63,1.4166666666666667,Short
99829,1900-01-01 21:35:00,1900-01-01 22:55:00,63,1.3333333333333333,Short
99830,1900-01-01 20:05:00,1900-01-01 21:25:00,63,1.3333333333333333,Short
99831,1900-01-01 22:05:00,1900-01-01 23:25:00,63,1.3333333333333333,Short
99832,1900-01-01 20:35:00,1900-01-01 21:53:00,61,1.3,Short
99833,1900-01-01 22:35:00,1900-01-01 00:20:00,63,1.75,Short
99834,1900-01-01 21:02:00,1900-01-01 22:23:00,63,1.35,Short
99835,1900-01-01 23:40:00,1900-01-01 01:35:00,63,1.9166666666666679,Short
99836,1900-01-01 22:10:00,1900-01-01 23:30:00,63,1.3333333333333333,Short
99901,1900-01-01 00:05:00,1900-01-01 01:15:00,34,1.1666666666666667,Short
99902,1900-01-01 06:50:00,1900-01-01 07:40:00,34,0.8333333333333334,Short
99903,1900-01-01 07:50:00,1900-01-01 08:40:00,34,0.8333333333333334,Short
99904,1900-01-01 08:57:00,1900-01-01 09:47:00,34,0.8333333333333334,Short
99905,1900-01-01 09:57:00,1900-01-01 10:40:00,31,0.7166666666666667,Short
99906,1900-01-01 15:40:00,1900-01-01 16:30:00,34,0.8333333333333334,Short
99907,1900-01-01 16:38:00,1900-01-01 17:30:00,34,0.8666666666666667,Short
99908,1900-01-01 00:00:00,1900-01-01 00:00:00,34,0.0,Short
